{
"type": "FeatureCollection",
"name": "carreteras_norte",
"crs": { "type": "name", "properties": { "name": "urn:ogc:def:crs:OGC:1.3:CRS84" } },
"features": [
{ "type": "Feature", "properties": { "scalerank": 3, "featurecla": "Road", "type": "Major Highway", "sov_a3": null, "note": null, "edited": "New in version 2.0.0", "name": "70", "namealt": null, "namealtt": null, "routeraw": "E70 N634", "question": 0, "length_km": 54, "toll": 0, "ne_part": "ne_europe_basic", "label": "E70", "label2": "N634", "local": "N634", "localtype": null, "localalt": null, "labelrank": 6, "ignore": 0, "add": 0, "rwdb_rd_id": 0, "orig_fid": 0, "prefix": "E", "uident": 0, "continent": "Europe", "expressway": 1, "level": "E", "min_zoom": 3.0, "min_label": 6.0 }, "geometry": { "type": "LineString", "coordinates": [ [ -3.567519658300959, 43.399505552326801 ], [ -3.664278068532877, 43.376509989414579 ], [ -3.672653481889352, 43.37309157240125 ], [ -3.684727319113492, 43.36638307484948 ], [ -3.692688555664596, 43.360736269953733 ], [ -3.696398646484525, 43.357469523319836 ], [ -3.705503244357494, 43.346759261141543 ], [ -3.709003330036676, 43.343871690456218 ], [ -3.71375761308423, 43.341089122341273 ], [ -3.718281473824572, 43.338860734458862 ], [ -3.728221717153442, 43.335308147494487 ], [ -3.780679251270165, 43.325303735928166 ], [ -3.890145889255574, 43.319283588559976 ], [ -3.89413598692984, 43.319499427176858 ], [ -3.898016706926629, 43.320228611693352 ], [ -3.915552136179326, 43.325525408021178 ], [ -3.952587417772158, 43.341800806429376 ], [ -3.969901174931838, 43.346870097188052 ], [ -3.978778267235658, 43.348754309978673 ], [ -3.988495380102485, 43.350049341679977 ], [ -4.02300768326824, 43.349909338252807 ], [ -4.0379778413919, 43.348275964935851 ] ] } },
{ "type": "Feature", "properties": { "scalerank": 3, "featurecla": "Road", "type": "Major Highway", "sov_a3": null, "note": null, "edited": "New in version 2.0.0", "name": "70", "namealt": null, "namealtt": null, "routeraw": "E70 N634", "question": 0, "length_km": 30, "toll": 0, "ne_part": "ne_europe_basic", "label": "E70", "label2": "N634", "local": "N634", "localtype": null, "localalt": null, "labelrank": 7, "ignore": 0, "add": 0, "rwdb_rd_id": 0, "orig_fid": 0, "prefix": "E", "uident": 0, "continent": "Europe", "expressway": 1, "level": "E", "min_zoom": 3.0, "min_label": 6.0 }, "geometry": { "type": "LineString", "coordinates": [ [ -7.264210983557359, 43.541509861807285 ], [ -7.271428451901638, 43.541235688429083 ], [ -7.276365031078313, 43.538213947792727 ], [ -7.279573442950898, 43.533033820987541 ], [ -7.284773986922549, 43.515743397732386 ], [ -7.287308632301887, 43.511064949874552 ], [ -7.290904970337245, 43.506765677965291 ], [ -7.332653700644705, 43.466503025702451 ], [ -7.339041357009211, 43.46191791346272 ], [ -7.345999235665616, 43.458441161688071 ], [ -7.353667340041088, 43.456393611565744 ], [ -7.383224105232735, 43.451610161137538 ], [ -7.392532874770321, 43.448565086596645 ], [ -7.40055390445178, 43.445164170011708 ], [ -7.407997419996168, 43.44135491009753 ], [ -7.414558622275599, 43.436408122337625 ], [ -7.419934170531207, 43.42959462221549 ], [ -7.420524809989569, 43.425756194920652 ], [ -7.418634763722814, 43.422139439718833 ], [ -7.415599897765155, 43.419001029559837 ], [ -7.412737119353391, 43.416574303488936 ], [ -7.410632692838785, 43.413750901041062 ], [ -7.409449955553029, 43.410040810221133 ], [ -7.409238492043244, 43.406085713403655 ], [ -7.410056637070753, 43.402527292963157 ], [ -7.411818346862606, 43.398828869095489 ], [ -7.413941732174646, 43.395328783416304 ], [ -7.416488044506249, 43.392114538067588 ], [ -7.419527285571004, 43.389296969095852 ], [ -7.423200917165111, 43.387103582070232 ], [ -7.427386436289797, 43.385505209610074 ], [ -7.467350122900875, 43.374001594677836 ] ] } },
{ "type": "Feature", "properties": { "scalerank": 3, "featurecla": "Road", "type": "Major Highway", "sov_a3": null, "note": null, "edited": "New in version 2.0.0", "name": "70", "namealt": null, "namealtt": null, "routeraw": "E70 N634", "question": 0, "length_km": 14, "toll": 0, "ne_part": "ne_europe_basic", "label": "E70", "label2": "N634", "local": "N634", "localtype": null, "localalt": null, "labelrank": 7, "ignore": 0, "add": 0, "rwdb_rd_id": 0, "orig_fid": 0, "prefix": "E", "uident": 0, "continent": "Europe", "expressway": 1, "level": "E", "min_zoom": 3.0, "min_label": 6.0 }, "geometry": { "type": "LineString", "coordinates": [ [ -7.593528211635338, 43.338662396270372 ], [ -7.640821661006235, 43.327234616527846 ], [ -7.655726192523414, 43.321249470016447 ], [ -7.684391894235901, 43.30569158917249 ], [ -7.697940142552397, 43.296783871118976 ], [ -7.710938585743456, 43.286779459552648 ] ] } },
{ "type": "Feature", "properties": { "scalerank": 3, "featurecla": "Road", "type": "Major Highway", "sov_a3": null, "note": null, "edited": "New in version 2.0.0", "name": "1", "namealt": "E80", "namealtt": null, "routeraw": "E1 E80 A1", "question": 0, "length_km": 107, "toll": 0, "ne_part": "ne_europe_basic", "label": "E1", "label2": "E80", "local": "A1", "localtype": null, "localalt": null, "labelrank": 4, "ignore": 0, "add": 0, "rwdb_rd_id": 0, "orig_fid": 0, "prefix": "E", "uident": 0, "continent": "Europe", "expressway": 1, "level": "E", "min_zoom": 3.0, "min_label": 6.0 }, "geometry": { "type": "LineString", "coordinates": [ [ -8.654029380153526, 39.941490903009857 ], [ -8.658289276098897, 39.940061701357536 ], [ -8.661502063078578, 39.936217440586539 ], [ -8.663820869841034, 39.931433990158339 ], [ -8.667780341765608, 39.919627034467226 ], [ -8.678645191061397, 39.87401508459137 ], [ -8.682680498175687, 39.863497327125451 ], [ -8.69348409597209, 39.845034375167764 ], [ -8.695460186011795, 39.840653434592653 ], [ -8.696688132737574, 39.835916651973491 ], [ -8.696946264056415, 39.831092367212364 ], [ -8.696120827183741, 39.821472965070747 ], [ -8.696084367957916, 39.816654513785728 ], [ -8.698274838245469, 39.807968467825255 ], [ -8.702741822593524, 39.799603263052006 ], [ -8.72528820784358, 39.767851652465708 ], [ -8.729784359572294, 39.759013936125754 ], [ -8.732104624703783, 39.749184528843401 ], [ -8.731502318293158, 39.745206098121407 ], [ -8.72951456130119, 39.74083099102242 ], [ -8.726788869578527, 39.736817559443629 ], [ -8.723972758975821, 39.733941655710574 ], [ -8.69247927970836, 39.712637800876621 ], [ -8.685514109206791, 39.705923469848742 ], [ -8.680479819304901, 39.697056586128134 ], [ -8.677519330167929, 39.687273846654818 ], [ -8.675715327674117, 39.677426938944073 ], [ -8.673864657371251, 39.648732069850922 ], [ -8.67513198006092, 39.624651480378162 ], [ -8.674173831606245, 39.615084579521728 ], [ -8.67369840330149, 39.612844524687056 ], [ -8.672843799048156, 39.610820308469251 ], [ -8.666912612190977, 39.600897565568765 ], [ -8.66296043211157, 39.592952371077025 ], [ -8.66048995496968, 39.584645501065133 ], [ -8.659693685477668, 39.576058624198872 ], [ -8.660777253669181, 39.567255908715723 ], [ -8.66295605700447, 39.560051565692731 ], [ -8.671313969932548, 39.539080218998301 ], [ -8.673339644519373, 39.530785015938648 ], [ -8.673922992132569, 39.522478145926748 ], [ -8.672998386165654, 39.514200443295472 ], [ -8.67050603348827, 39.506021909758438 ], [ -8.662407710248065, 39.491449886380799 ], [ -8.642985151466679, 39.464417557985271 ], [ -8.636514368067294, 39.449128017043385 ], [ -8.633677840298125, 39.428174170777346 ], [ -8.635013706332344, 39.406502806947096 ], [ -8.640033412543904, 39.3853214551119 ], [ -8.648258613889977, 39.365843478307269 ], [ -8.658666993678441, 39.349299739996994 ], [ -8.670946460936234, 39.334091867720971 ], [ -8.763154759785216, 39.239898728618073 ], [ -8.797196009753314, 39.212539725559161 ], [ -8.891011431276652, 39.155103319563807 ], [ -8.917406452404775, 39.135934516994155 ], [ -8.929365078475309, 39.124699241963981 ], [ -8.939360739827436, 39.112028931805341 ], [ -8.949248481871122, 39.088945866751153 ], [ -8.956248653229482, 39.064579436947916 ], [ -8.967098918834942, 39.04332224992303 ], [ -8.988544235465088, 39.029537745823205 ] ] } },
{ "type": "Feature", "properties": { "scalerank": 3, "featurecla": "Road", "type": "Major Highway", "sov_a3": null, "note": null, "edited": "New in version 2.0.0", "name": "1", "namealt": "E80", "namealtt": null, "routeraw": "E1 E80 A8", "question": 0, "length_km": 28, "toll": 0, "ne_part": "ne_europe_basic", "label": "E1", "label2": "E80", "local": "A8", "localtype": null, "localalt": null, "labelrank": 7, "ignore": 0, "add": 0, "rwdb_rd_id": 0, "orig_fid": 0, "prefix": "E", "uident": 0, "continent": "Europe", "expressway": 1, "level": "E", "min_zoom": 3.0, "min_label": 6.0 }, "geometry": { "type": "LineString", "coordinates": [ [ -8.981522188571233, 39.030430267671392 ], [ -9.003845443359241, 38.997885304331142 ], [ -9.009657043955713, 38.987612552862743 ], [ -9.08031794034224, 38.906223893869537 ], [ -9.124573607017414, 38.833737119453701 ], [ -9.127319715906538, 38.827285294851748 ], [ -9.129033299520303, 38.820775135488468 ], [ -9.135263452029244, 38.781889183592767 ] ] } },
{ "type": "Feature", "properties": { "scalerank": 4, "featurecla": "Road", "type": "Major Highway", "sov_a3": null, "note": null, "edited": "New in version 2.0.0", "name": "82", "namealt": null, "namealtt": null, "routeraw": "E82 A52", "question": 0, "length_km": 60, "toll": 0, "ne_part": "ne_europe_basic", "label": "E82", "label2": "A52", "local": "A52", "localtype": null, "localalt": null, "labelrank": 6, "ignore": 0, "add": 0, "rwdb_rd_id": 0, "orig_fid": 0, "prefix": "E", "uident": 0, "continent": "Europe", "expressway": 1, "level": "E", "min_zoom": 4.0, "min_label": 7.0 }, "geometry": { "type": "LineString", "coordinates": [ [ -8.588326938479174, 41.170032643354546 ], [ -8.473594129915631, 41.192567361652337 ], [ -8.463394296898885, 41.19334321397789 ], [ -8.453222172893765, 41.19317404317006 ], [ -8.4431054669119, 41.191593171138294 ], [ -8.433153556630764, 41.1890206081641 ], [ -8.428905327637658, 41.18718306318253 ], [ -8.424979398200843, 41.184464663305036 ], [ -8.414581226995612, 41.175119434541621 ], [ -8.410726757641413, 41.172611039804877 ], [ -8.406520821350265, 41.17070932658585 ], [ -8.402013002669285, 41.169554298311724 ], [ -8.39140336795427, 41.168387603085336 ], [ -8.370744112232906, 41.168527606512498 ], [ -8.360083434601735, 41.169355960123241 ], [ -8.340987550483739, 41.172611039804877 ], [ -8.250252204358077, 41.205546846045962 ], [ -8.240497173896394, 41.207950238212334 ], [ -8.209989552095236, 41.210680305042096 ], [ -8.190365738387296, 41.214151223340622 ], [ -8.171269854269299, 41.220556380133516 ], [ -8.134434369233988, 41.236668441210014 ], [ -8.117352492750554, 41.242227743963781 ], [ -8.099728102986846, 41.245191149838817 ], [ -8.063868266834607, 41.247647043290378 ] ] } },
{ "type": "Feature", "properties": { "scalerank": 3, "featurecla": "Road", "type": "Major Highway", "sov_a3": null, "note": null, "edited": "New in version 2.0.0", "name": "1", "namealt": null, "namealtt": null, "routeraw": "E1 A3", "question": 0, "length_km": 101, "toll": 0, "ne_part": "ne_europe_basic", "label": "E1", "label2": "A3", "local": "A3", "localtype": null, "localalt": null, "labelrank": 6, "ignore": 0, "add": 0, "rwdb_rd_id": 0, "orig_fid": 0, "prefix": "E", "uident": 0, "continent": "Europe", "expressway": 1, "level": "E", "min_zoom": 3.0, "min_label": 6.0 }, "geometry": { "type": "LineString", "coordinates": [ [ -8.646073977078556, 42.153673388726958 ], [ -8.63661062042347, 42.141644760942839 ], [ -8.630431510830684, 42.12776692122489 ], [ -8.626894965925679, 42.112821555374786 ], [ -8.625356386595872, 42.097607849622619 ], [ -8.625244092180331, 42.078660719145986 ], [ -8.639919659759329, 41.945587461623532 ], [ -8.639627985952732, 41.931231276862761 ], [ -8.638044197182902, 41.91731260281189 ], [ -8.632078009468932, 41.889644425517965 ], [ -8.629018351237715, 41.880655038798601 ], [ -8.625318469001014, 41.871881490696126 ], [ -8.622674445944201, 41.868159732923928 ], [ -8.618821434959035, 41.865371331332845 ], [ -8.610332268817988, 41.861182895470094 ], [ -8.602102692364815, 41.85619527337726 ], [ -8.594485630905499, 41.850320962912363 ], [ -8.580784253840539, 41.836828132619125 ], [ -8.569318556503156, 41.822139439718832 ], [ -8.559686029040245, 41.805916542595824 ], [ -8.551829795059517, 41.788713621482657 ], [ -8.531985767627596, 41.717539379196516 ], [ -8.521988647906435, 41.691597910837658 ], [ -8.51954442140714, 41.683238539540547 ], [ -8.518879405128096, 41.674604994865234 ], [ -8.520476319219222, 41.666257290520392 ], [ -8.524806216878176, 41.658772940643075 ], [ -8.531094704148437, 41.65141109376453 ], [ -8.536169828383249, 41.643920910411083 ], [ -8.538583429132851, 41.635666541684344 ], [ -8.536897554530713, 41.626023805638205 ], [ -8.530356769417743, 41.611078439788102 ], [ -8.529216324833943, 41.606049983362347 ], [ -8.529443830403091, 41.590999614941872 ], [ -8.52875110511242, 41.585971158516116 ], [ -8.525571860620497, 41.578259303069657 ], [ -8.520511320076015, 41.570984958333085 ], [ -8.514364294601954, 41.564492299398211 ], [ -8.455389309276791, 41.518973685140466 ], [ -8.449322494099546, 41.512877702582557 ], [ -8.443805484047736, 41.506227539792114 ], [ -8.439535379519135, 41.498859859437438 ], [ -8.436665309262208, 41.489905473574865 ], [ -8.436448012276292, 41.480828584713528 ], [ -8.440139144298795, 41.47309339536254 ], [ -8.453957190886394, 41.458387202033848 ], [ -8.460232552835357, 41.450517842731827 ], [ -8.465319344022435, 41.441855130675847 ], [ -8.468759636571262, 41.433723264947886 ], [ -8.473890178829327, 41.416788683736783 ], [ -8.480732846332126, 41.376660201424983 ], [ -8.483438120888326, 41.366504119479217 ], [ -8.486809870092603, 41.357240559381658 ], [ -8.490874344587551, 41.348414509993987 ], [ -8.495832799299725, 41.340066805649144 ], [ -8.501890864262773, 41.332255781108444 ], [ -8.54540713783822, 41.290272253386668 ], [ -8.550873104973874, 41.283563755834905 ], [ -8.554902578612031, 41.276131907242778 ], [ -8.558016196497469, 41.265876656202778 ], [ -8.55964519470732, 41.255679739924098 ], [ -8.561713161996103, 41.225824009080682 ], [ -8.563671751607412, 41.21759880773461 ], [ -8.566718284517332, 41.209700281051923 ], [ -8.593778321924496, 41.164969186072 ] ] } },
{ "type": "Feature", "properties": { "scalerank": 3, "featurecla": "Road", "type": "Major Highway", "sov_a3": null, "note": null, "edited": "New in version 2.0.0", "name": "1", "namealt": null, "namealtt": null, "routeraw": "E1", "question": 0, "length_km": 51, "toll": 0, "ne_part": "ne_europe_basic", "label": "E1", "label2": null, "local": null, "localtype": null, "localalt": null, "labelrank": 6, "ignore": 0, "add": 0, "rwdb_rd_id": 0, "orig_fid": 0, "prefix": "E", "uident": 0, "continent": "Europe", "expressway": 1, "level": "E", "min_zoom": 3.0, "min_label": 6.0 }, "geometry": { "type": "LineString", "coordinates": [ [ -8.593778321924496, 41.164969186072 ], [ -8.610463522030958, 41.140001908227177 ], [ -8.612298150274462, 41.136478488643462 ], [ -8.616206579282881, 41.123026492683152 ], [ -8.616826386121902, 41.117945534972208 ], [ -8.616085534653141, 41.113086249354275 ], [ -8.613839646342335, 41.108565305352002 ], [ -8.610901032740855, 41.105771070284788 ], [ -8.607074272398284, 41.104178531300761 ], [ -8.592225158904361, 41.101355128852887 ], [ -8.582688883797626, 41.098525892928883 ], [ -8.539627621360474, 41.078791243174436 ], [ -8.535551479913261, 41.076148678486661 ], [ -8.533223922936605, 41.072800263186906 ], [ -8.527773997860315, 41.052593101865767 ], [ -8.525892701807754, 41.042442853396146 ], [ -8.525092057208642, 41.031936762882474 ], [ -8.525812491510941, 41.027678325306134 ], [ -8.529458414093421, 41.019878967717695 ], [ -8.530753445794717, 41.015748866616264 ], [ -8.531592007988687, 41.00673031251624 ], [ -8.531374711002771, 40.997665090607157 ], [ -8.529338827832715, 40.978297949849029 ], [ -8.518191054944523, 40.917157286509877 ], [ -8.517941673839882, 40.913336359643438 ], [ -8.518039384565093, 40.909217925494261 ], [ -8.518634399130553, 40.905192826963209 ], [ -8.519890054867959, 40.90165774042724 ], [ -8.524263703597903, 40.892289177759295 ], [ -8.525895618545821, 40.887616563377591 ], [ -8.527224192734876, 40.882459770476927 ], [ -8.528669436446572, 40.87337704813946 ], [ -8.529252784059768, 40.854908262705649 ], [ -8.526023955020724, 40.808310455363483 ], [ -8.522520952603477, 40.78991167164326 ], [ -8.516486221544957, 40.772300407200845 ], [ -8.495064238819339, 40.721881672992254 ], [ -8.490851010683024, 40.709182195452954 ], [ -8.48770968378596, 40.696226044963858 ], [ -8.48756384688266, 40.690170896738877 ], [ -8.488774293180043, 40.684244084988791 ], [ -8.49274543205688, 40.672693802247494 ] ] } },
{ "type": "Feature", "properties": { "scalerank": 3, "featurecla": "Road", "type": "Major Highway", "sov_a3": null, "note": null, "edited": "New in version 2.0.0", "name": "1", "namealt": "E80", "namealtt": null, "routeraw": "E1 E80", "question": 0, "length_km": 77, "toll": 0, "ne_part": "ne_europe_basic", "label": "E1", "label2": "E80", "local": null, "localtype": null, "localalt": null, "labelrank": 6, "ignore": 0, "add": 0, "rwdb_rd_id": 0, "orig_fid": 0, "prefix": "E", "uident": 0, "continent": "Europe", "expressway": 1, "level": "E", "min_zoom": 3.0, "min_label": 6.0 }, "geometry": { "type": "LineString", "coordinates": [ [ -8.49274543205688, 40.672693802247494 ], [ -8.509812724849985, 40.624071778687551 ], [ -8.519277539874103, 40.605988002678444 ], [ -8.522262821284638, 40.601974571099653 ], [ -8.535480019830644, 40.588020896191985 ], [ -8.541169117428346, 40.579947365225337 ], [ -8.544131064934351, 40.571220484931914 ], [ -8.544616701822338, 40.565707849987206 ], [ -8.544680870059791, 40.560638559228529 ], [ -8.543595843499244, 40.550079967429667 ], [ -8.542532692474193, 40.545535689522865 ], [ -8.5373788163116, 40.532433702130461 ], [ -8.528296093974125, 40.515924964676998 ], [ -8.507208077757062, 40.484249189280405 ], [ -8.501815029073057, 40.466194580651973 ], [ -8.500560831704684, 40.455921829183573 ], [ -8.499405803430555, 40.450951707519138 ], [ -8.497542007806391, 40.446039920616016 ], [ -8.495514874850532, 40.442207326797316 ], [ -8.490575378935789, 40.43486298034717 ], [ -8.477187551212923, 40.419235097789624 ], [ -8.474410816574105, 40.414830823309991 ], [ -8.472392433832445, 40.410269044974797 ], [ -8.470982190977542, 40.405788935305438 ], [ -8.470105711188713, 40.401174655685054 ], [ -8.469685700907212, 40.396210367496749 ], [ -8.470053209903526, 40.38650346321316 ], [ -8.473563504165938, 40.357417751219167 ], [ -8.472697232960341, 40.339975657584581 ], [ -8.462361771623526, 40.284825974232959 ], [ -8.462208642875062, 40.280870877415481 ], [ -8.463144915794244, 40.271385645224903 ], [ -8.465393720843117, 40.262168752936397 ], [ -8.468729010821569, 40.253266868359013 ], [ -8.476726706598496, 40.235836441676696 ], [ -8.478834049851171, 40.226712885006293 ], [ -8.480155332195061, 40.207637418054759 ], [ -8.478864675600864, 40.166820585559378 ], [ -8.477228385545846, 40.152604404225777 ], [ -8.477314429318794, 40.138090715609437 ], [ -8.477797149468714, 40.133178928706322 ], [ -8.479144682455198, 40.128622983847251 ], [ -8.481925792201114, 40.124137040701768 ], [ -8.485516296760339, 40.120543619404479 ], [ -8.501374601625095, 40.107844141865186 ], [ -8.508135600462044, 40.100861470935222 ], [ -8.512806756474719, 40.093231284154612 ], [ -8.517975216327642, 40.075480016285027 ], [ -8.521348423900951, 40.067143978892446 ], [ -8.526060414246549, 40.059105448782596 ], [ -8.528651936018175, 40.055401191438797 ], [ -8.586476268176307, 39.991262121367811 ], [ -8.60108620914882, 39.978615145113707 ], [ -8.644762903317895, 39.949132756742742 ], [ -8.6568484074943, 39.938935840464055 ] ] } },
{ "type": "Feature", "properties": { "scalerank": 3, "featurecla": "Road", "type": "Major Highway", "sov_a3": null, "note": null, "edited": "New in version 2.0.0", "name": null, "namealt": null, "namealtt": null, "routeraw": "_untitled_131", "question": 0, "length_km": 24, "toll": 0, "ne_part": "ne_europe_basic", "label": null, "label2": null, "local": null, "localtype": null, "localalt": null, "labelrank": 6, "ignore": 0, "add": 0, "rwdb_rd_id": 0, "orig_fid": 0, "prefix": null, "uident": 0, "continent": "Europe", "expressway": 1, "level": null, "min_zoom": 3.0, "min_label": 6.0 }, "geometry": { "type": "LineString", "coordinates": [ [ -3.665370386938591, 40.495064454029077 ], [ -3.645562818732493, 40.494936117554175 ], [ -3.636198631171652, 40.496738661678954 ], [ -3.627470292509194, 40.501399609108397 ], [ -3.623720825725371, 40.504759691360405 ], [ -3.600350461971676, 40.530193647295789 ], [ -3.592774234845283, 40.536044623856156 ], [ -3.584448406035932, 40.539760548152216 ], [ -3.575550896565648, 40.540973911187663 ], [ -3.566262544194522, 40.539293870061655 ], [ -3.561972022499461, 40.537316321652924 ], [ -3.549745056526856, 40.529067786402322 ], [ -3.526505945986127, 40.517161661616967 ], [ -3.522421054324717, 40.514379093502022 ], [ -3.518967636454594, 40.510954843012556 ], [ -3.516358614254571, 40.506591402865851 ], [ -3.515970688091794, 40.501317940442547 ], [ -3.517833025346924, 40.495239458313037 ], [ -3.522845439713318, 40.484505862230215 ], [ -3.52426443278242, 40.480189089892562 ], [ -3.526004267038779, 40.472920578632127 ], [ -3.526965332231519, 40.471158868840277 ], [ -3.528493702978096, 40.469747167616333 ], [ -3.535356787647356, 40.464672043381526 ], [ -3.537038287142398, 40.462816997971558 ], [ -3.538610408959961, 40.460343604091605 ], [ -3.539619600330791, 40.457940211925234 ], [ -3.540121279278143, 40.455560153663392 ], [ -3.540469829477026, 40.450438361619526 ] ] } },
{ "type": "Feature", "properties": { "scalerank": 3, "featurecla": "Road", "type": "Major Highway", "sov_a3": null, "note": null, "edited": "New in version 2.0.0", "name": null, "namealt": null, "namealtt": null, "routeraw": "M50", "question": 0, "length_km": 18, "toll": 0, "ne_part": "ne_europe_basic", "label": "M50", "label2": null, "local": "M50", "localtype": null, "localalt": null, "labelrank": 6, "ignore": 0, "add": 0, "rwdb_rd_id": 0, "orig_fid": 0, "prefix": null, "uident": 0, "continent": "Europe", "expressway": 1, "level": null, "min_zoom": 3.0, "min_label": 6.0 }, "geometry": { "type": "LineString", "coordinates": [ [ -3.88204319090827, 40.337793937511222 ], [ -3.882646955687928, 40.358870286776025 ], [ -3.883293013169546, 40.363391230778305 ], [ -3.884773257738029, 40.367521331879729 ], [ -3.88922274165769, 40.375262354706855 ], [ -3.892025726939099, 40.378733273005381 ], [ -3.901987845803468, 40.38820683824369 ], [ -3.908324459251819, 40.396537042160141 ], [ -3.913774384328107, 40.405433093261394 ], [ -3.916444658027515, 40.414544982979521 ], [ -3.916094649459598, 40.424030215170106 ], [ -3.912617897684946, 40.442761507029857 ], [ -3.912591647042351, 40.453028425022119 ], [ -3.914522527642035, 40.462904500113538 ], [ -3.922394803682124, 40.486996756538566 ], [ -3.923112321246357, 40.492299386342523 ], [ -3.922843981344286, 40.49756701528969 ], [ -3.921210608027334, 40.502239629671394 ], [ -3.917704688872021, 40.507501425142436 ], [ -3.913840010934592, 40.511876532241409 ], [ -3.909415319288495, 40.515703292583979 ], [ -3.90421185857878, 40.519308380833536 ] ] } },
{ "type": "Feature", "properties": { "scalerank": 4, "featurecla": "Road", "type": "Major Highway", "sov_a3": null, "note": null, "edited": "New in version 2.0.0", "name": null, "namealt": null, "namealtt": null, "routeraw": "A61", "question": 0, "length_km": 52, "toll": 0, "ne_part": "ne_europe_basic", "label": "A61", "label2": null, "local": "A61", "localtype": null, "localalt": null, "labelrank": 6, "ignore": 0, "add": 0, "rwdb_rd_id": 0, "orig_fid": 0, "prefix": null, "uident": 0, "continent": "Europe", "expressway": 1, "level": null, "min_zoom": 4.0, "min_label": 7.0 }, "geometry": { "type": "LineString", "coordinates": [ [ -3.832864070377717, 40.461043621227446 ], [ -3.852546218846975, 40.460594443565284 ], [ -3.862213747166678, 40.461288627224988 ], [ -3.871907526128975, 40.463283676062119 ], [ -3.875582616092114, 40.465033718901708 ], [ -3.879307290602377, 40.467868788301843 ], [ -3.882626538521468, 40.471211370125459 ], [ -3.885083890342059, 40.474478116759364 ], [ -3.889069612909225, 40.481425786832538 ], [ -3.90444519762406, 40.51781501094375 ], [ -3.912359766366105, 40.531372009474445 ], [ -3.918355121460735, 40.539643878629576 ], [ -3.921881457782511, 40.543563974590256 ], [ -3.93763476007689, 40.55716180745388 ], [ -3.940888381389495, 40.559524365287324 ], [ -3.944363674795113, 40.561647750599363 ], [ -3.947997930425331, 40.563473628628664 ], [ -3.960897204522144, 40.567936237869617 ], [ -3.965257727930791, 40.570059623181656 ], [ -3.968849690859049, 40.573110531198679 ], [ -3.985766771641757, 40.597786135236902 ], [ -3.992010049471993, 40.60554465849242 ], [ -4.007538762935294, 40.617199943804088 ], [ -4.025657539801184, 40.623657601882172 ], [ -4.083846464217565, 40.631036949189117 ], [ -4.093330238039112, 40.633014497597856 ], [ -4.102882555205209, 40.635861233950251 ], [ -4.111632769403158, 40.63990966638584 ], [ -4.119605672906527, 40.645282297903378 ], [ -4.155124250705047, 40.675558039028296 ], [ -4.172217794140746, 40.685795789639897 ], [ -4.209152448270299, 40.703517890128815 ], [ -4.215869696036261, 40.707752993800625 ], [ -4.225664102461835, 40.721111654142831 ], [ -4.231118402645222, 40.722546689271297 ] ] } },
{ "type": "Feature", "properties": { "scalerank": 3, "featurecla": "Road", "type": "Major Highway", "sov_a3": null, "note": null, "edited": "New in version 2.0.0", "name": "70", "namealt": null, "namealtt": null, "routeraw": "E70 A6", "question": 0, "length_km": 55, "toll": 0, "ne_part": "ne_europe_basic", "label": "E70", "label2": "A6", "local": "A6", "localtype": null, "localalt": null, "labelrank": 7, "ignore": 0, "add": 0, "rwdb_rd_id": 0, "orig_fid": 0, "prefix": "E", "uident": 0, "continent": "Europe", "expressway": 1, "level": "E", "min_zoom": 3.0, "min_label": 6.0 }, "geometry": { "type": "LineString", "coordinates": [ [ -7.773945961444841, 43.206995006495731 ], [ -8.002351344284941, 43.213662669714566 ], [ -8.019246549532152, 43.216766079016772 ], [ -8.034697969436701, 43.223229570570993 ], [ -8.043855068594858, 43.228223026139958 ], [ -8.109424798687209, 43.252239447375274 ], [ -8.128840065623432, 43.256188710716614 ], [ -8.148443462164909, 43.257612078892812 ], [ -8.19218140783337, 43.25718623513518 ], [ -8.196000876330777, 43.257909586175543 ], [ -8.199241372322085, 43.259677129443531 ], [ -8.201688515559445, 43.262908875220639 ], [ -8.206065081027454, 43.271909928892264 ], [ -8.209274951269069, 43.275386680666912 ], [ -8.214005900412095, 43.277189224791698 ], [ -8.218060166323813, 43.27737589602792 ], [ -8.222236935234303, 43.27703755441226 ], [ -8.258324276955689, 43.267983999455453 ] ] } },
{ "type": "Feature", "properties": { "scalerank": 3, "featurecla": "Road", "type": "Major Highway", "sov_a3": null, "note": null, "edited": "New in version 2.0.0", "name": null, "namealt": null, "namealtt": null, "routeraw": "_untitled_131", "question": 0, "length_km": 47, "toll": 0, "ne_part": "ne_europe_basic", "label": null, "label2": null, "local": null, "localtype": null, "localalt": null, "labelrank": 6, "ignore": 0, "add": 0, "rwdb_rd_id": 0, "orig_fid": 0, "prefix": null, "uident": 0, "continent": "Europe", "expressway": 1, "level": null, "min_zoom": 3.0, "min_label": 6.0 }, "geometry": { "type": "LineString", "coordinates": [ [ -3.540469829477026, 40.450438361619526 ], [ -3.538412070771475, 40.431561232856481 ], [ -3.538748954018097, 40.421976831571655 ], [ -3.54146152041946, 40.41315078218399 ], [ -3.546412683286469, 40.40459307269839 ], [ -3.560010516150086, 40.387576822821444 ], [ -3.561104292924828, 40.385791779125057 ], [ -3.561837852548425, 40.383750062478867 ], [ -3.562925795847036, 40.379544126187724 ], [ -3.563539769209925, 40.374929846567333 ], [ -3.563376431878233, 40.365333778330246 ], [ -3.56458541980658, 40.360871169089293 ], [ -3.567437989635113, 40.356764401892384 ], [ -3.571040161146605, 40.353719327351499 ], [ -3.579650371917388, 40.349017545589135 ], [ -3.587602858254293, 40.345529126862218 ], [ -3.610617379963941, 40.338272282554044 ], [ -3.615212700786898, 40.336283067193051 ], [ -3.651012743808785, 40.314483366887885 ], [ -3.683073528630079, 40.287439371540081 ], [ -3.695765714324207, 40.278339148774208 ], [ -3.700315825707143, 40.276612439839148 ], [ -3.705189695015402, 40.276530771173299 ], [ -3.773881793207387, 40.285158482372481 ], [ -3.860993092286066, 40.311041615970026 ], [ -3.864605472380784, 40.312779991857347 ], [ -3.868165351190317, 40.314950044978438 ], [ -3.871392721860328, 40.317540108381039 ], [ -3.87399591058422, 40.320538515112865 ], [ -3.876654517331364, 40.324756118356277 ], [ -3.878728318096279, 40.328810384267996 ], [ -3.88204319090827, 40.337793937511222 ] ] } },
{ "type": "Feature", "properties": { "scalerank": 4, "featurecla": "Road", "type": "Major Highway", "sov_a3": null, "note": null, "edited": "New in version 2.0.0", "name": "82", "namealt": null, "namealtt": null, "routeraw": "E82 A11", "question": 0, "length_km": 82, "toll": 0, "ne_part": "ne_europe_basic", "label": "E82", "label2": "A11", "local": "A11", "localtype": null, "localalt": null, "labelrank": 7, "ignore": 0, "add": 0, "rwdb_rd_id": 0, "orig_fid": 0, "prefix": "E", "uident": 0, "continent": "Europe", "expressway": 1, "level": "E", "min_zoom": 4.0, "min_label": 7.0 }, "geometry": { "type": "LineString", "coordinates": [ [ -5.735099385513035, 41.498877359865837 ], [ -5.725415815133967, 41.498404848299145 ], [ -5.716271841297107, 41.499495708335829 ], [ -5.70764558846696, 41.502494115067655 ], [ -5.699507889262865, 41.507755910538691 ], [ -5.696039887702408, 41.510894320697687 ], [ -5.690050366083913, 41.517661153010771 ], [ -5.678167575203094, 41.533306535996708 ], [ -5.674626655190988, 41.536520781345423 ], [ -5.665796230696223, 41.541403400867878 ], [ -5.656233704946896, 41.544600145788195 ], [ -5.6275898787699, 41.551232808150246 ], [ -5.618510073170491, 41.552644509374183 ], [ -5.60937047444073, 41.553251190891906 ], [ -5.600430672268491, 41.552837014086535 ], [ -5.54133026720649, 41.541776743340328 ], [ -5.533086107062989, 41.541741742483538 ], [ -5.525709676494113, 41.544220969839621 ], [ -5.498375465708747, 41.561085549337136 ], [ -5.488732729662605, 41.565565659006495 ], [ -5.484450958181739, 41.567047361944013 ], [ -5.479877512894276, 41.56800405202965 ], [ -5.475282192071319, 41.567980718125128 ], [ -5.470936252353003, 41.566516515616001 ], [ -5.438659628914824, 41.549010253743965 ], [ -5.431745501329409, 41.546723531100234 ], [ -5.424735121387819, 41.5458776770611 ], [ -5.292638971117473, 41.547324379141827 ], [ -5.284610649590853, 41.545510168064787 ], [ -5.277406306567872, 41.541111727061278 ], [ -5.270483428768259, 41.53602493587421 ], [ -5.263280544114313, 41.532104839913529 ], [ -5.253578014937816, 41.529503109558668 ], [ -5.016537629053371, 41.492297198788975 ] ] } },
{ "type": "Feature", "properties": { "scalerank": 4, "featurecla": "Road", "type": "Major Highway", "sov_a3": null, "note": null, "edited": "New in version 2.0.0", "name": null, "namealt": null, "namealtt": null, "routeraw": "A6", "question": 0, "length_km": 46, "toll": 0, "ne_part": "ne_europe_basic", "label": "A6", "label2": null, "local": "A6", "localtype": null, "localalt": null, "labelrank": 5, "ignore": 0, "add": 0, "rwdb_rd_id": 0, "orig_fid": 0, "prefix": null, "uident": 0, "continent": "Europe", "expressway": 1, "level": null, "min_zoom": 4.0, "min_label": 7.0 }, "geometry": { "type": "LineString", "coordinates": [ [ -4.231118402645222, 40.722546689271297 ], [ -4.311324324352682, 40.725265089148785 ], [ -4.321242692146061, 40.726676790372728 ], [ -4.440398733986669, 40.753277441534493 ], [ -4.456205995935267, 40.759285921950429 ], [ -4.472691399484209, 40.767481955915848 ], [ -4.504728850400976, 40.789100818460909 ], [ -4.562936733614784, 40.840184568948565 ], [ -4.573874501362223, 40.852329866255324 ], [ -4.578369194721905, 40.858326679718971 ], [ -4.582228039183203, 40.864825172129997 ], [ -4.585277488831188, 40.871708673965713 ], [ -4.587338164274804, 40.878901350036429 ], [ -4.588736740177445, 40.886018190917426 ], [ -4.589156750458947, 40.889529943548879 ], [ -4.588501942763134, 40.911936325371762 ] ] } },
{ "type": "Feature", "properties": { "scalerank": 4, "featurecla": "Road", "type": "Major Highway", "sov_a3": null, "note": null, "edited": "New in version 2.0.0", "name": null, "namealt": null, "namealtt": null, "routeraw": "A6", "question": 0, "length_km": 71, "toll": 0, "ne_part": "ne_europe_basic", "label": null, "label2": "A6", "local": "A6", "localtype": null, "localalt": null, "labelrank": 4, "ignore": 0, "add": 0, "rwdb_rd_id": 0, "orig_fid": 0, "prefix": null, "uident": 0, "continent": "Europe", "expressway": 1, "level": null, "min_zoom": 4.0, "min_label": 7.0 }, "geometry": { "type": "LineString", "coordinates": [ [ -4.588501942763134, 40.911936325371762 ], [ -4.588208810587503, 40.919934021148691 ], [ -4.59259995974584, 40.926216674942822 ], [ -4.606587177141265, 40.92965842586068 ], [ -4.615954281440175, 40.931128461845937 ], [ -4.625611601176647, 40.931945148504411 ], [ -4.630109211274394, 40.933263514110237 ], [ -4.634285980184881, 40.93585357751283 ], [ -4.648911963216758, 40.951043949360475 ], [ -4.668592653316985, 40.968246870473649 ], [ -4.674606967209044, 40.974681194647204 ], [ -4.686575801862809, 40.990968260007662 ], [ -4.691617383609863, 40.999683473348824 ], [ -4.695514145666017, 41.009022868636102 ], [ -4.696892304402194, 41.013917155110825 ], [ -4.700558644151137, 41.037822740299632 ], [ -4.701652420925878, 41.042250348683794 ], [ -4.703517674919077, 41.046339615452297 ], [ -4.710325341565081, 41.053543958475281 ], [ -4.718843675086788, 41.057329884484929 ], [ -4.728406200836115, 41.058986591706407 ], [ -4.738343527426924, 41.059814945317143 ], [ -4.742472170159324, 41.060818303211846 ], [ -4.746587687570429, 41.062836685953506 ], [ -4.750420281389129, 41.065420915879969 ], [ -4.763997697086285, 41.078050391705673 ], [ -4.798895009676748, 41.122752319304951 ], [ -4.831561017646738, 41.181407921811882 ], [ -4.836981775342366, 41.188425593598637 ], [ -4.878240493654744, 41.228594910243373 ], [ -4.880318669526755, 41.231307476644737 ], [ -4.884008343180227, 41.237677632580841 ], [ -4.887473428002615, 41.246754521442185 ], [ -4.895462373565344, 41.294425688392629 ], [ -4.89677636406407, 41.298911631538111 ], [ -4.898669327068895, 41.3026508897387 ], [ -4.901584606765844, 41.305532626947894 ], [ -4.905969922448051, 41.307434340166921 ], [ -4.936837761400358, 41.315572039371013 ], [ -4.940760774099108, 41.316954573214289 ], [ -4.94438336277706, 41.318663781720957 ], [ -4.948767220090232, 41.321189676886092 ], [ -4.952827319478082, 41.323978078477175 ], [ -4.956330321895329, 41.327349827681459 ], [ -4.959048721772827, 41.331631599162321 ], [ -4.960543550031645, 41.335505027313943 ], [ -4.961479822950825, 41.339413456322362 ], [ -4.961914416922657, 41.343421054425022 ], [ -4.961902749970392, 41.347556989002591 ], [ -4.960457506258699, 41.363978224314081 ], [ -4.960339378367024, 41.372425097753165 ], [ -4.961612534532826, 41.380317790959722 ], [ -4.973385947736173, 41.419816257849277 ], [ -4.984100585021562, 41.447274430002452 ], [ -4.986238554023931, 41.455114621923812 ], [ -4.986250220976192, 41.462773976085089 ], [ -4.984331007328777, 41.470194157724947 ], [ -4.980669042686934, 41.47730516512982 ] ] } },
{ "type": "Feature", "properties": { "scalerank": 3, "featurecla": "Road", "type": "Major Highway", "sov_a3": null, "note": null, "edited": "New in version 2.0.0", "name": "1", "namealt": null, "namealtt": null, "routeraw": "E1 AP9", "question": 0, "length_km": 116, "toll": 0, "ne_part": "ne_europe_basic", "label": "E1", "label2": "AP9", "local": "AP9", "localtype": null, "localalt": null, "labelrank": 4, "ignore": 0, "add": 0, "rwdb_rd_id": 0, "orig_fid": 0, "prefix": "E", "uident": 0, "continent": "Europe", "expressway": 1, "level": "E", "min_zoom": 3.0, "min_label": 6.0 }, "geometry": { "type": "LineString", "coordinates": [ [ -8.263411068142764, 43.293417955390829 ], [ -8.26006994468818, 43.28731613935679 ], [ -8.259263466612936, 43.285227754901548 ], [ -8.258715119856531, 43.282637691498948 ], [ -8.257994685554232, 43.274517492723255 ], [ -8.2579888520781, 43.270305722955975 ], [ -8.258751579082356, 43.265872281095682 ], [ -8.26001160992686, 43.261514674425101 ], [ -8.263771285293913, 43.252525287705737 ], [ -8.266254887757098, 43.248115179749966 ], [ -8.272431080611819, 43.239493302026915 ], [ -8.275780954280602, 43.236051551109057 ], [ -8.287959794075118, 43.227237168673653 ], [ -8.301779299031748, 43.214957701415862 ], [ -8.327853478972612, 43.185691151661786 ], [ -8.330676881420485, 43.181531883179687 ], [ -8.367917793046967, 43.095476443280901 ], [ -8.377722408055773, 43.078151019168956 ], [ -8.389014559478229, 43.062097292853778 ], [ -8.421304308237703, 43.025130554605497 ], [ -8.482864981858361, 42.91452784714339 ], [ -8.494575685193286, 42.899244139677634 ], [ -8.501443144969645, 42.891911460179749 ], [ -8.508787491419792, 42.885459635577789 ], [ -8.516792479041884, 42.879871165443369 ], [ -8.52565207091731, 42.875134382824214 ], [ -8.529844881887163, 42.873687680743487 ], [ -8.53878760079747, 42.871984305712942 ], [ -8.556964712424682, 42.866185830437772 ], [ -8.566273481962268, 42.861857391147851 ], [ -8.580072569752438, 42.85381302756187 ], [ -8.584157461413849, 42.850843788210696 ], [ -8.601983106104109, 42.833880039618933 ], [ -8.6077203298799, 42.826407356693878 ], [ -8.617638697673279, 42.810493633805876 ], [ -8.621700255430161, 42.802705943169698 ], [ -8.625254300763563, 42.794259069730607 ], [ -8.628179789043743, 42.785578857246236 ], [ -8.631873837804314, 42.769163455410883 ], [ -8.633874720117579, 42.753541406329475 ], [ -8.635989355215417, 42.706751094274964 ], [ -8.639035888125337, 42.680879627629679 ], [ -8.641830123192548, 42.668063480567753 ], [ -8.645642299844789, 42.655521506884014 ], [ -8.650580337390501, 42.643341208720472 ], [ -8.656329228118555, 42.633301796297353 ], [ -8.670020396600284, 42.614623005722791 ], [ -8.676014293325881, 42.604729430202973 ], [ -8.68014293605828, 42.593552489934126 ], [ -8.682054857860534, 42.581798035528209 ], [ -8.682283821798713, 42.569804408600888 ], [ -8.679825011609088, 42.545962991649532 ], [ -8.67515093885835, 42.521888235652895 ], [ -8.671725229999851, 42.510332119435475 ], [ -8.668144934023855, 42.501506070047803 ], [ -8.654948152644312, 42.47619461711119 ], [ -8.650565753700171, 42.465688526597518 ], [ -8.647560055123174, 42.454984097895363 ], [ -8.645764802843562, 42.44399382886273 ], [ -8.644339976298328, 42.398078538228013 ], [ -8.635716640206248, 42.338565414729679 ], [ -8.637718980888545, 42.190721795641082 ], [ -8.633956388783426, 42.141586426181519 ] ] } },
{ "type": "Feature", "properties": { "scalerank": 3, "featurecla": "Road", "type": "Major Highway", "sov_a3": null, "note": null, "edited": "New in version 2.0.0", "name": "90", "namealt": null, "namealtt": null, "routeraw": "E90 A5", "question": 0, "length_km": 258, "toll": 0, "ne_part": "ne_europe_basic", "label": "E90", "label2": "A5", "local": "A5", "localtype": null, "localalt": null, "labelrank": 5, "ignore": 0, "add": 0, "rwdb_rd_id": 0, "orig_fid": 0, "prefix": "E", "uident": 0, "continent": "Europe", "expressway": 1, "level": "E", "min_zoom": 3.0, "min_label": 6.0 }, "geometry": { "type": "LineString", "coordinates": [ [ -5.872151073757485, 39.522052302169122 ], [ -5.866673439669568, 39.590012299106526 ], [ -5.864246713598669, 39.600611725238302 ], [ -5.856364228975348, 39.617242965690536 ], [ -5.844280183167974, 39.631908324686307 ], [ -5.829330442210775, 39.643802782519408 ], [ -5.812846497030868, 39.652103819055199 ], [ -5.798571980935944, 39.657838126092933 ], [ -5.753097117749189, 39.66778420289792 ], [ -5.744443155907412, 39.670566771012872 ], [ -5.73600503268252, 39.674002688454607 ], [ -5.727297111186527, 39.678342794696775 ], [ -5.719089410268848, 39.683966265688007 ], [ -5.713067804531621, 39.691304778662023 ], [ -5.710919626946026, 39.700784177376484 ], [ -5.713512607086685, 39.709446889432421 ], [ -5.719430668622567, 39.717176245307286 ], [ -5.748838680172848, 39.743765229516796 ], [ -5.751366033707026, 39.747691158953621 ], [ -5.751737917810438, 39.752159601670712 ], [ -5.750559555631781, 39.756639711340064 ], [ -5.748446378902976, 39.760588974681404 ], [ -5.745593809074443, 39.764421568500104 ], [ -5.742402897630257, 39.76803832370193 ], [ -5.735325432713147, 39.77453098263679 ], [ -5.731115121314899, 39.77734855160854 ], [ -5.726789598763045, 39.779273598732097 ], [ -5.717285407775037, 39.781828661277892 ], [ -5.707944554118723, 39.782785351363536 ], [ -5.698530782010761, 39.782645347936381 ], [ -5.68931388972225, 39.783252029454104 ], [ -5.680543258357837, 39.786477941755081 ], [ -5.673649547938883, 39.793571448731534 ], [ -5.669278815947006, 39.803307520395791 ], [ -5.661635503845098, 39.831413208399624 ], [ -5.660025464432675, 39.835274969598977 ], [ -5.657998331476815, 39.838623384898753 ], [ -5.654680541926759, 39.84252014695489 ], [ -5.651230040794697, 39.84567022406614 ], [ -5.647409113928258, 39.848382790467518 ], [ -5.642987339020227, 39.850967020393981 ], [ -5.633930867325347, 39.855073787590889 ], [ -5.624569596502575, 39.857938024371684 ], [ -5.498775058823785, 39.877264330796891 ], [ -5.427138513554187, 39.898533184774038 ], [ -5.402836251988411, 39.903812480673473 ], [ -5.391106589856058, 39.905084178470226 ], [ -5.379314217855285, 39.905165847136089 ], [ -5.367638515377148, 39.903794980245074 ], [ -5.356250111598516, 39.900703237895137 ], [ -5.323797025507346, 39.885530366475884 ], [ -5.312434872371306, 39.881557769230014 ], [ -5.301288557852147, 39.879481051727026 ], [ -5.290085366940705, 39.879020207112625 ], [ -5.278899676457655, 39.880052732387973 ], [ -5.267818988544982, 39.882450291078214 ], [ -5.256254122113358, 39.88634121965822 ], [ -5.250665651978931, 39.889071286487997 ], [ -5.22991014390139, 39.905066678041848 ], [ -5.220659709125123, 39.910036799706283 ], [ -5.210888636604075, 39.9140210639044 ], [ -5.202590516806353, 39.91616778312099 ], [ -5.193379457993974, 39.917141973635019 ], [ -5.132634012662759, 39.913431882815082 ], [ -5.096807718998281, 39.906606715740686 ], [ -5.076476596309341, 39.905725860844768 ], [ -5.056251934559806, 39.906974224736999 ], [ -5.01621532949708, 39.913875227001128 ], [ -4.996534639396852, 39.919498697992346 ], [ -4.887380092384504, 39.960980546766756 ], [ -4.871208238177656, 39.969584924061415 ], [ -4.841641264402778, 39.992971329874464 ], [ -4.82477814327429, 40.000181506373579 ], [ -4.807423551781685, 39.996197242175441 ], [ -4.790278965429835, 39.984226949152635 ], [ -4.781172909187831, 39.978924319348693 ], [ -4.771537464986852, 39.975208395052618 ], [ -4.762128067985991, 39.973271680976808 ], [ -4.722832314392022, 39.971229964330632 ], [ -4.692340734650227, 39.972694166839744 ], [ -4.682991130779715, 39.974111701539812 ], [ -4.674273000700488, 39.976841768369589 ], [ -4.666036132402152, 39.980744363901877 ], [ -4.650046574324428, 39.991092950559995 ], [ -4.645942723865588, 39.993210502395868 ], [ -4.64128906828131, 39.994919710902543 ], [ -4.631398409499557, 39.997258934831471 ], [ -4.474247479242411, 40.008890886238611 ], [ -4.458434383817679, 40.012717646581187 ], [ -4.443003381079592, 40.018037776813522 ], [ -4.419350093733495, 40.028631369469181 ], [ -4.402540932259228, 40.038314939848249 ], [ -4.395030331739321, 40.044078414266636 ], [ -4.387770570693089, 40.051416927240659 ], [ -4.381552085136409, 40.059449623874372 ], [ -4.365196476431404, 40.084061059675122 ], [ -4.359395084418164, 40.090197876565988 ], [ -4.352377412631405, 40.094701320139841 ], [ -4.343570322041167, 40.097145546639148 ], [ -4.292173022211433, 40.098358909674594 ], [ -4.288557725378645, 40.099408935378371 ], [ -4.285642445681695, 40.101631489784623 ], [ -4.274930725134368, 40.115281823933422 ], [ -4.27327985138902, 40.116687691681243 ], [ -4.269231418953435, 40.118991914753359 ], [ -4.265175694672685, 40.120782791925869 ], [ -4.260883714608589, 40.12179781677284 ], [ -4.25612651482297, 40.121768649392195 ], [ -4.235983521739286, 40.119295255512256 ], [ -4.226432662942219, 40.119184419465704 ], [ -4.22157337732429, 40.119639430604003 ], [ -4.217107851345268, 40.120881961020125 ], [ -4.212200439549253, 40.123192017568392 ], [ -4.207912834592257, 40.125712079257404 ], [ -4.199578255568706, 40.132012233479912 ], [ -4.193565400045681, 40.138335721606985 ], [ -4.183474944706411, 40.153106083173128 ], [ -4.177876265988754, 40.159925416771408 ], [ -4.163346535313053, 40.173639919157651 ], [ -4.155351756274193, 40.179380059671502 ], [ -4.146298201317379, 40.18394183800671 ], [ -4.141803507957697, 40.185476042229396 ], [ -4.137181936492144, 40.186590236170616 ], [ -4.129804047554238, 40.186916910834015 ], [ -4.127598993576356, 40.187488591494919 ], [ -4.12525247780227, 40.189040296146032 ], [ -4.052606741161842, 40.254211891492389 ], [ -4.037432411373562, 40.263644622397798 ], [ -4.021005342585941, 40.270708961993599 ], [ -4.003815546794065, 40.275894922274901 ], [ -3.947608545893524, 40.286891024783664 ], [ -3.928877254033771, 40.293179512053932 ], [ -3.912422476234525, 40.303428929617802 ], [ -3.877113903576756, 40.33380383983696 ] ] } },
{ "type": "Feature", "properties": { "scalerank": 3, "featurecla": "Road", "type": "Major Highway", "sov_a3": null, "note": null, "edited": "New in version 2.0.0", "name": "90", "namealt": null, "namealtt": null, "routeraw": "E90 A5", "question": 0, "length_km": 65, "toll": 0, "ne_part": "ne_europe_basic", "label": "E90", "label2": "A5", "local": "A5", "localtype": null, "localalt": null, "labelrank": 4, "ignore": 0, "add": 0, "rwdb_rd_id": 0, "orig_fid": 0, "prefix": "E", "uident": 0, "continent": "Europe", "expressway": 1, "level": "E", "min_zoom": 3.0, "min_label": 6.0 }, "geometry": { "type": "LineString", "coordinates": [ [ -6.124998721590529, 38.966518703169541 ], [ -6.120467569005026, 38.969178768285708 ], [ -6.116509555449486, 38.971903001639355 ], [ -6.112781964201158, 38.97494224270411 ], [ -6.108956662227619, 38.978535664001384 ], [ -6.106055966221, 38.981668240684257 ], [ -6.100872922677746, 38.988569242948394 ], [ -6.075153126411897, 39.030377766386188 ], [ -6.063608677146735, 39.045212296189781 ], [ -6.049498956752537, 39.057695935112207 ], [ -6.033814197802709, 39.068365362957564 ], [ -6.017562133299048, 39.077745592577777 ], [ -5.93487552586647, 39.113393965220233 ], [ -5.918019696583148, 39.124471736394838 ], [ -5.914478776571045, 39.127767650409403 ], [ -5.908804262663672, 39.134709487006447 ], [ -5.903883725546358, 39.142339673787042 ], [ -5.900536768615641, 39.150664044227391 ], [ -5.899574245053866, 39.159694265279661 ], [ -5.901303870726995, 39.20058109948863 ], [ -5.900440516259462, 39.210072165155331 ], [ -5.898632138658552, 39.219703234249209 ], [ -5.895342058120121, 39.228815123967344 ], [ -5.890027761363899, 39.236748651506808 ], [ -5.886365796722057, 39.240283738042791 ], [ -5.878626232263969, 39.246718062216367 ], [ -5.875018227276346, 39.250270649180734 ], [ -5.872792756131999, 39.253642398385026 ], [ -5.871197300409907, 39.257754999058037 ], [ -5.870272694442992, 39.262089271824095 ], [ -5.870062689302241, 39.266131870783532 ], [ -5.870590618892183, 39.275961278065921 ], [ -5.871194383671841, 39.280744728494113 ], [ -5.873715903729885, 39.290609136633293 ], [ -5.877020567958645, 39.300135203156785 ], [ -5.87916291206811, 39.304877819252056 ], [ -5.894825795482443, 39.329535922861901 ], [ -5.898699223634072, 39.338484475248343 ], [ -5.901029697348793, 39.347526363252904 ], [ -5.902700988260602, 39.357169099299043 ], [ -5.903600801953957, 39.366905170963292 ], [ -5.901061781467519, 39.407657835221222 ], [ -5.897703157584537, 39.427573322735732 ], [ -5.883211344503696, 39.471318560249379 ], [ -5.872151073757485, 39.522052302169122 ] ] } },
{ "type": "Feature", "properties": { "scalerank": 3, "featurecla": "Road", "type": "Major Highway", "sov_a3": null, "note": null, "edited": "New in version 2.0.0", "name": null, "namealt": null, "namealtt": null, "routeraw": "M40", "question": 0, "length_km": 24, "toll": 0, "ne_part": "ne_europe_basic", "label": "M40", "label2": null, "local": "M40", "localtype": null, "localalt": null, "labelrank": 7, "ignore": 0, "add": 0, "rwdb_rd_id": 0, "orig_fid": 0, "prefix": null, "uident": 0, "continent": "Europe", "expressway": 1, "level": null, "min_zoom": 3.0, "min_label": 6.0 }, "geometry": { "type": "LineString", "coordinates": [ [ -3.651251916330192, 40.489079307517684 ], [ -3.657614780421138, 40.49586947373529 ], [ -3.665317885653401, 40.500647090687373 ], [ -3.673931013162253, 40.503954671654199 ], [ -3.702434835912079, 40.510581500540113 ], [ -3.712296327313172, 40.511888199193677 ], [ -3.722144693392966, 40.511993201764049 ], [ -3.726448340409327, 40.511736528814239 ], [ -3.73103782775615, 40.511118180344255 ], [ -3.735245222416332, 40.509566475693148 ], [ -3.738414258325026, 40.506521401152263 ], [ -3.74625445024639, 40.492976069573835 ], [ -3.749216397752395, 40.488787633711084 ], [ -3.755630304759496, 40.482819987628076 ], [ -3.763505497537651, 40.478404046196175 ], [ -3.772073415606478, 40.475224801704258 ], [ -3.825715145377988, 40.460699446135656 ], [ -3.829600240481881, 40.458856067677957 ], [ -3.833289914135349, 40.456668514128467 ], [ -3.836613537161536, 40.454189286772376 ], [ -3.839750488951502, 40.450928373614609 ], [ -3.841981793571982, 40.447404954030901 ], [ -3.845241248360718, 40.439284755255201 ] ] } },
{ "type": "Feature", "properties": { "scalerank": 3, "featurecla": "Road", "type": "Major Highway", "sov_a3": null, "note": null, "edited": "New in version 2.0.0", "name": "70", "namealt": null, "namealtt": null, "routeraw": "E70 N634", "question": 0, "length_km": 51, "toll": 0, "ne_part": "ne_europe_basic", "label": "E70", "label2": "N634", "local": "N634", "localtype": null, "localalt": null, "labelrank": 6, "ignore": 0, "add": 0, "rwdb_rd_id": 0, "orig_fid": 0, "prefix": "E", "uident": 0, "continent": "Europe", "expressway": 1, "level": "E", "min_zoom": 3.0, "min_label": 6.0 }, "geometry": { "type": "LineString", "coordinates": [ [ -4.0379778413919, 43.348275964935851 ], [ -4.081192232577518, 43.334275622219131 ], [ -4.085176496775652, 43.333388933847075 ], [ -4.089222012473172, 43.332875587947456 ], [ -4.093375447479133, 43.332723917568032 ], [ -4.098730578568279, 43.333073926135945 ], [ -4.103656949161728, 43.3339781149364 ], [ -4.122022190394194, 43.339549084642428 ], [ -4.126454173885456, 43.34030743653959 ], [ -4.13056385782043, 43.340039096637518 ], [ -4.189805724678628, 43.326178757347961 ], [ -4.199337624678265, 43.325297902452036 ], [ -4.20850493241965, 43.32553707497344 ], [ -4.418521740122756, 43.370933186232421 ], [ -4.489873903430919, 43.379263390148864 ] ] } },
{ "type": "Feature", "properties": { "scalerank": 3, "featurecla": "Road", "type": "Major Highway", "sov_a3": null, "note": null, "edited": "New in version 2.0.0", "name": "70", "namealt": null, "namealtt": null, "routeraw": "E70 N634", "question": 0, "length_km": 151, "toll": 0, "ne_part": "ne_europe_basic", "label": "E70", "label2": "N634", "local": "N634", "localtype": null, "localalt": null, "labelrank": 4, "ignore": 0, "add": 0, "rwdb_rd_id": 0, "orig_fid": 0, "prefix": "E", "uident": 0, "continent": "Europe", "expressway": 1, "level": "E", "min_zoom": 3.0, "min_label": 6.0 }, "geometry": { "type": "LineString", "coordinates": [ [ -4.77096140921882, 43.412677541432785 ], [ -4.900298325278747, 43.436209784149142 ], [ -4.914616592444663, 43.437743988371849 ], [ -4.92910257204937, 43.438064829559103 ], [ -4.984449135220448, 43.433415549081928 ], [ -5.002853752416808, 43.435194759302178 ], [ -5.090122555351044, 43.460774552140855 ], [ -5.09851401076688, 43.46208708427055 ], [ -5.106974009527267, 43.462728766645064 ], [ -5.159163203741919, 43.461019558138396 ], [ -5.168111756128354, 43.462518761504313 ], [ -5.203761587139844, 43.475270740328796 ], [ -5.243281929564894, 43.485438489226816 ], [ -5.280743054915359, 43.48973776113607 ], [ -5.300079569923799, 43.490554447794551 ], [ -5.37697353555733, 43.481885902262448 ], [ -5.407043646648592, 43.480859210463223 ], [ -5.416998473667796, 43.481839234453389 ], [ -5.426228491277602, 43.484510966521832 ], [ -5.435592678838443, 43.489521922519188 ], [ -5.464714850058257, 43.511391624537936 ], [ -5.468136183809658, 43.513421674231864 ], [ -5.471696062619191, 43.515206717928251 ], [ -5.475403236701059, 43.516735088674821 ], [ -5.478807070024061, 43.517586776190086 ], [ -5.556080211606172, 43.519943500547406 ], [ -5.651301500877317, 43.538657291978758 ], [ -5.676805458526278, 43.548428364499799 ], [ -5.685510463284206, 43.550965926617209 ], [ -5.703796952588895, 43.554588515295166 ], [ -5.712993427710941, 43.555481037143352 ], [ -5.77873670371822, 43.549577559297802 ], [ -5.787710048378219, 43.550254242529107 ], [ -5.796562348408479, 43.551852614989272 ], [ -5.805255686214146, 43.554174338489787 ], [ -5.813711309867433, 43.557604422455384 ], [ -5.837937736243493, 43.571056418415708 ], [ -5.856966535385972, 43.578313262723874 ], [ -5.86664135555084, 43.580856658317416 ], [ -5.876829521615324, 43.582770038488697 ], [ -5.886413922900147, 43.58320754919859 ], [ -5.896209787694755, 43.582116689161921 ], [ -5.915307130181784, 43.578289928819345 ], [ -5.991288156800664, 43.555807711806743 ], [ -6.089090759260202, 43.54474744106053 ], [ -6.111255051823616, 43.545319121721462 ] ] } },
{ "type": "Feature", "properties": { "scalerank": 3, "featurecla": "Road", "type": "Major Highway", "sov_a3": null, "note": null, "edited": "New in version 2.0.0", "name": "70", "namealt": null, "namealtt": null, "routeraw": "E70 N634", "question": 0, "length_km": 29, "toll": 0, "ne_part": "ne_europe_basic", "label": "E70", "label2": "N634", "local": "N634", "localtype": null, "localalt": null, "labelrank": 6, "ignore": 0, "add": 0, "rwdb_rd_id": 0, "orig_fid": 0, "prefix": "E", "uident": 0, "continent": "Europe", "expressway": 1, "level": "E", "min_zoom": 3.0, "min_label": 6.0 }, "geometry": { "type": "LineString", "coordinates": [ [ -6.268588278209887, 43.563111223923968 ], [ -6.345708291043533, 43.544945779249019 ], [ -6.474151226886235, 43.534947201158829 ], [ -6.501672108907826, 43.535653051770794 ], [ -6.530151139384092, 43.539602315112134 ] ] } },
{ "type": "Feature", "properties": { "scalerank": 3, "featurecla": "Road", "type": "Major Highway", "sov_a3": null, "note": null, "edited": "New in version 2.0.0", "name": "70", "namealt": null, "namealtt": null, "routeraw": "E70 N634", "question": 0, "length_km": 12, "toll": 0, "ne_part": "ne_europe_basic", "label": "E70", "label2": "N634", "local": "N634", "localtype": null, "localalt": null, "labelrank": 6, "ignore": 0, "add": 0, "rwdb_rd_id": 0, "orig_fid": 0, "prefix": "E", "uident": 0, "continent": "Europe", "expressway": 1, "level": "E", "min_zoom": 3.0, "min_label": 6.0 }, "geometry": { "type": "LineString", "coordinates": [ [ -6.668365147747839, 43.556367725515415 ], [ -6.684926386486495, 43.551362602994182 ], [ -6.775005466547309, 43.539806486776754 ] ] } },
{ "type": "Feature", "properties": { "scalerank": 3, "featurecla": "Road", "type": "Major Highway", "sov_a3": null, "note": null, "edited": "New in version 2.0.0", "name": "70", "namealt": null, "namealtt": null, "routeraw": "E70 N634", "question": 0, "length_km": 38, "toll": 0, "ne_part": "ne_europe_basic", "label": "E70", "label2": "N634", "local": "N634", "localtype": null, "localalt": null, "labelrank": 5, "ignore": 0, "add": 0, "rwdb_rd_id": 0, "orig_fid": 0, "prefix": "E", "uident": 0, "continent": "Europe", "expressway": 1, "level": "E", "min_zoom": 3.0, "min_label": 6.0 }, "geometry": { "type": "LineString", "coordinates": [ [ -6.935520854163567, 43.531307112052474 ], [ -7.280433880680363, 43.542857394793771 ] ] } },
{ "type": "Feature", "properties": { "scalerank": 3, "featurecla": "Road", "type": "Major Highway", "sov_a3": null, "note": null, "edited": "New in version 2.0.0", "name": "70", "namealt": null, "namealtt": null, "routeraw": "E70", "question": 0, "length_km": 70, "toll": 0, "ne_part": "ne_europe_basic", "label": "E70", "label2": null, "local": null, "localtype": null, "localalt": null, "labelrank": 7, "ignore": 0, "add": 0, "rwdb_rd_id": 0, "orig_fid": 0, "prefix": "E", "uident": 0, "continent": "Europe", "expressway": 1, "level": "E", "min_zoom": 3.0, "min_label": 6.0 }, "geometry": { "type": "LineString", "coordinates": [ [ -2.953662964933987, 43.284096060531944 ], [ -2.971545486016534, 43.288640338438753 ], [ -2.980109028978266, 43.292047088499814 ], [ -3.005255686214145, 43.308019146149149 ], [ -3.023460506852985, 43.317556879624917 ], [ -3.040575925824175, 43.323577026993107 ], [ -3.058500739608682, 43.327450455144728 ], [ -3.159657590844102, 43.337915711325479 ], [ -3.167944043689563, 43.339374080358468 ], [ -3.175870279383872, 43.341439130909194 ], [ -3.195711390077729, 43.348789310835471 ], [ -3.232151657105099, 43.365303881765072 ], [ -3.249910216819842, 43.371539867750144 ], [ -3.406369880155349, 43.402177284395236 ], [ -3.425544516201128, 43.402912302387861 ], [ -3.504801039668109, 43.397708841678153 ], [ -3.573230631434157, 43.400158901653576 ] ] } },
{ "type": "Feature", "properties": { "scalerank": 3, "featurecla": "Road", "type": "Major Highway", "sov_a3": null, "note": null, "edited": "New in version 2.0.0", "name": "5", "namealt": null, "namealtt": null, "routeraw": "E5 A1", "question": 0, "length_km": 113, "toll": 0, "ne_part": "ne_europe_basic", "label": "E5", "label2": "A1", "local": "A1", "localtype": null, "localalt": null, "labelrank": 6, "ignore": 0, "add": 0, "rwdb_rd_id": 0, "orig_fid": 0, "prefix": "E", "uident": 0, "continent": "Europe", "expressway": 1, "level": "E", "min_zoom": 3.0, "min_label": 6.0 }, "geometry": { "type": "LineString", "coordinates": [ [ -3.616395438072654, 40.526856898948303 ], [ -3.621238681631219, 40.543208132546212 ], [ -3.615696879305851, 40.557756822019336 ], [ -3.596517868152972, 40.585670005310803 ], [ -3.594661364373973, 40.591048470304472 ], [ -3.593697382443167, 40.596625273486637 ], [ -3.593512169575977, 40.602301245763044 ], [ -3.595521802103441, 40.618098299128413 ], [ -3.596816833804738, 40.623103421649638 ], [ -3.598752089511517, 40.627711867793892 ], [ -3.603617208605577, 40.635948736092232 ], [ -3.615324995202439, 40.651839125075711 ], [ -3.62051241385279, 40.660536837988474 ], [ -3.622103494467783, 40.669672061611138 ], [ -3.617508173644826, 40.679040624279082 ], [ -3.595208252761346, 40.697812750471755 ], [ -3.589118103679571, 40.705419603347835 ], [ -3.586529498646012, 40.713697305979096 ], [ -3.587860989573134, 40.721689168279894 ], [ -3.591763585105419, 40.729255186823053 ], [ -3.623462694406534, 40.770958707690497 ], [ -3.62838031478578, 40.779043905609399 ], [ -3.632265409889673, 40.78775328547443 ], [ -3.634716928234131, 40.796929343430016 ], [ -3.635322151382823, 40.806408742144463 ], [ -3.63366836089941, 40.81655315713796 ], [ -3.630143482946668, 40.825985888043348 ], [ -3.615965219207922, 40.851443177883255 ], [ -3.612536593611356, 40.860123390367619 ], [ -3.610526961083895, 40.869159444896042 ], [ -3.610608629749741, 40.877962160379184 ], [ -3.612882227072177, 40.888608254320019 ], [ -3.616284602026145, 40.898962674454268 ], [ -3.618162981340639, 40.902946938652399 ], [ -3.635414028631903, 40.930475112519154 ], [ -3.639519337459774, 40.938968653767304 ], [ -3.642370448919273, 40.948022208724112 ], [ -3.644234244543437, 40.95777578081676 ], [ -3.645380522603368, 40.967517685957148 ], [ -3.645545318304098, 40.977306258906594 ], [ -3.644447166422253, 40.987199834426406 ], [ -3.642176485837886, 40.997198412516603 ], [ -3.639103702285372, 41.006578642136809 ], [ -3.635142771991767, 41.015620530141362 ], [ -3.630217859767352, 41.024615750336849 ], [ -3.627298204963303, 41.02890918876998 ], [ -3.614449973782641, 41.044846245562518 ], [ -3.597559143642531, 41.072292750763424 ], [ -3.590424802333132, 41.089962349967152 ], [ -3.586670960442213, 41.108442802353231 ], [ -3.587674318336909, 41.12671908307469 ], [ -3.590955648661144, 41.146290395497438 ], [ -3.591461702715591, 41.156014800209427 ], [ -3.590923564542415, 41.166100880441604 ], [ -3.585536349334543, 41.193821559020712 ], [ -3.584395904750743, 41.213282035396958 ], [ -3.584699245509608, 41.218275490965922 ], [ -3.585622393107489, 41.223333114772338 ], [ -3.588889139741394, 41.233454195861299 ], [ -3.593189870019685, 41.243219434906216 ], [ -3.597177050955885, 41.250668783926741 ], [ -3.63574507840239, 41.305462625234313 ], [ -3.644709672848194, 41.324071414095286 ], [ -3.647805790305235, 41.344097737656334 ], [ -3.647048896777111, 41.348910355465208 ], [ -3.641903770828716, 41.363470711890599 ], [ -3.640910621517246, 41.367355806994489 ], [ -3.640196020691082, 41.371760081474122 ], [ -3.639873721134791, 41.376199356810552 ], [ -3.640053100525847, 41.380189454484821 ], [ -3.641566887582094, 41.389686353627667 ], [ -3.643856526963891, 41.398903245916173 ], [ -3.647273485608192, 41.407740962256099 ], [ -3.652164855344846, 41.416100333553217 ], [ -3.704095918240657, 41.477964347932726 ], [ -3.709573552328575, 41.486125381041354 ], [ -3.718274181979407, 41.502459114210865 ], [ -3.719712133845935, 41.506682550930407 ], [ -3.720460277159859, 41.510690149033067 ], [ -3.72087882907233, 41.520677060170996 ], [ -3.720108810222911, 41.530605636547605 ], [ -3.717997091863136, 41.540423376877712 ], [ -3.700678959596356, 41.590136260474338 ], [ -3.698863290150282, 41.597183099641754 ], [ -3.698064103920203, 41.604340774855686 ], [ -3.698781621484436, 41.611370113594703 ], [ -3.713662819097085, 41.660417980912285 ], [ -3.715201398426892, 41.677416730360846 ] ] } },
{ "type": "Feature", "properties": { "scalerank": 3, "featurecla": "Road", "type": "Major Highway", "sov_a3": null, "note": null, "edited": "New in version 2.0.0", "name": "5", "namealt": null, "namealtt": null, "routeraw": "E5 A1", "question": 0, "length_km": 59, "toll": 0, "ne_part": "ne_europe_basic", "label": "E5", "label2": "A1", "local": "A1", "localtype": null, "localalt": null, "labelrank": 4, "ignore": 0, "add": 0, "rwdb_rd_id": 0, "orig_fid": 0, "prefix": "E", "uident": 0, "continent": "Europe", "expressway": 1, "level": "E", "min_zoom": 3.0, "min_label": 6.0 }, "geometry": { "type": "LineString", "coordinates": [ [ -3.715201398426892, 41.677416730360846 ], [ -3.69555279244539, 41.733388933847074 ], [ -3.69368024660703, 41.742471656184549 ], [ -3.693782332439337, 41.751863552757015 ], [ -3.695867800156517, 41.761237948901083 ], [ -3.70168377586009, 41.779735901715554 ], [ -3.70350819552036, 41.78917446609708 ], [ -3.703659865899795, 41.793899581763981 ], [ -3.702964223871057, 41.807789088434191 ], [ -3.703827578338586, 41.817198485435057 ], [ -3.704683640960955, 41.821841932436101 ], [ -3.705933463222227, 41.826415377723563 ], [ -3.718937739889416, 41.860622881761422 ], [ -3.773124899679267, 41.962078698648611 ], [ -3.776407688372529, 41.970531405563833 ], [ -3.779038586108047, 41.988376009051521 ], [ -3.77661769351328, 42.007066466578344 ], [ -3.770744841417422, 42.025261078633946 ], [ -3.697460339140545, 42.157056804883496 ], [ -3.694074006245938, 42.165742850843998 ], [ -3.69142852482009, 42.174673902802041 ], [ -3.689873903430922, 42.183412450047726 ], [ -3.689443684566186, 42.193667701087733 ], [ -3.692606886998746, 42.228861062591889 ], [ -3.692420215762525, 42.233288670976052 ], [ -3.690413499973126, 42.247913195638901 ], [ -3.691475192629145, 42.291133420300653 ], [ -3.688150111233924, 42.30412457164654 ], [ -3.679389688452741, 42.311060574767453 ] ] } },
{ "type": "Feature", "properties": { "scalerank": 3, "featurecla": "Road", "type": "Major Highway", "sov_a3": null, "note": null, "edited": "New in version 2.0.0", "name": "90", "namealt": null, "namealtt": null, "routeraw": "E90 A2", "question": 0, "length_km": 138, "toll": 0, "ne_part": "ne_europe_basic", "label": "E90", "label2": "A2", "local": "A2", "localtype": null, "localalt": null, "labelrank": 6, "ignore": 0, "add": 0, "rwdb_rd_id": 0, "orig_fid": 0, "prefix": "E", "uident": 0, "continent": "Europe", "expressway": 1, "level": "E", "min_zoom": 3.0, "min_label": 6.0 }, "geometry": { "type": "LineString", "coordinates": [ [ -3.536434522362736, 40.450380026858205 ], [ -3.525235706558391, 40.454667631815198 ], [ -3.513818135399099, 40.456901853173747 ], [ -3.490332560491797, 40.459532750909261 ], [ -3.478290807386383, 40.462233650358364 ], [ -3.466721565847656, 40.466363751459795 ], [ -3.411533964901174, 40.494743612841816 ], [ -3.363270700123341, 40.513305733893745 ], [ -3.351530829407753, 40.519092542216654 ], [ -3.332745577893785, 40.530642824957951 ], [ -3.250019594497317, 40.600615371160899 ], [ -3.232125406462504, 40.611949815285314 ], [ -3.212698472574019, 40.620425856105065 ], [ -3.167268818827285, 40.631071950045907 ], [ -3.153945159341873, 40.638457130828982 ], [ -3.144153669654365, 40.648082366446729 ], [ -3.135668878620418, 40.659305974524628 ], [ -3.120500382308268, 40.682820716812593 ], [ -3.108419253238964, 40.698221093800989 ], [ -3.049442809544768, 40.750809881130678 ], [ -2.920355274589486, 40.836871154505602 ], [ -2.771711010901779, 40.915617248811031 ], [ -2.722956275759827, 40.94602132641085 ], [ -2.716316321552615, 40.949533079042297 ], [ -2.70924614848067, 40.952333147585641 ], [ -2.701944094732479, 40.95445653289768 ], [ -2.673882157799646, 40.959228316373625 ], [ -2.663726075853891, 40.961783378919428 ], [ -2.654071672855483, 40.965814310926618 ], [ -2.645365209728521, 40.971665287486985 ], [ -2.637399598070321, 40.978887130938361 ], [ -2.622706530062928, 40.994258340546097 ], [ -2.615650940681313, 41.00025515400975 ], [ -2.607799081807684, 41.005371112577492 ], [ -2.557459099526866, 41.029924213616944 ], [ -2.539589703765614, 41.035874359271546 ], [ -2.52155259556557, 41.039852789993553 ], [ -2.503846537136017, 41.042232848255395 ], [ -2.495043821652878, 41.044122894522154 ], [ -2.486836120735198, 41.04728463858568 ], [ -2.482824147525438, 41.049629695990731 ], [ -2.479289060989466, 41.052208092441063 ], [ -2.472501811509922, 41.058269074142174 ], [ -2.470486345506327, 41.060841637116368 ], [ -2.468517547311787, 41.064388390604606 ], [ -2.46689729931613, 41.068133482281333 ], [ -2.46591727532596, 41.07130689329712 ], [ -2.45974108247124, 41.116370496416579 ], [ -2.457652698015995, 41.1240765183869 ], [ -2.456102451733926, 41.127669939684196 ], [ -2.453903231232175, 41.131076689745264 ], [ -2.449052695828442, 41.137516847394956 ] ] } },
{ "type": "Feature", "properties": { "scalerank": 3, "featurecla": "Road", "type": "Major Highway", "sov_a3": null, "note": null, "edited": "New in version 2.0.0", "name": "5", "namealt": "E80", "namealtt": null, "routeraw": "E5 E80", "question": 0, "length_km": 95, "toll": 0, "ne_part": "ne_europe_basic", "label": "E5", "label2": "E80", "local": null, "localtype": null, "localalt": null, "labelrank": 6, "ignore": 0, "add": 0, "rwdb_rd_id": 0, "orig_fid": 0, "prefix": "E", "uident": 0, "continent": "Europe", "expressway": 1, "level": "E", "min_zoom": 3.0, "min_label": 6.0 }, "geometry": { "type": "LineString", "coordinates": [ [ -3.687677599667236, 42.308412176603539 ], [ -3.616956910150357, 42.329436024583146 ], [ -3.613016397023213, 42.331238568707931 ], [ -3.604530147620231, 42.336867873175279 ], [ -3.59706767327841, 42.343663872869016 ], [ -3.583755680745259, 42.35902341552449 ], [ -3.578724307581439, 42.36714361430019 ], [ -3.572138313028447, 42.384731544838075 ], [ -3.567795290048196, 42.393195918705558 ], [ -3.561009498937686, 42.400417762156934 ], [ -3.55243866413079, 42.405819561055139 ], [ -3.477565997976985, 42.441707106218999 ], [ -3.474331335461809, 42.443620486390287 ], [ -3.468534318555665, 42.448345602057181 ], [ -3.46229833257059, 42.454307414664051 ], [ -3.450268246417441, 42.470081134124896 ], [ -3.447166295484266, 42.473336213806533 ], [ -3.443798921387089, 42.476334620538367 ], [ -3.439859866628979, 42.479373861603122 ], [ -3.430987149432255, 42.484139811602937 ], [ -3.420809191951005, 42.487371557380044 ], [ -3.400475152523995, 42.492003337428827 ], [ -3.383579947276786, 42.49716013032949 ], [ -3.348106578918287, 42.512753012030238 ], [ -3.344018770518812, 42.51510390291142 ], [ -3.332445153872989, 42.524040788345594 ], [ -3.328934859610577, 42.526187507562156 ], [ -3.325073098411213, 42.527832547831373 ], [ -3.321026124344662, 42.528940908296448 ], [ -3.316958733111647, 42.529460087672192 ], [ -3.307009739568574, 42.530002600952471 ], [ -3.302080452237064, 42.530912623229057 ], [ -3.297502631842502, 42.532796836019678 ], [ -3.244648421348806, 42.563755093852031 ], [ -3.237922423368648, 42.568550211232505 ], [ -3.217534424287422, 42.58785318375319 ], [ -3.2099304881494, 42.59410667016666 ], [ -3.201458822436749, 42.599263463067317 ], [ -3.191921088960981, 42.603481066310735 ], [ -3.17236436022856, 42.609862889199107 ], [ -3.151988028099598, 42.614623005722791 ], [ -3.108697801724265, 42.620736488709092 ], [ -3.104884166702991, 42.621658177937945 ], [ -3.100176551464493, 42.623740728917056 ], [ -3.095734359389997, 42.626645800030772 ], [ -3.08743915633034, 42.633056790299811 ], [ -3.079673341229658, 42.637822740299626 ], [ -3.07125126006413, 42.641573665452484 ], [ -3.045023951374802, 42.650020538891567 ], [ -3.036849792944881, 42.653363120715184 ], [ -2.99513898023228, 42.677910388278505 ], [ -2.993177473882906, 42.679584595928389 ], [ -2.984936230477469, 42.688218140603695 ], [ -2.981748235771349, 42.690458195438374 ], [ -2.974635769997445, 42.694051616735663 ], [ -2.967206838143383, 42.696921686992596 ], [ -2.934965215561999, 42.70554356471564 ], [ -2.927724413313193, 42.706762761227225 ], [ -2.920496736385687, 42.707130270223537 ], [ -2.905971380817086, 42.706266915756004 ] ] } },
{ "type": "Feature", "properties": { "scalerank": 4, "featurecla": "Road", "type": "Major Highway", "sov_a3": null, "note": null, "edited": "New in version 2.0.0", "name": "82", "namealt": null, "namealtt": null, "routeraw": "E82 A52", "question": 0, "length_km": 120, "toll": 0, "ne_part": "ne_europe_basic", "label": "E82", "label2": "A52", "local": "A52", "localtype": null, "localalt": null, "labelrank": 5, "ignore": 0, "add": 0, "rwdb_rd_id": 0, "orig_fid": 0, "prefix": "E", "uident": 0, "continent": "Europe", "expressway": 0, "level": "E", "min_zoom": 4.0, "min_label": 7.0 }, "geometry": { "type": "LineString", "coordinates": [ [ -6.758447144546718, 41.813179220380128 ], [ -6.749440257398959, 41.812975048715515 ], [ -6.740797962509451, 41.80964996732029 ], [ -6.732788599780257, 41.804539842228685 ], [ -6.701461374582557, 41.780015908569894 ], [ -6.692619283135528, 41.774602442719427 ], [ -6.668878493647451, 41.762853821789648 ], [ -6.644246640680215, 41.752919411936901 ], [ -6.61894539632684, 41.744828380541861 ], [ -6.593190599204203, 41.738609894985188 ], [ -6.568462493880791, 41.734701465976769 ], [ -6.543333337073307, 41.733453102084525 ], [ -6.518402518454309, 41.735728157775995 ], [ -6.49426651095829, 41.742401654470967 ], [ -6.484017093394424, 41.746531755572398 ], [ -6.478874884184094, 41.747791786416897 ], [ -6.473230996026416, 41.747890955511146 ], [ -6.468545256323413, 41.747074268852671 ], [ -6.152550229361815, 41.652857795845257 ], [ -6.133292466281155, 41.642952553373178 ], [ -6.065298926855974, 41.593344672346923 ], [ -6.00069317869443, 41.554627891259052 ], [ -5.984203400038389, 41.546618528529862 ], [ -5.967031104674909, 41.540464211210633 ], [ -5.949100457414271, 41.537109962434755 ], [ -5.938657076769019, 41.536328276633071 ], [ -5.928225363076027, 41.536444946155711 ], [ -5.890058387113594, 41.543655122654819 ], [ -5.870729163950319, 41.545650171491957 ], [ -5.856616526818055, 41.545265162067238 ], [ -5.842840772932412, 41.543275946706245 ], [ -5.829292524615919, 41.539956698787151 ], [ -5.793365603488162, 41.52747889334087 ], [ -5.742354771452167, 41.500849074798438 ], [ -5.727028771284456, 41.494589754908844 ] ] } },
{ "type": "Feature", "properties": { "scalerank": 4, "featurecla": "Road", "type": "Major Highway", "sov_a3": null, "note": null, "edited": "New in version 2.0.0", "name": "82", "namealt": null, "namealtt": null, "routeraw": "E82 A52", "question": 0, "length_km": 41, "toll": 0, "ne_part": "ne_europe_basic", "label": "E82", "label2": "A52", "local": "A52", "localtype": null, "localalt": null, "labelrank": 7, "ignore": 0, "add": 0, "rwdb_rd_id": 0, "orig_fid": 0, "prefix": "E", "uident": 0, "continent": "Europe", "expressway": 0, "level": "E", "min_zoom": 4.0, "min_label": 7.0 }, "geometry": { "type": "LineString", "coordinates": [ [ -6.991351595853597, 41.550468622776961 ], [ -6.98484581159742, 41.557527128896638 ], [ -6.977979810190096, 41.563856450499827 ], [ -6.97048087662245, 41.569386585872934 ], [ -6.962067545671122, 41.574059200254638 ], [ -6.952995031916878, 41.577699289360986 ], [ -6.943702304438652, 41.580277685811311 ], [ -6.89774034599488, 41.586204497561397 ], [ -6.884701068470896, 41.589535412432753 ], [ -6.872383683618246, 41.594849709188971 ], [ -6.859522327116292, 41.604714117328129 ], [ -6.850145014234151, 41.61730859229705 ], [ -6.843335889219112, 41.631717278343004 ], [ -6.8247431424175, 41.686586954840294 ], [ -6.807776477087671, 41.725513741068916 ], [ -6.806154770722983, 41.733225596515382 ], [ -6.805918514939638, 41.741188291435513 ], [ -6.809339848691039, 41.77321407540002 ], [ -6.809220262430333, 41.790014486660084 ], [ -6.804842238593292, 41.805537366647251 ], [ -6.793875303465192, 41.817927669951551 ], [ -6.78927269079707, 41.820150224357832 ], [ -6.784390071274611, 41.821036912729895 ], [ -6.779367448324987, 41.820902742778856 ], [ -6.774334616792132, 41.820045221787453 ], [ -6.746507477273614, 41.813185053856259 ] ] } },
{ "type": "Feature", "properties": { "scalerank": 4, "featurecla": "Road", "type": "Major Highway", "sov_a3": null, "note": null, "edited": "New in version 2.0.0", "name": "82", "namealt": null, "namealtt": null, "routeraw": "E82 A52", "question": 0, "length_km": 79, "toll": 0, "ne_part": "ne_europe_basic", "label": "E82", "label2": "A52", "local": "A52", "localtype": null, "localalt": null, "labelrank": 4, "ignore": 0, "add": 0, "rwdb_rd_id": 0, "orig_fid": 0, "prefix": "E", "uident": 0, "continent": "Europe", "expressway": 0, "level": "E", "min_zoom": 4.0, "min_label": 7.0 }, "geometry": { "type": "LineString", "coordinates": [ [ -7.655118052636656, 41.331596598305524 ], [ -7.627053198965758, 41.329484879945753 ], [ -7.61225658675702, 41.330336567461018 ], [ -7.601877374349218, 41.331929106445045 ], [ -7.596596620080753, 41.333259139003133 ], [ -7.592183595386921, 41.335073350080179 ], [ -7.588089953511311, 41.337628412625982 ], [ -7.580678522085648, 41.34374772908842 ], [ -7.577614488747329, 41.346769469724777 ], [ -7.572176230623302, 41.353612137227572 ], [ -7.564608753711109, 41.3656057641549 ], [ -7.561543262003759, 41.3695841948769 ], [ -7.557862338564487, 41.372640936370047 ], [ -7.548928369868378, 41.376911040898648 ], [ -7.539711477579871, 41.379442769539928 ], [ -7.530169368997004, 41.380411126577833 ], [ -7.520255376310725, 41.379991116296331 ], [ -7.511944131191704, 41.378707751547296 ], [ -7.507889865279985, 41.377663559319672 ], [ -7.48969087811728, 41.370085873824252 ], [ -7.484856384772911, 41.368545836125406 ], [ -7.475248649583559, 41.366358282575924 ], [ -7.465306947885654, 41.365185753873398 ], [ -7.455497957769751, 41.366025774436402 ], [ -7.446286898957371, 41.369858368255102 ], [ -7.401092042624953, 41.404456715193803 ], [ -7.383412234837991, 41.414945305279083 ], [ -7.347203848486867, 41.431039865927183 ], [ -7.263556175861545, 41.459168887835531 ], [ -7.242342739907645, 41.469651644444681 ], [ -7.172756661498436, 41.518040328959351 ], [ -7.168609059968606, 41.519953709130633 ], [ -7.156140004736525, 41.524101310660463 ], [ -7.146893945067355, 41.526388033304201 ], [ -7.137280376401872, 41.527525561149929 ], [ -7.053848542393435, 41.526463868493913 ], [ -7.030949231837397, 41.528091408334731 ], [ -7.024967002064063, 41.529164767943016 ], [ -7.019156859836624, 41.530897310354206 ], [ -7.007940543603883, 41.535494089546198 ], [ -7.003122092318876, 41.538358326326993 ], [ -6.998870946587704, 41.542068417146922 ], [ -6.991351595853597, 41.550468622776961 ] ] } },
{ "type": "Feature", "properties": { "scalerank": 4, "featurecla": "Road", "type": "Major Highway", "sov_a3": null, "note": null, "edited": "New in version 2.0.0", "name": "82", "namealt": null, "namealtt": null, "routeraw": "E82 A52", "question": 0, "length_km": 47, "toll": 0, "ne_part": "ne_europe_basic", "label": "E82", "label2": "A52", "local": "A52", "localtype": null, "localalt": null, "labelrank": 6, "ignore": 0, "add": 0, "rwdb_rd_id": 0, "orig_fid": 0, "prefix": "E", "uident": 0, "continent": "Europe", "expressway": 0, "level": "E", "min_zoom": 4.0, "min_label": 7.0 }, "geometry": { "type": "LineString", "coordinates": [ [ -8.063868266834607, 41.247647043290378 ], [ -7.943837203574205, 41.256490593106442 ], [ -7.646420339723893, 41.333591647142654 ] ] } },
{ "type": "Feature", "properties": { "scalerank": 3, "featurecla": "Road", "type": "Secondary Highway", "sov_a3": null, "note": null, "edited": "New in version 2.0.0", "name": "70", "namealt": null, "namealtt": null, "routeraw": "E70 N634", "question": 0, "length_km": 31, "toll": 0, "ne_part": "ne_europe_basic", "label": "E70", "label2": "N634", "local": "N634", "localtype": null, "localalt": null, "labelrank": 6, "ignore": 0, "add": 0, "rwdb_rd_id": 0, "orig_fid": 0, "prefix": "E", "uident": 0, "continent": "Europe", "expressway": 0, "level": "E", "min_zoom": 3.0, "min_label": 6.0 }, "geometry": { "type": "LineString", "coordinates": [ [ -4.489873903430919, 43.379263390148864 ], [ -4.652935603378783, 43.386963578643062 ], [ -4.677770169641605, 43.390708670319789 ], [ -4.77096140921882, 43.412677541432785 ] ] } },
{ "type": "Feature", "properties": { "scalerank": 3, "featurecla": "Road", "type": "Secondary Highway", "sov_a3": null, "note": null, "edited": "New in version 2.0.0", "name": "70", "namealt": null, "namealtt": null, "routeraw": "E70 N634", "question": 0, "length_km": 18, "toll": 0, "ne_part": "ne_europe_basic", "label": "E70", "label2": "N634", "local": "N634", "localtype": null, "localalt": null, "labelrank": 6, "ignore": 0, "add": 0, "rwdb_rd_id": 0, "orig_fid": 0, "prefix": "E", "uident": 0, "continent": "Europe", "expressway": 0, "level": "E", "min_zoom": 3.0, "min_label": 6.0 }, "geometry": { "type": "LineString", "coordinates": [ [ -6.111255051823616, 43.545319121721462 ], [ -6.149465778857039, 43.550639251953818 ], [ -6.208815565023677, 43.564744597240917 ], [ -6.227488522122105, 43.566815481267767 ], [ -6.237484183474233, 43.566797980839368 ], [ -6.268588278209887, 43.563111223923968 ] ] } },
{ "type": "Feature", "properties": { "scalerank": 3, "featurecla": "Road", "type": "Secondary Highway", "sov_a3": null, "note": null, "edited": "New in version 2.0.0", "name": "70", "namealt": null, "namealtt": null, "routeraw": "E70 N634", "question": 0, "length_km": 16, "toll": 0, "ne_part": "ne_europe_basic", "label": "E70", "label2": "N634", "local": "N634", "localtype": null, "localalt": null, "labelrank": 6, "ignore": 0, "add": 0, "rwdb_rd_id": 0, "orig_fid": 0, "prefix": "E", "uident": 0, "continent": "Europe", "expressway": 0, "level": "E", "min_zoom": 3.0, "min_label": 6.0 }, "geometry": { "type": "LineString", "coordinates": [ [ -6.530151139384092, 43.539602315112134 ], [ -6.560689386934943, 43.548510033165655 ], [ -6.594209999158263, 43.561472017130882 ], [ -6.597558414458014, 43.562422873740395 ], [ -6.606770931639424, 43.564114581818664 ], [ -6.615801152691709, 43.56505960495204 ], [ -6.634246604220991, 43.565047937999779 ], [ -6.642961817562153, 43.563881242773384 ], [ -6.668365147747839, 43.556367725515415 ] ] } },
{ "type": "Feature", "properties": { "scalerank": 3, "featurecla": "Road", "type": "Secondary Highway", "sov_a3": null, "note": null, "edited": "New in version 2.0.0", "name": "70", "namealt": null, "namealtt": null, "routeraw": "E70 N634", "question": 0, "length_km": 18, "toll": 0, "ne_part": "ne_europe_basic", "label": "E70", "label2": "N634", "local": "N634", "localtype": null, "localalt": null, "labelrank": 6, "ignore": 0, "add": 0, "rwdb_rd_id": 0, "orig_fid": 0, "prefix": "E", "uident": 0, "continent": "Europe", "expressway": 1, "level": "E", "min_zoom": 3.0, "min_label": 6.0 }, "geometry": { "type": "LineString", "coordinates": [ [ -6.775005466547309, 43.539806486776754 ], [ -6.935520854163567, 43.531307112052474 ] ] } },
{ "type": "Feature", "properties": { "scalerank": 3, "featurecla": "Road", "type": "Secondary Highway", "sov_a3": null, "note": null, "edited": "New in version 2.0.0", "name": "70", "namealt": null, "namealtt": null, "routeraw": "E70 N634", "question": 0, "length_km": 14, "toll": 0, "ne_part": "ne_europe_basic", "label": "E70", "label2": "N634", "local": "N634", "localtype": null, "localalt": null, "labelrank": 7, "ignore": 0, "add": 0, "rwdb_rd_id": 0, "orig_fid": 0, "prefix": "E", "uident": 0, "continent": "Europe", "expressway": 0, "level": "E", "min_zoom": 3.0, "min_label": 6.0 }, "geometry": { "type": "LineString", "coordinates": [ [ -7.467350122900875, 43.374001594677836 ], [ -7.593528211635338, 43.338662396270372 ] ] } },
{ "type": "Feature", "properties": { "scalerank": 3, "featurecla": "Road", "type": "Secondary Highway", "sov_a3": null, "note": null, "edited": "New in version 2.0.0", "name": "70", "namealt": null, "namealtt": null, "routeraw": "E70 N634", "question": 0, "length_km": 11, "toll": 0, "ne_part": "ne_europe_basic", "label": "E70", "label2": "N634", "local": "N634", "localtype": null, "localalt": null, "labelrank": 7, "ignore": 0, "add": 0, "rwdb_rd_id": 0, "orig_fid": 0, "prefix": "E", "uident": 0, "continent": "Europe", "expressway": 1, "level": "E", "min_zoom": 3.0, "min_label": 6.0 }, "geometry": { "type": "LineString", "coordinates": [ [ -7.710938585743456, 43.286779459552648 ], [ -7.717822087579176, 43.278834265060908 ], [ -7.729513832116673, 43.261911350802073 ], [ -7.752700441372212, 43.222593721672609 ], [ -7.765096578152644, 43.211410947927625 ], [ -7.781910114734007, 43.206995006495731 ] ] } },
{ "type": "Feature", "properties": { "scalerank": 4, "featurecla": "Road", "type": "Secondary Highway", "sov_a3": null, "note": null, "edited": "New in version 2.0.0", "name": "80", "namealt": null, "namealtt": null, "routeraw": "E80 A62", "question": 0, "length_km": 7, "toll": 0, "ne_part": "ne_europe_basic", "label": "E80", "label2": "A62", "local": "A62", "localtype": null, "localalt": null, "labelrank": 6, "ignore": 0, "add": 0, "rwdb_rd_id": 0, "orig_fid": 0, "prefix": "E", "uident": 0, "continent": "Europe", "expressway": 1, "level": "E", "min_zoom": 4.0, "min_label": 7.0 }, "geometry": { "type": "LineString", "coordinates": [ [ -5.017589113126157, 41.492717209070477 ], [ -5.015630523514847, 41.496788975410595 ], [ -5.01329129958593, 41.500557400991838 ], [ -5.010615192410391, 41.504104154480075 ], [ -5.007635744475987, 41.507481737160489 ], [ -5.003651480277853, 41.50978596023262 ], [ -4.999585547413872, 41.509260947380739 ], [ -4.995580866049277, 41.507149229020968 ], [ -4.988176726468776, 41.502330777735963 ], [ -4.984823936061925, 41.49965321219139 ], [ -4.98179344521137, 41.496631471555027 ], [ -4.979168380951982, 41.493236388446221 ], [ -4.978105229926932, 41.491282173942011 ], [ -4.977453338969184, 41.48925212424809 ], [ -4.977206874602611, 41.48712873893605 ], [ -4.977342502922678, 41.484929518434299 ], [ -4.977555424801494, 41.483471149401311 ], [ -4.977858765560356, 41.482111949462563 ], [ -4.978401278840632, 41.480851918618058 ], [ -4.979334635021747, 41.479691056867793 ], [ -4.980568415223658, 41.478559362498189 ], [ -4.981635941355808, 41.477381000319539 ], [ -4.982283457206456, 41.476010133428517 ], [ -4.982255748194827, 41.474295091445725 ] ] } },
{ "type": "Feature", "properties": { "scalerank": 6, "featurecla": "Road", "type": "Major Highway", "sov_a3": null, "note": null, "edited": "New in version 2.0.0", "name": "80", "namealt": null, "namealtt": null, "routeraw": "E80 IP5 A25", "question": 0, "length_km": 191, "toll": 0, "ne_part": "ne_europe_basic", "label": "E80", "label2": "IP5", "local": "IP5", "localtype": null, "localalt": "A25", "labelrank": 5, "ignore": 0, "add": 0, "rwdb_rd_id": 0, "orig_fid": 0, "prefix": "E", "uident": 0, "continent": "Europe", "expressway": 1, "level": "E", "min_zoom": 6.0, "min_label": 8.5 }, "geometry": { "type": "LineString", "coordinates": [ [ -8.488554079456062, 40.684605760508973 ], [ -8.463099706354221, 40.677360583153074 ], [ -8.439300582104824, 40.674432178134822 ], [ -8.421076802668557, 40.67404133523398 ], [ -8.392166094958524, 40.675913881072347 ], [ -8.382890867908696, 40.674000500901059 ], [ -8.374735668276205, 40.668429531195031 ], [ -8.371477671856502, 40.665244453226975 ], [ -8.367942585320527, 40.662415217302971 ], [ -8.364095407811496, 40.66004099251726 ], [ -8.350535492542736, 40.655111705185746 ], [ -8.345542036973772, 40.654120014243311 ], [ -8.340825671521076, 40.65424835071822 ], [ -8.336354312065923, 40.654761696617825 ], [ -8.333991754232475, 40.655205040803864 ], [ -8.332240253023853, 40.655998393557809 ], [ -8.325934265325195, 40.661371025075347 ], [ -8.323704419073751, 40.662905229298055 ], [ -8.319145557476617, 40.665116116752074 ], [ -8.314293563703853, 40.666708655736102 ], [ -8.295633731926721, 40.670459580888959 ], [ -8.272412121814391, 40.673102145576735 ], [ -8.267883885966951, 40.67421050604181 ], [ -8.230071293679535, 40.687073320912802 ], [ -8.215248430828204, 40.690736743923679 ], [ -8.210230182985679, 40.691209255490364 ], [ -8.204813800397147, 40.690882580826973 ], [ -8.199827636673348, 40.689826721647087 ], [ -8.172608637041586, 40.681169843067252 ], [ -8.16376800396359, 40.679320631133415 ], [ -8.154991539123044, 40.678323106714842 ], [ -8.144209816862134, 40.678153935907019 ], [ -8.133487887731578, 40.679098959040402 ], [ -8.128600893102021, 40.68017815212481 ], [ -8.105806585116357, 40.689400877889454 ], [ -8.096710737457586, 40.692113444290818 ], [ -8.087410718134196, 40.693915988415597 ], [ -8.077858400968099, 40.69469184074115 ], [ -8.069478612504527, 40.691920939578466 ], [ -8.064788497694424, 40.684827432601992 ], [ -8.061670504701889, 40.675978049309791 ], [ -8.058011456798111, 40.667945352676071 ], [ -8.048784355926371, 40.655140872566406 ], [ -8.045192392998112, 40.651238277034125 ], [ -8.037534497205872, 40.644716450718576 ], [ -8.029252419467509, 40.638923808919536 ], [ -8.025702749241207, 40.636992928319856 ], [ -8.021734527102437, 40.63552872581073 ], [ -8.003758670401778, 40.631480293375148 ], [ -7.955396236529699, 40.624170947781792 ], [ -7.935954718950883, 40.622887583032757 ], [ -7.916686747286992, 40.623785938357081 ], [ -7.906008569227428, 40.625232640437808 ], [ -7.895533104463446, 40.627566030890591 ], [ -7.869068081621741, 40.638521299066426 ], [ -7.859998484605562, 40.641088028564496 ], [ -7.850724715924766, 40.642663067120125 ], [ -7.841847623620946, 40.642960574402863 ], [ -7.831841753685588, 40.642248890314761 ], [ -7.826913924723108, 40.641496371893737 ], [ -7.822013804772254, 40.640248008001493 ], [ -7.817266813569866, 40.638369628687002 ], [ -7.803963571250915, 40.630669440192804 ], [ -7.795061686673531, 40.626661842090144 ], [ -7.785222070807933, 40.624065945211413 ], [ -7.725996246009096, 40.616540761001175 ], [ -7.597812899854269, 40.61355402122161 ], [ -7.588635383529653, 40.614084867549622 ], [ -7.586303451445897, 40.614446543069803 ], [ -7.579211402838457, 40.616820767855515 ], [ -7.576793426981755, 40.61741578242097 ], [ -7.569440330317413, 40.618354972078222 ], [ -7.551063422132678, 40.622059229422021 ], [ -7.533644662402622, 40.628592722689817 ], [ -7.485057639699463, 40.653303327584837 ], [ -7.469000996646223, 40.659101802860015 ], [ -7.452432466062401, 40.661353524646955 ], [ -7.435610179266838, 40.658279282725402 ], [ -7.42591056682841, 40.653396663202948 ], [ -7.399909305339197, 40.633965354207362 ], [ -7.39231703615344, 40.62966024882197 ], [ -7.38434267428104, 40.626364334807405 ], [ -7.376000803412325, 40.624240949495373 ], [ -7.367306007237627, 40.62346509716982 ], [ -7.358411414505408, 40.623960942641034 ], [ -7.293285028599087, 40.635155383338287 ], [ -7.283729794694924, 40.635015379911117 ], [ -7.274387482669578, 40.633510343069069 ], [ -7.266016444420206, 40.630179428197721 ], [ -7.26272928061984, 40.627752702126813 ], [ -7.260188801764368, 40.624707627585934 ], [ -7.25844021729381, 40.621137540193168 ], [ -7.257527278279159, 40.617112441662108 ], [ -7.253328633833174, 40.583161610574052 ], [ -7.251240249377929, 40.574399729423845 ], [ -7.248246217753199, 40.565929522080225 ], [ -7.244168617936953, 40.557692653781885 ], [ -7.238510146088942, 40.551754175079537 ], [ -7.230998087200003, 40.548761601823841 ], [ -7.222704342509378, 40.548131586401588 ], [ -7.214703729994383, 40.549286614675722 ], [ -7.131301063366607, 40.571500491786253 ], [ -7.105555016458165, 40.581504903352581 ], [ -7.096730425439532, 40.584164968468755 ], [ -7.088293760583674, 40.585646671406273 ], [ -7.079448752398577, 40.586323354637585 ], [ -7.070567284987657, 40.586259186400127 ], [ -7.004826925718444, 40.578728168713759 ], [ -6.987982763387386, 40.579101511186209 ], [ -6.891195185774809, 40.5967652769138 ], [ -6.868147121577405, 40.59923867079376 ] ] } },
{ "type": "Feature", "properties": { "scalerank": 6, "featurecla": "Road", "type": "Major Highway", "sov_a3": null, "note": null, "edited": "New in version 2.0.0", "name": "80", "namealt": null, "namealtt": null, "routeraw": "E80 A62", "question": 0, "length_km": 136, "toll": 0, "ne_part": "ne_europe_basic", "label": "E80", "label2": "A62", "local": "A62", "localtype": null, "localalt": null, "labelrank": 5, "ignore": 0, "add": 0, "rwdb_rd_id": 0, "orig_fid": 0, "prefix": "E", "uident": 0, "continent": "Europe", "expressway": 1, "level": "E", "min_zoom": 6.0, "min_label": 8.5 }, "geometry": { "type": "LineString", "coordinates": [ [ -6.868147121577405, 40.59923867079376 ], [ -6.85819083618917, 40.598357815897828 ], [ -6.848348303585507, 40.596706942152487 ], [ -6.792463602241256, 40.57686145635153 ], [ -6.788578507137366, 40.576108937930506 ], [ -6.656814865006542, 40.567667897967553 ], [ -6.635378298590592, 40.564167812288368 ], [ -6.626699544475258, 40.561624416694826 ], [ -6.609706628502835, 40.554997587808913 ], [ -6.601054125030096, 40.552325855740477 ], [ -6.590469282588639, 40.550109134810327 ], [ -6.585259988402793, 40.549461618959683 ], [ -6.579754645303247, 40.549210779486003 ], [ -6.576108722720768, 40.549420784626754 ], [ -6.532940999344206, 40.556601793745202 ], [ -6.5225661620435, 40.559541865715715 ], [ -6.514240333234149, 40.563870305005636 ], [ -6.492542718761296, 40.582928271528779 ], [ -6.426841735455973, 40.628172712408315 ], [ -6.420704918565143, 40.634052856349342 ], [ -6.415177699930105, 40.641029693803176 ], [ -6.410446750787077, 40.648601545822473 ], [ -6.394868452776659, 40.684442423177281 ], [ -6.389659158590813, 40.692959298329953 ], [ -6.383525258438048, 40.7004494816834 ], [ -6.376749675910766, 40.70670296809687 ], [ -6.368994069393317, 40.711603088047724 ], [ -6.359930305853272, 40.715039005489452 ], [ -6.345733083317093, 40.718649927215139 ], [ -6.312591647042353, 40.732650269931867 ], [ -6.215876987881426, 40.784854047836845 ], [ -6.201122668374644, 40.790576687922304 ], [ -6.185226445915031, 40.793925103222051 ], [ -6.133569556397426, 40.799723578497229 ], [ -6.099010585422615, 40.806385408239933 ], [ -6.095334037090442, 40.807388766134636 ], [ -5.878416227123218, 40.894879241161888 ], [ -5.860376202185108, 40.900024367110284 ], [ -5.784597888861814, 40.911586316803849 ], [ -5.774491391463179, 40.914281382776814 ], [ -5.76550346311285, 40.918516486448624 ], [ -5.754425691938241, 40.926753354746964 ], [ -5.750079752219925, 40.928853406154474 ], [ -5.741524959472397, 40.931402635224138 ], [ -5.715253899712078, 40.936016914844529 ] ] } },
{ "type": "Feature", "properties": { "scalerank": 6, "featurecla": "Road", "type": "Major Highway", "sov_a3": null, "note": null, "edited": "New in version 2.0.0", "name": null, "namealt": null, "namealtt": null, "routeraw": "AP66", "question": 0, "length_km": 127, "toll": 0, "ne_part": "ne_europe_basic", "label": "AP66", "label2": null, "local": "AP66", "localtype": null, "localalt": null, "labelrank": 5, "ignore": 0, "add": 0, "rwdb_rd_id": 0, "orig_fid": 0, "prefix": null, "uident": 0, "continent": "Europe", "expressway": 1, "level": null, "min_zoom": 6.0, "min_label": 8.5 }, "geometry": { "type": "LineString", "coordinates": [ [ -5.795405861765317, 43.546859159420308 ], [ -5.794304793145407, 43.446890878946775 ], [ -5.796209423102496, 43.429162944981719 ], [ -5.798361975795192, 43.418633520563517 ], [ -5.811154788952596, 43.379706734334903 ], [ -5.814685500381469, 43.371440698655903 ], [ -5.818857894184859, 43.363524671544823 ], [ -5.823737596969252, 43.356337828950231 ], [ -5.830680891935327, 43.348876812977451 ], [ -5.854294803317533, 43.329013826748096 ], [ -5.857258209192572, 43.32582874878004 ], [ -5.859900773880351, 43.322211993578222 ], [ -5.861981866490432, 43.318297731093672 ], [ -5.863257939394302, 43.314196797372901 ], [ -5.86368669989, 43.309028337519976 ], [ -5.862820428684401, 43.304839901657218 ], [ -5.860793295728545, 43.300954806553335 ], [ -5.85774967955669, 43.296673035072473 ], [ -5.850928887589387, 43.289468692049489 ], [ -5.842856814991777, 43.28365854982205 ], [ -5.82529659346552, 43.274354155391563 ], [ -5.82114899193569, 43.272592445599706 ], [ -5.798885530278035, 43.266187288806805 ], [ -5.794736470379174, 43.264367244253634 ], [ -5.790476574433804, 43.261835515612361 ], [ -5.782983474342291, 43.255436192295591 ], [ -5.77737312867237, 43.247916841561477 ], [ -5.773267819844499, 43.239405799884935 ], [ -5.770294205386229, 43.230037237217005 ], [ -5.769783776224681, 43.22654298501395 ], [ -5.769901904116352, 43.22285622809855 ], [ -5.770534836276671, 43.219204472039934 ], [ -5.784624139504405, 43.179320995725675 ], [ -5.786626480186705, 43.176007581282718 ], [ -5.790731789014579, 43.170821621001394 ], [ -5.792341828427002, 43.169526589300098 ], [ -5.802674373025749, 43.163424773266058 ], [ -5.809579750396967, 43.156902946950524 ], [ -5.813811937330708, 43.148228567942283 ], [ -5.816245955246771, 43.138620832752935 ], [ -5.818666847841538, 43.122082927918804 ], [ -5.817870578349524, 42.993962291632393 ], [ -5.818319756011686, 42.986932952893369 ], [ -5.819598745653622, 42.980055284533783 ], [ -5.822083806485839, 42.973556792122771 ], [ -5.824821165160763, 42.968738340837767 ], [ -5.831004649860649, 42.960291467398676 ], [ -5.834644738966997, 42.956056363726866 ], [ -5.836887710539738, 42.952742949283909 ], [ -5.838414622917281, 42.94906202584464 ], [ -5.846337941873529, 42.920775500080723 ], [ -5.848277572687408, 42.916820403263252 ], [ -5.850764091888657, 42.913891998245006 ], [ -5.854029380153527, 42.911914449836267 ], [ -5.858314068372458, 42.910835256751852 ], [ -5.886736222456438, 42.906757656935611 ], [ -5.890463813704766, 42.905287620950347 ], [ -5.893580348328268, 42.902977564402093 ], [ -5.895655607462217, 42.899664149959136 ], [ -5.898193169579624, 42.892074797511441 ], [ -5.90003508966829, 42.884444610730831 ], [ -5.900876568600328, 42.876674420523045 ], [ -5.900415723985901, 42.868653390841594 ], [ -5.898422133517801, 42.860212350878641 ], [ -5.895153928514866, 42.852202988149443 ], [ -5.890835697808178, 42.844683637415336 ], [ -5.885689113490749, 42.837700966485372 ], [ -5.873069846248271, 42.824692314711086 ], [ -5.85855907437, 42.81357954267969 ], [ -5.842763479373666, 42.804280981725327 ], [ -5.797502996434758, 42.785602191150772 ], [ -5.783792869155601, 42.778777024076362 ], [ -5.771280062852529, 42.769606799596914 ], [ -5.766282232176469, 42.764286669364559 ], [ -5.762386928489345, 42.75819068680665 ], [ -5.760129373226274, 42.751429687969704 ], [ -5.760047704560428, 42.744120342376348 ], [ -5.761481281319856, 42.738782711715594 ], [ -5.763786962761017, 42.733614251862676 ], [ -5.778300651377354, 42.706406919183173 ], [ -5.780308825535784, 42.696682514471178 ], [ -5.776820406808866, 42.688439812696714 ], [ -5.769034174541723, 42.682711339135125 ], [ -5.751605206228437, 42.673616949845382 ], [ -5.743835016020654, 42.667614302905591 ], [ -5.740814733753329, 42.664055882465085 ], [ -5.738278630004956, 42.659902447459125 ], [ -5.736659840378334, 42.655381503456852 ], [ -5.736388583738197, 42.650708889075148 ], [ -5.737459026608413, 42.646123776835417 ], [ -5.740603270243543, 42.637227725734164 ], [ -5.741271203260656, 42.6325259439718 ], [ -5.739589703765617, 42.62267903626104 ], [ -5.73513584473886, 42.613992990300538 ], [ -5.728880899956355, 42.606240300521151 ], [ -5.721809268515379, 42.599175960925336 ], [ -5.713858240547506, 42.593079978367435 ], [ -5.558028592634248, 42.514963899484258 ] ] } },
{ "type": "Feature", "properties": { "scalerank": 6, "featurecla": "Road", "type": "Major Highway", "sov_a3": null, "note": null, "edited": "New in version 2.0.0", "name": "80", "namealt": null, "namealtt": null, "routeraw": "E80 A62", "question": 0, "length_km": 94, "toll": 0, "ne_part": "ne_europe_basic", "label": "E80", "label2": "A62", "local": "A62", "localtype": null, "localalt": null, "labelrank": 6, "ignore": 0, "add": 0, "rwdb_rd_id": 0, "orig_fid": 0, "prefix": "E", "uident": 0, "continent": "Europe", "expressway": 1, "level": "E", "min_zoom": 6.0, "min_label": 8.5 }, "geometry": { "type": "LineString", "coordinates": [ [ -5.715253899712078, 40.936016914844529 ], [ -5.684919823825847, 40.960319176410302 ], [ -5.668679426274448, 40.970574427450302 ], [ -5.65077794639447, 40.978461287180721 ], [ -5.594505318887443, 40.992601633324611 ], [ -5.577610113640233, 41.002151033752639 ], [ -5.574193154995932, 41.005143607008343 ], [ -5.571085370586626, 41.008422020594509 ], [ -5.55874465182945, 41.024102404437244 ], [ -5.555063728390177, 41.027789161352644 ], [ -5.550773206695116, 41.031510919124841 ], [ -5.547690214559371, 41.033540968818762 ], [ -5.544015124596228, 41.035267677753822 ], [ -5.540160655242033, 41.036621044216446 ], [ -5.508454254095753, 41.04339954348179 ], [ -5.504512282599578, 41.044659574326289 ], [ -5.501006363444265, 41.046596288402107 ], [ -5.498624846813389, 41.04944302475451 ], [ -5.49683251127184, 41.054226475182716 ], [ -5.493920148312956, 41.069335178364518 ], [ -5.491093829127017, 41.078563737605293 ], [ -5.48658163533894, 41.087430621325879 ], [ -5.475528656437895, 41.103764354495397 ], [ -5.462804386625038, 41.118412213062761 ], [ -5.447943606178853, 41.129939161899529 ], [ -5.431143194918786, 41.13839186881475 ], [ -5.41260440777139, 41.143811168141355 ], [ -5.385340198699605, 41.14687957658677 ], [ -5.376712487500427, 41.149772980748224 ], [ -5.360467714841928, 41.158937371751541 ], [ -5.352941072262656, 41.164257501983897 ], [ -5.258829601825621, 41.25638559053607 ], [ -5.225956505452949, 41.293439830926324 ], [ -5.222804969972653, 41.296117396470898 ], [ -5.2190365443914, 41.298736627254151 ], [ -5.214725605529878, 41.301052517278542 ], [ -5.196425990903894, 41.308146024255016 ], [ -5.188263499426238, 41.312171122786069 ], [ -5.184165482443532, 41.314562848000179 ], [ -5.180238094637684, 41.317642923397855 ], [ -5.176791968612722, 41.321434682883634 ], [ -5.164541668735591, 41.338141758525595 ], [ -5.14396699841814, 41.373195116602588 ], [ -5.139007085336935, 41.380387792673304 ], [ -5.133316529370202, 41.386944619845636 ], [ -5.12663428246103, 41.392404753505161 ], [ -5.10055135230597, 41.40616009022434 ], [ -5.093643058196687, 41.412961923394214 ], [ -5.092652825623286, 41.414945305279083 ], [ -5.092050519212659, 41.417243694875083 ], [ -5.091233832554185, 41.421846307543206 ], [ -5.090573191382241, 41.423777188142878 ], [ -5.089539207737847, 41.425830571741329 ], [ -5.087121231881149, 41.429493994752207 ], [ -5.073236100318031, 41.445775226636528 ], [ -5.069613511640078, 41.448592795608278 ], [ -5.03854004265412, 41.462219795852548 ], [ -5.031380909071164, 41.466460733000488 ], [ -5.028150621663084, 41.469219967210911 ], [ -5.025957234637467, 41.472492547320947 ], [ -5.017621197244882, 41.492647207356896 ], [ -5.017610988661652, 41.492664707785295 ], [ -5.017608071923586, 41.492682208213687 ], [ -5.017589113126157, 41.492717209070477 ] ] } },
{ "type": "Feature", "properties": { "scalerank": 6, "featurecla": "Road", "type": "Major Highway", "sov_a3": null, "note": null, "edited": "New in version 2.0.0", "name": null, "namealt": null, "namealtt": null, "routeraw": "_untitled_272", "question": 0, "length_km": 57, "toll": 0, "ne_part": "ne_europe_basic", "label": null, "label2": null, "local": null, "localtype": null, "localalt": null, "labelrank": 5, "ignore": 0, "add": 0, "rwdb_rd_id": 0, "orig_fid": 0, "prefix": null, "uident": 0, "continent": "Europe", "expressway": 1, "level": null, "min_zoom": 6.0, "min_label": 8.5 }, "geometry": { "type": "LineString", "coordinates": [ [ -3.573230631434157, 43.400158901653576 ], [ -3.586767212798389, 43.401325596879971 ], [ -3.62975409841486, 43.41278254400315 ], [ -3.648243301015132, 43.414987597981039 ], [ -3.690073699988439, 43.415244270930842 ], [ -3.693242735897133, 43.414929263219719 ], [ -3.756805750200087, 43.403752322950865 ], [ -3.765725135205866, 43.403367313526161 ], [ -3.769823152188572, 43.403507316953323 ], [ -3.774125340835898, 43.404090664566525 ], [ -3.778207315759243, 43.405315694554233 ], [ -3.781646149939039, 43.407409912485612 ], [ -3.797991550060811, 43.420949410587909 ], [ -3.806536134225112, 43.42562785844575 ], [ -3.815699066859398, 43.428812936413806 ], [ -3.825265967715826, 43.430697149204427 ], [ -3.900030714561193, 43.430965489106498 ], [ -3.9479920969492, 43.425184514259719 ], [ -3.995333672498184, 43.410956665973849 ], [ -4.034627967723118, 43.384583520381227 ], [ -4.058441675662845, 43.342395820994831 ] ] } },
{ "type": "Feature", "properties": { "scalerank": 6, "featurecla": "Road", "type": "Major Highway", "sov_a3": null, "note": null, "edited": "New in version 2.0.0", "name": "80", "namealt": null, "namealtt": null, "routeraw": "E80", "question": 0, "length_km": 163, "toll": 0, "ne_part": "ne_europe_basic", "label": "E80", "label2": null, "local": null, "localtype": null, "localalt": null, "labelrank": 5, "ignore": 0, "add": 0, "rwdb_rd_id": 0, "orig_fid": 0, "prefix": "E", "uident": 0, "continent": "Europe", "expressway": 1, "level": "E", "min_zoom": 6.0, "min_label": 8.5 }, "geometry": { "type": "LineString", "coordinates": [ [ -4.97984360581426, 41.498597353011505 ], [ -4.970795884333576, 41.498492350441126 ], [ -4.96172045384127, 41.49913986629177 ], [ -4.952843361537447, 41.500907409559758 ], [ -4.94439794646739, 41.504156655765271 ], [ -4.937951955341564, 41.508123419535004 ], [ -4.93213014616186, 41.512936037343877 ], [ -4.905775959366665, 41.541105893585154 ], [ -4.765658779414863, 41.671303247374539 ], [ -4.746740816318891, 41.68626028017691 ], [ -4.704938126357209, 41.710562541742682 ], [ -4.685521401051954, 41.724988728217042 ], [ -4.610542273958739, 41.802626462057404 ], [ -4.482306426518726, 41.959319464438188 ], [ -4.464822040182185, 41.977321571781438 ], [ -4.455415559919388, 41.985733444363738 ], [ -4.445387814448534, 41.993066123861624 ], [ -4.43536006897768, 41.99836292018945 ], [ -4.424750434262663, 42.00210801186617 ], [ -4.413735372956477, 42.004575572269992 ], [ -4.354512464895706, 42.010024038977249 ], [ -4.260271199614731, 42.036910530469491 ], [ -4.246625240573028, 42.043514025450875 ], [ -4.184809352371598, 42.087661772817611 ], [ -4.165243873424977, 42.099550397174561 ], [ -4.10308818523886, 42.12802942765083 ], [ -4.085444836677723, 42.138903027160815 ], [ -4.077194843058088, 42.145162347050416 ], [ -4.069395485469649, 42.151999181077088 ], [ -4.007082293427967, 42.224818463632438 ], [ -3.989198313976388, 42.24130970065751 ], [ -3.96917636552244, 42.255059203900558 ], [ -3.945550787187969, 42.265267787131506 ], [ -3.870182275562946, 42.281484850778369 ], [ -3.818704765436397, 42.297270237191483 ], [ -3.800952039197785, 42.300105306591618 ], [ -3.687677599667236, 42.308412176603539 ] ] } },
{ "type": "Feature", "properties": { "scalerank": 6, "featurecla": "Road", "type": "Major Highway", "sov_a3": null, "note": null, "edited": "New in version 2.0.0", "name": "901", "namealt": null, "namealtt": null, "routeraw": "E901 A3", "question": 0, "length_km": 80, "toll": 0, "ne_part": "ne_europe_basic", "label": "E901", "label2": "A3", "local": "A3", "localtype": null, "localalt": null, "labelrank": 5, "ignore": 0, "add": 0, "rwdb_rd_id": 0, "orig_fid": 0, "prefix": "E", "uident": 0, "continent": "Europe", "expressway": 1, "level": "E", "min_zoom": 6.0, "min_label": 8.5 }, "geometry": { "type": "LineString", "coordinates": [ [ -3.592352766194747, 40.34531912172146 ], [ -3.575584439053408, 40.336195565051071 ], [ -3.567591118383579, 40.330957103484565 ], [ -3.56063178135814, 40.324598614500715 ], [ -3.554741428833886, 40.318129289470363 ], [ -3.551425097652864, 40.315265052689568 ], [ -3.547682922714205, 40.313019164378758 ], [ -3.509049268661215, 40.295227062176252 ], [ -3.505676061087904, 40.29315617814941 ], [ -3.502409314454002, 40.290385276986726 ], [ -3.485308479173138, 40.273328192776845 ], [ -3.481274630427883, 40.270189782617848 ], [ -3.462919597778647, 40.259742026865496 ], [ -3.454564601588636, 40.257163630415164 ], [ -3.445604382249932, 40.25658028280197 ], [ -3.395252733016854, 40.262215420745449 ], [ -3.391264093711619, 40.262378758077148 ], [ -3.387460667273576, 40.262145419031867 ], [ -3.377833973286798, 40.26036037533548 ], [ -3.368615622629253, 40.256976959178942 ], [ -3.360988352586705, 40.251295153426412 ], [ -3.356142192290076, 40.242597440513642 ], [ -3.356015314184205, 40.233485550795507 ], [ -3.36182399804261, 40.215174269217258 ], [ -3.361564408354738, 40.205852374358379 ], [ -3.359693320885409, 40.201675605447889 ], [ -3.35695450384145, 40.197697174725889 ], [ -3.350528929882088, 40.190743671176577 ], [ -3.343894809151006, 40.184630188190283 ], [ -3.336780885008075, 40.179123386721699 ], [ -3.300627916680202, 40.156769506184006 ], [ -3.285555672724232, 40.149611830970073 ], [ -3.277749023290625, 40.146823429378998 ], [ -3.218122147007715, 40.132840587090669 ], [ -3.200187124639982, 40.12705377876776 ], [ -3.191789835748015, 40.123017013284439 ], [ -3.176140077654978, 40.113333442905372 ], [ -3.099667580671976, 40.048500189174675 ], [ -3.065918004510479, 40.013931009616641 ], [ -3.063511695606042, 40.010617595173684 ], [ -3.061602690541854, 40.00732751463525 ], [ -3.056617985187088, 39.997153932261099 ], [ -3.055349204128387, 39.995386388993111 ], [ -3.053619578455258, 39.993863851722665 ], [ -3.049913862742425, 39.991180452701961 ], [ -3.046517321264584, 39.989512078528222 ], [ -3.041965751512617, 39.988392051110878 ], [ -3.037280011809614, 39.987785369593155 ], [ -2.994118121909185, 39.988059542971357 ], [ -2.984891021037445, 39.986607007414499 ], [ -2.975952677234236, 39.982896916594569 ] ] } },
{ "type": "Feature", "properties": { "scalerank": 6, "featurecla": "Road", "type": "Secondary Highway", "sov_a3": null, "note": null, "edited": "New in version 2.0.0", "name": null, "namealt": null, "namealtt": null, "routeraw": "N623", "question": 0, "length_km": 30, "toll": 0, "ne_part": "ne_europe_basic", "label": "N623", "label2": null, "local": "N623", "localtype": null, "localalt": null, "labelrank": 5, "ignore": 0, "add": 0, "rwdb_rd_id": 0, "orig_fid": 0, "prefix": null, "uident": 0, "continent": "Europe", "expressway": 0, "level": null, "min_zoom": 6.0, "min_label": 8.5 }, "geometry": { "type": "LineString", "coordinates": [ [ -3.957359201248106, 43.325093730787415 ], [ -3.955629575574978, 43.305819925647398 ], [ -3.954541632276367, 43.300919805696537 ], [ -3.943701575254135, 43.267779827790832 ], [ -3.94289801391696, 43.263334718978271 ], [ -3.941209222576752, 43.230188907596428 ], [ -3.939466471582328, 43.220511170693499 ], [ -3.935995553283806, 43.211725955638755 ], [ -3.929933113213661, 43.202806570632973 ], [ -3.904946876571408, 43.17634008942224 ], [ -3.89829817215, 43.167922383363802 ], [ -3.896623964500122, 43.165063980059145 ], [ -3.895789777413253, 43.162304745848722 ], [ -3.895502478713752, 43.159434675591797 ], [ -3.895623523343492, 43.110048466658554 ], [ -3.894012025562034, 43.096853143648048 ], [ -3.889472122762331, 43.085297027430613 ], [ -3.882585704188543, 43.074796770393071 ], [ -3.864217546218008, 43.053842924127039 ], [ -3.859900773880351, 43.04796861366215 ], [ -3.856256309666907, 43.041639292058967 ], [ -3.853066856591752, 43.032369898485271 ], [ -3.850166160585133, 43.003494191632029 ] ] } },
{ "type": "Feature", "properties": { "scalerank": 6, "featurecla": "Road", "type": "Secondary Highway", "sov_a3": null, "note": null, "edited": "New in version 2.0.0", "name": null, "namealt": null, "namealtt": null, "routeraw": "N623", "question": 0, "length_km": 67, "toll": 0, "ne_part": "ne_europe_basic", "label": "N623", "label2": null, "local": "N623", "localtype": null, "localalt": null, "labelrank": 5, "ignore": 0, "add": 0, "rwdb_rd_id": 0, "orig_fid": 0, "prefix": null, "uident": 0, "continent": "Europe", "expressway": 0, "level": null, "min_zoom": 6.0, "min_label": 8.5 }, "geometry": { "type": "LineString", "coordinates": [ [ -3.850166160585133, 43.003494191632029 ], [ -3.836142483963879, 42.961959841572423 ], [ -3.78968030494179, 42.886731333374563 ], [ -3.774180758859153, 42.845716162690692 ], [ -3.772780724587481, 42.827667387538384 ], [ -3.774966819767936, 42.809857784907493 ], [ -3.795405861765317, 42.743449492621167 ], [ -3.797535080553484, 42.727022423833546 ], [ -3.795732536428709, 42.710554520713004 ], [ -3.788814033736195, 42.694646631301126 ], [ -3.777991477142361, 42.681614645622311 ], [ -3.76451323053945, 42.670991885585991 ], [ -3.72168384877854, 42.647027965635871 ], [ -3.71599475118084, 42.641101153885792 ], [ -3.713299685207868, 42.633815142196966 ], [ -3.712776130725025, 42.625794112515507 ], [ -3.713603025966734, 42.617679747215945 ], [ -3.713356561600158, 42.60622863356889 ], [ -3.710082523121091, 42.595022525919376 ], [ -3.700826254868691, 42.573391996422046 ], [ -3.684908156873583, 42.523364105114283 ], [ -3.670579681124437, 42.446513890551742 ], [ -3.669797995322753, 42.439064541531224 ], [ -3.670022584153834, 42.435354450711287 ], [ -3.671149903416335, 42.431761029413991 ], [ -3.677253177819409, 42.418081527884532 ], [ -3.679690112473537, 42.411069689573907 ], [ -3.686566322464095, 42.376658013871427 ], [ -3.68846074383795, 42.360155109894094 ], [ -3.68537483496414, 42.302887874706563 ] ] } },
{ "type": "Feature", "properties": { "scalerank": 6, "featurecla": "Road", "type": "Major Highway", "sov_a3": null, "note": null, "edited": "New in version 2.0.0", "name": "70", "namealt": null, "namealtt": null, "routeraw": "E70 A6", "question": 0, "length_km": 26, "toll": 0, "ne_part": "ne_europe_basic", "label": "E70", "label2": "A6", "local": "A6", "localtype": null, "localalt": null, "labelrank": 7, "ignore": 0, "add": 0, "rwdb_rd_id": 0, "orig_fid": 0, "prefix": "E", "uident": 0, "continent": "Europe", "expressway": 1, "level": "E", "min_zoom": 6.0, "min_label": 8.5 }, "geometry": { "type": "LineString", "coordinates": [ [ -8.258324276955689, 43.267983999455453 ], [ -8.267609712588747, 43.266869805514247 ], [ -8.272175866031045, 43.266723968610947 ], [ -8.276848480412752, 43.267173146273109 ], [ -8.286676429326084, 43.269594038867872 ], [ -8.309429902978826, 43.277562567264141 ], [ -8.313939180028836, 43.278320919161303 ], [ -8.319355562617368, 43.278449255636204 ], [ -8.335859924963739, 43.277270893457541 ], [ -8.346018923647561, 43.27740506340858 ], [ -8.385772605117888, 43.282031009981225 ], [ -8.413548701720252, 43.282322683787825 ], [ -8.434995476719433, 43.285455260470698 ], [ -8.454543455237657, 43.293196283297817 ], [ -8.472802235530716, 43.304064049331672 ], [ -8.490378499116336, 43.316588522587011 ] ] } },
{ "type": "Feature", "properties": { "scalerank": 7, "featurecla": "Road", "type": "Major Highway", "sov_a3": null, "note": null, "edited": "New in version 2.0.0", "name": null, "namealt": null, "namealtt": null, "routeraw": "A13", "question": 0, "length_km": 53, "toll": 0, "ne_part": "ne_europe_basic", "label": "A13", "label2": null, "local": "A13", "localtype": null, "localalt": null, "labelrank": 6, "ignore": 0, "add": 0, "rwdb_rd_id": 0, "orig_fid": 0, "prefix": null, "uident": 0, "continent": "Europe", "expressway": 1, "level": null, "min_zoom": 7.0, "min_label": 9.5 }, "geometry": { "type": "LineString", "coordinates": [ [ -8.715369840050201, 39.262509282105597 ], [ -8.706335243890816, 39.260724238409217 ], [ -8.697309397945629, 39.257667496916071 ], [ -8.689829423175413, 39.252452369254087 ], [ -8.685422231957711, 39.244198000527348 ], [ -8.684643462894094, 39.234222756341687 ], [ -8.686319128913002, 39.22448668467743 ], [ -8.692604699445196, 39.205277047774864 ], [ -8.692581365540669, 39.201088611912112 ], [ -8.690459438597665, 39.197279351997935 ], [ -8.687162066214071, 39.19418760964799 ], [ -8.683613854356802, 39.192157559954069 ], [ -8.674144664225585, 39.189030816747334 ], [ -8.645417711013708, 39.181838140676618 ], [ -8.636227069367793, 39.178600561423373 ], [ -8.627345601956874, 39.174388791656092 ], [ -8.623489674233642, 39.172107902488492 ], [ -8.619662913891071, 39.169383669134866 ], [ -8.616269289151299, 39.166204424642942 ], [ -8.613708393129365, 39.162535168155934 ], [ -8.61175126188709, 39.157728383823198 ], [ -8.610778529742085, 39.153084936822147 ], [ -8.609783922061585, 39.133548625256182 ], [ -8.605782157435055, 39.105232932111619 ], [ -8.605901743695759, 39.100997828439802 ], [ -8.606803015758148, 39.097456908427702 ], [ -8.60883160708304, 39.094563504266247 ], [ -8.612340442976418, 39.092288448574777 ], [ -8.643023069061536, 39.077798093862967 ], [ -8.650475334820126, 39.072221290680808 ], [ -8.655789631576347, 39.065261953655373 ], [ -8.656286935416599, 39.057421761734005 ], [ -8.650169077323197, 39.038013786642949 ], [ -8.648356324615188, 39.028236880645771 ], [ -8.647940689440786, 39.01791746136832 ], [ -8.650320747702628, 39.008980575934146 ], [ -8.655799840159579, 39.001887068957672 ], [ -8.663063976312912, 38.996222763633533 ], [ -8.687828540862148, 38.981592405494553 ], [ -8.695196221216824, 38.97535058603335 ], [ -8.700923236409382, 38.967300388971239 ], [ -8.705085421629542, 38.957570150783113 ], [ -8.71367813197193, 38.926781063758582 ], [ -8.717297803911817, 38.918340023795629 ], [ -8.722657310108062, 38.911404020674723 ], [ -8.729281222255912, 38.905535543685957 ], [ -8.75685898066979, 38.887020090443094 ], [ -8.761247213090062, 38.884972540320774 ], [ -8.765919827471768, 38.884080018472588 ], [ -8.77548381159013, 38.884091685424849 ] ] } },
{ "type": "Feature", "properties": { "scalerank": 7, "featurecla": "Road", "type": "Major Highway", "sov_a3": null, "note": null, "edited": "New in version 2.0.0", "name": null, "namealt": null, "namealtt": null, "routeraw": "IC1 A17", "question": 0, "length_km": 126, "toll": 0, "ne_part": "ne_europe_basic", "label": "IC1", "label2": null, "local": "IC1", "localtype": null, "localalt": "A17", "labelrank": 6, "ignore": 0, "add": 0, "rwdb_rd_id": 0, "orig_fid": 0, "prefix": null, "uident": 0, "continent": "Europe", "expressway": 1, "level": null, "min_zoom": 7.0, "min_label": 9.5 }, "geometry": { "type": "LineString", "coordinates": [ [ -9.15979321916417, 38.802551356052206 ], [ -9.166017538196979, 38.808023156663985 ], [ -9.171212248692497, 38.814719987263487 ], [ -9.179384948753382, 38.829426180592179 ], [ -9.194359481984144, 38.866352084507533 ], [ -9.219096337521753, 38.952541694357357 ], [ -9.224350841147624, 38.97736313529888 ], [ -9.22854073537941, 38.98914675708545 ], [ -9.237611790764619, 39.009727260879039 ], [ -9.239112452499569, 39.014475710450455 ], [ -9.239986015550331, 39.019369996925178 ], [ -9.240063309109079, 39.025436812102427 ], [ -9.239316624164188, 39.031427792089957 ], [ -9.235434445798363, 39.048735715773503 ], [ -9.234680469008305, 39.05426585114661 ], [ -9.234584216652129, 39.059819320424246 ], [ -9.235365902453813, 39.065384456654144 ], [ -9.246213251321207, 39.107817162038074 ], [ -9.247241401489466, 39.11480566644417 ], [ -9.245831158634562, 39.128070991168272 ], [ -9.240104143442004, 39.139988782905874 ], [ -9.231870191881731, 39.150804047654546 ], [ -9.215997303326645, 39.168706985903555 ], [ -9.203054278158842, 39.185950741349657 ], [ -9.182882117694497, 39.223028315644441 ], [ -9.176908638135362, 39.237413667785873 ], [ -9.172782912141029, 39.251752352118245 ], [ -9.172094561957456, 39.256524135594205 ], [ -9.172020185136773, 39.281293075250531 ], [ -9.171118913074384, 39.290649970966214 ], [ -9.16931782731864, 39.29983186239793 ], [ -9.166268377670653, 39.308897084307006 ], [ -9.163991863610153, 39.313552198260318 ], [ -9.153113888993065, 39.329996767476331 ], [ -9.151626352579415, 39.333841028247306 ], [ -9.150797998968676, 39.337889460682888 ], [ -9.150529659066605, 39.342217899972809 ], [ -9.151089672775273, 39.352146476349418 ], [ -9.156297508592088, 39.381704699910102 ], [ -9.156243548937868, 39.390484081488708 ], [ -9.153567441762327, 39.398919287975531 ], [ -9.149155875437526, 39.406759479896898 ], [ -9.126204063596299, 39.435040172184678 ], [ -9.121451238917778, 39.44197034182946 ], [ -9.119715779768518, 39.44542375969958 ], [ -9.102000971124763, 39.488509814410293 ], [ -9.094147653882102, 39.50433020168019 ], [ -9.084394081789451, 39.519030561532752 ], [ -9.077577664929247, 39.526089067652435 ], [ -9.036453116567907, 39.552386378055346 ], [ -9.021713380751457, 39.563732489132022 ], [ -9.00869014528684, 39.576840310000549 ], [ -8.998290515712574, 39.592322355654794 ], [ -8.983889121511778, 39.618835504674593 ], [ -8.890146618440088, 39.743339385759178 ], [ -8.847215150846871, 39.789225509013235 ], [ -8.841116251550899, 39.797164870028844 ], [ -8.836478638025985, 39.805798414704157 ], [ -8.834620675877954, 39.815126143039173 ], [ -8.836647808833812, 39.844281856746747 ], [ -8.83589091530569, 39.854128764457514 ], [ -8.833630443304552, 39.862575637896597 ], [ -8.829821183390377, 39.871034178287957 ], [ -8.824702308084575, 39.878769367638938 ], [ -8.818524656860822, 39.885022854052409 ], [ -8.789806453863143, 39.908035917393022 ], [ -8.786824089190675, 39.911384332692776 ], [ -8.782326479092928, 39.926895545727675 ], [ -8.788047660809355, 39.94229592271607 ], [ -8.797000588302893, 39.957719633608995 ], [ -8.802211340857774, 39.973295014881344 ] ] } },
{ "type": "Feature", "properties": { "scalerank": 7, "featurecla": "Road", "type": "Major Highway", "sov_a3": null, "note": null, "edited": "New in version 2.0.0", "name": null, "namealt": null, "namealtt": null, "routeraw": "IC1 A17", "question": 0, "length_km": 88, "toll": 0, "ne_part": "ne_europe_basic", "label": "IC1", "label2": null, "local": "IC1", "localtype": null, "localalt": "A17", "labelrank": 6, "ignore": 0, "add": 0, "rwdb_rd_id": 0, "orig_fid": 0, "prefix": null, "uident": 0, "continent": "Europe", "expressway": 1, "level": null, "min_zoom": 7.0, "min_label": 9.5 }, "geometry": { "type": "LineString", "coordinates": [ [ -8.801384445616067, 39.967379870083533 ], [ -8.811119058911288, 39.977355114269201 ], [ -8.819918857656361, 39.988613723203898 ], [ -8.826513602423551, 40.00107986169791 ], [ -8.829625761939957, 40.014683528037665 ], [ -8.828927203173153, 40.024652938747195 ], [ -8.825839835930308, 40.033974833606081 ], [ -8.820922215551059, 40.042585044376864 ], [ -8.814729980636976, 40.050413569345963 ], [ -8.764621879032406, 40.093272118487533 ], [ -8.750892792955819, 40.110090030175996 ], [ -8.746844360520234, 40.119015248657902 ], [ -8.745305781190426, 40.128436312611029 ], [ -8.746472476416821, 40.137874876992555 ], [ -8.750542784387902, 40.146852596759658 ], [ -8.759186537646444, 40.154961128583089 ], [ -8.770083471060961, 40.158776221973397 ], [ -8.793744050252222, 40.161552956612212 ], [ -8.799131265460094, 40.162725485314738 ], [ -8.804231181968467, 40.164650532438287 ], [ -8.808782751720434, 40.167538103123618 ], [ -8.812530760135225, 40.171598202511461 ], [ -8.815874800327874, 40.178295033110963 ], [ -8.817645260333927, 40.185831884273469 ], [ -8.818074020829627, 40.19362540838577 ], [ -8.817395879229286, 40.201086424358564 ], [ -8.812192418519571, 40.218336013280791 ], [ -8.803405745095793, 40.234582244308321 ], [ -8.745267863595569, 40.309524912175711 ], [ -8.734986361912975, 40.325881979249743 ], [ -8.725056327167334, 40.346981662419076 ], [ -8.683777191688497, 40.484179187566824 ], [ -8.674046953500374, 40.506439732486413 ], [ -8.661672692255438, 40.527533582179615 ], [ -8.647116710937144, 40.54658571522662 ], [ -8.593486648117899, 40.604488799312534 ], [ -8.561277109655238, 40.651529950840718 ], [ -8.555639054973692, 40.658296783153801 ], [ -8.541768507100905, 40.667612844536549 ], [ -8.525132891541565, 40.671585441782426 ], [ -8.490763508541045, 40.67225045806147 ] ] } },
{ "type": "Feature", "properties": { "scalerank": 7, "featurecla": "Road", "type": "Major Highway", "sov_a3": null, "note": null, "edited": "New in version 2.0.0", "name": null, "namealt": null, "namealtt": null, "routeraw": "AG51", "question": 0, "length_km": 34, "toll": 0, "ne_part": "ne_europe_basic", "label": "AG51", "label2": null, "local": "AG51", "localtype": null, "localalt": null, "labelrank": 6, "ignore": 0, "add": 0, "rwdb_rd_id": 0, "orig_fid": 0, "prefix": null, "uident": 0, "continent": "Europe", "expressway": 1, "level": null, "min_zoom": 7.0, "min_label": 9.5 }, "geometry": { "type": "LineString", "coordinates": [ [ -8.881030353614856, 42.091949377774611 ], [ -8.863602843670602, 42.091686871348671 ], [ -8.846375130283869, 42.094708611985027 ], [ -8.829615553356724, 42.100110410883232 ], [ -8.796584953128491, 42.11558662306134 ], [ -8.72938330808822, 42.154752581811373 ], [ -8.692063644533956, 42.171512158738516 ], [ -8.586642522246068, 42.205252984685814 ] ] } },
{ "type": "Feature", "properties": { "scalerank": 7, "featurecla": "Road", "type": "Secondary Highway", "sov_a3": null, "note": null, "edited": "New in version 2.0.0", "name": null, "namealt": null, "namealtt": null, "routeraw": "AP9", "question": 0, "length_km": 20, "toll": 0, "ne_part": "ne_europe_basic", "label": "AP9", "label2": null, "local": "AP9", "localtype": null, "localalt": null, "labelrank": 6, "ignore": 0, "add": 0, "rwdb_rd_id": 0, "orig_fid": 0, "prefix": null, "uident": 0, "continent": "Europe", "expressway": 0, "level": null, "min_zoom": 7.0, "min_label": 9.5 }, "geometry": { "type": "LineString", "coordinates": [ [ -8.411737407381276, 43.378750044249259 ], [ -8.40718146252221, 43.379193388435283 ], [ -8.404896198247512, 43.379193388435283 ], [ -8.402724686757386, 43.378750044249259 ], [ -8.400429213899457, 43.377315009120792 ], [ -8.399230434554338, 43.375261625522342 ], [ -8.398668962476636, 43.372782398166251 ], [ -8.398285411420959, 43.370081498717155 ], [ -8.398324787384849, 43.365613056000065 ], [ -8.400112747819298, 43.356419497616081 ], [ -8.399981494606328, 43.351962721851258 ], [ -8.396838709340232, 43.342617493087843 ], [ -8.39187150441386, 43.334993139783364 ], [ -8.385078421458184, 43.328862156368665 ], [ -8.376453626997069, 43.32397953684621 ], [ -8.367903209356637, 43.320835293211076 ], [ -8.290425896109907, 43.307394964203027 ], [ -8.273912783549338, 43.301736492355019 ], [ -8.272034404234846, 43.300569797128624 ], [ -8.263411068142764, 43.293417955390829 ] ] } },
{ "type": "Feature", "properties": { "scalerank": 7, "featurecla": "Road", "type": "Major Highway", "sov_a3": null, "note": null, "edited": "New in version 2.0.0", "name": null, "namealt": null, "namealtt": null, "routeraw": "IP6", "question": 0, "length_km": 95, "toll": 0, "ne_part": "ne_europe_basic", "label": "IP6", "label2": null, "local": "IP6", "localtype": null, "localalt": null, "labelrank": 6, "ignore": 0, "add": 0, "rwdb_rd_id": 0, "orig_fid": 0, "prefix": null, "uident": 0, "continent": "Europe", "expressway": 1, "level": null, "min_zoom": 7.0, "min_label": 9.5 }, "geometry": { "type": "LineString", "coordinates": [ [ -8.643087237298989, 39.468594326895754 ], [ -8.110409197784479, 39.512922912022582 ], [ -8.083843547479498, 39.51278874207155 ], [ -8.028622404045258, 39.505316059146494 ], [ -8.01468768793502, 39.504855214532071 ], [ -7.986905757856523, 39.506908598130522 ], [ -7.846922747855757, 39.541652781972523 ], [ -7.842311384973435, 39.542189461776665 ], [ -7.814258198254802, 39.542142793967606 ], [ -7.804732131731299, 39.543081983624859 ], [ -7.790338029375668, 39.546494567162057 ] ] } },
{ "type": "Feature", "properties": { "scalerank": 7, "featurecla": "Road", "type": "Major Highway", "sov_a3": null, "note": null, "edited": "New in version 2.0.0", "name": "802", "namealt": null, "namealtt": null, "routeraw": "E802 IP2 A23", "question": 0, "length_km": 120, "toll": 0, "ne_part": "ne_europe_basic", "label": "E802", "label2": "IP2", "local": "IP2", "localtype": null, "localalt": "A23", "labelrank": 6, "ignore": 0, "add": 0, "rwdb_rd_id": 0, "orig_fid": 0, "prefix": "E", "uident": 0, "continent": "Europe", "expressway": 1, "level": "E", "min_zoom": 7.0, "min_label": 9.5 }, "geometry": { "type": "LineString", "coordinates": [ [ -7.794853139901811, 39.555209780503219 ], [ -7.791455140054943, 39.576146126340845 ], [ -7.782897430569346, 39.595227426768517 ], [ -7.771021931533692, 39.612815357306403 ], [ -7.736811510757764, 39.656187252347578 ], [ -7.733694976134263, 39.659156491698752 ], [ -7.729467164307618, 39.661425713914085 ], [ -7.720560904623134, 39.664027444268939 ], [ -7.716127462762842, 39.665818321441456 ], [ -7.709544384947915, 39.671424292004275 ], [ -7.700307075492944, 39.686672998613247 ], [ -7.694750689477246, 39.693468998306983 ], [ -7.660448391452242, 39.723698071622842 ], [ -7.644628004182344, 39.735499193837811 ], [ -7.627397374057544, 39.745223598549799 ], [ -7.578928479246056, 39.768248328842681 ], [ -7.573173755041871, 39.772232593040812 ], [ -7.512789985230839, 39.830695690835398 ], [ -7.497307939576597, 39.852267885571408 ], [ -7.492874497716301, 39.860627256868526 ], [ -7.490312143325333, 39.869383304542609 ], [ -7.485802866275321, 39.899390705765448 ], [ -7.482824876709952, 39.908893438384425 ], [ -7.46441296766843, 39.947907726755027 ], [ -7.461149137772594, 39.956838778713063 ], [ -7.459947441689408, 39.965822331956304 ], [ -7.460821004740172, 39.984407786912747 ], [ -7.474417379234755, 40.06804233421677 ], [ -7.483672189118121, 40.177583349022861 ], [ -7.487666661899485, 40.195737126745541 ], [ -7.487778956315026, 40.197918846818901 ], [ -7.487172274797302, 40.203052305815035 ], [ -7.486068289439327, 40.20776575452966 ], [ -7.484395540158484, 40.212304198960339 ], [ -7.482076733396028, 40.216930145532984 ], [ -7.476842646936621, 40.225120346022265 ], [ -7.470670829188997, 40.232954704467502 ], [ -7.463866079281058, 40.24024654963246 ], [ -7.456717154281332, 40.246826710709321 ], [ -7.450015948574734, 40.251901834944135 ], [ -7.391732230171211, 40.281710897978485 ], [ -7.379969025551098, 40.289335251282971 ], [ -7.376146640315625, 40.292479494918098 ], [ -7.372748640468753, 40.296253753975485 ], [ -7.371507568421677, 40.300325520315596 ], [ -7.372602803565453, 40.304601458320327 ], [ -7.374503058415442, 40.308848228944399 ], [ -7.375685795701198, 40.312820826190276 ], [ -7.374698479865863, 40.317283435431229 ], [ -7.371621321206252, 40.320748520253616 ], [ -7.367551013235172, 40.323449419702712 ], [ -7.359133307176741, 40.327830360277829 ], [ -7.33647316914211, 40.335769721293431 ], [ -7.33247577962268, 40.337852272272542 ], [ -7.328853190944727, 40.340780677290795 ], [ -7.292701680985893, 40.384951758562053 ], [ -7.27879467388728, 40.398829598280003 ], [ -7.272373475035018, 40.406401450299299 ], [ -7.267307101014403, 40.41461498469311 ], [ -7.261130908159682, 40.42688861847477 ], [ -7.250842114631922, 40.467927123063163 ], [ -7.245834075372628, 40.479302401520499 ], [ -7.23929912373579, 40.489884327223891 ], [ -7.231267885471105, 40.499416227223527 ], [ -7.210092367112061, 40.52012506749201 ], [ -7.200604218183415, 40.531453678140295 ], [ -7.193468418504988, 40.544182323060248 ] ] } },
{ "type": "Feature", "properties": { "scalerank": 7, "featurecla": "Road", "type": "Major Highway", "sov_a3": null, "note": null, "edited": "New in version 2.0.0", "name": null, "namealt": null, "namealtt": null, "routeraw": "AP53", "question": 0, "length_km": 68, "toll": 0, "ne_part": "ne_europe_basic", "label": "AP53", "label2": null, "local": "AP53", "localtype": null, "localalt": null, "labelrank": 6, "ignore": 0, "add": 0, "rwdb_rd_id": 0, "orig_fid": 0, "prefix": null, "uident": 0, "continent": "Europe", "expressway": 1, "level": null, "min_zoom": 7.0, "min_label": 9.5 }, "geometry": { "type": "LineString", "coordinates": [ [ -7.427476855169843, 41.92468611664269 ], [ -7.419327489013483, 41.92505945911514 ], [ -7.412231065298943, 41.9229360738031 ], [ -7.406509883582515, 41.918333461134978 ], [ -7.40249936874179, 41.911257454586902 ], [ -7.400727450366706, 41.90446728836929 ], [ -7.398456769782335, 41.883723447244016 ], [ -7.396059211092098, 41.873841538676459 ], [ -7.383997040820219, 41.841261574479418 ], [ -7.383092852019765, 41.837452314565247 ], [ -7.383235772184999, 41.833613887270417 ], [ -7.384822477692893, 41.829460452264456 ], [ -7.387723173699516, 41.824974509118967 ], [ -7.394640218022996, 41.817122650245338 ], [ -7.405089432144383, 41.807199907344867 ], [ -7.47937291720886, 41.762352142842289 ], [ -7.486399339209818, 41.756932843515699 ], [ -7.492832205014345, 41.750136843821949 ], [ -7.51814219958192, 41.713899290090168 ], [ -7.526726159710108, 41.698953924240072 ], [ -7.530364790447425, 41.691061231033515 ], [ -7.533109440967515, 41.683063535256586 ], [ -7.536730571276436, 41.667593156554609 ], [ -7.538692077625807, 41.662967209981957 ], [ -7.546676648081441, 41.649894389970214 ], [ -7.549917144072747, 41.645851791010763 ], [ -7.557519621841735, 41.638845786176276 ], [ -7.565957745066626, 41.633391485992881 ], [ -7.584391529643643, 41.624355431464465 ], [ -7.5909891911489, 41.618224448049766 ], [ -7.594617613302983, 41.609258395234932 ], [ -7.596293279321891, 41.599364819715113 ], [ -7.597031214052585, 41.59046293513773 ], [ -7.59623348619154, 41.581351045419595 ], [ -7.592157344744326, 41.563156433363986 ], [ -7.593268621947466, 41.554219547929819 ], [ -7.595241795249105, 41.550153615065831 ], [ -7.602694061007693, 41.538685000990384 ], [ -7.607044375833109, 41.528878927612546 ], [ -7.611921161879433, 41.514686080183466 ], [ -7.612828267417953, 41.510415975654865 ], [ -7.61335328026983, 41.506087536364944 ], [ -7.613379530912425, 41.497243986548881 ], [ -7.613102440796158, 41.494974764333548 ], [ -7.612306171304144, 41.492927214211228 ], [ -7.609711732794452, 41.488202098544335 ], [ -7.608816294208193, 41.485839540710884 ], [ -7.608151277929149, 41.483103640404991 ], [ -7.60812794402462, 41.48156360270616 ], [ -7.613114107748419, 41.454262934408547 ], [ -7.612905560976703, 41.426227248118309 ], [ -7.614292469927079, 41.4161528348384 ], [ -7.618224232840024, 41.407280117641676 ], [ -7.625281280590674, 41.398419067397214 ], [ -7.629233460670083, 41.394463970579743 ], [ -7.649876674332081, 41.37793773269788 ], [ -7.654766585699704, 41.373090114032209 ], [ -7.658183544344006, 41.368948345978517 ], [ -7.661552376810217, 41.363902389124362 ], [ -7.664089938927621, 41.358465589369374 ], [ -7.665011628156474, 41.353180459993808 ], [ -7.664851207562844, 41.349662873886231 ], [ -7.664490990411693, 41.346606132393077 ], [ -7.663779306323594, 41.343636893041904 ], [ -7.662557193073948, 41.340387646836405 ], [ -7.661122157945485, 41.337885085575792 ], [ -7.659280237856816, 41.335685865074041 ], [ -7.655118052636656, 41.331596598305524 ] ] } },
{ "type": "Feature", "properties": { "scalerank": 7, "featurecla": "Road", "type": "Major Highway", "sov_a3": null, "note": null, "edited": "New in version 2.0.0", "name": "602", "namealt": null, "namealtt": null, "routeraw": "E602", "question": 0, "length_km": 76, "toll": 0, "ne_part": "ne_europe_basic", "label": "E602", "label2": null, "local": null, "localtype": null, "localalt": null, "labelrank": 6, "ignore": 0, "add": 0, "rwdb_rd_id": 0, "orig_fid": 0, "prefix": "E", "uident": 0, "continent": "Europe", "expressway": 1, "level": "E", "min_zoom": 7.0, "min_label": 9.5 }, "geometry": { "type": "LineString", "coordinates": [ [ -7.655118052636656, 41.331596598305524 ], [ -7.648587476106918, 41.324689762565278 ], [ -7.647325986893378, 41.322729714584938 ], [ -7.644766549240479, 41.315286199040543 ], [ -7.643834651428396, 41.31088775803704 ], [ -7.643999447129126, 41.306098474132696 ], [ -7.64589824361008, 41.296934083129372 ], [ -7.649313743885347, 41.287740524745388 ], [ -7.654191988300706, 41.280005335394407 ], [ -7.687730100952422, 41.244794473461845 ], [ -7.693513992537266, 41.236720942495204 ], [ -7.698557032653355, 41.227550718015749 ], [ -7.711586101594104, 41.190718149718506 ], [ -7.713454272325368, 41.187113061468949 ], [ -7.715714744326505, 41.184248824688154 ], [ -7.719147745030167, 41.180912076340661 ], [ -7.720989665118836, 41.179447873831542 ], [ -7.723079507943112, 41.178333679890336 ], [ -7.725532484656608, 41.177621995802241 ], [ -7.730514273273307, 41.176799475667629 ], [ -7.732930790760975, 41.176146126340853 ], [ -7.738519260895398, 41.17059265706321 ], [ -7.740824942336559, 41.161439933012161 ], [ -7.741190992963841, 41.122571481544853 ], [ -7.742265810941156, 41.112339564409382 ], [ -7.745132964460019, 41.102504323650891 ], [ -7.749665575414557, 41.094419125731974 ], [ -7.755720723639538, 41.087652293418898 ], [ -7.763043194554193, 41.082215493663902 ], [ -7.77138214868484, 41.078143727323791 ], [ -7.817533695102902, 41.064079216369613 ], [ -7.820969612544634, 41.062364174386815 ], [ -7.823253418450296, 41.059774110984222 ], [ -7.823708429588592, 41.055941517165522 ], [ -7.823626760922743, 41.050936394644296 ], [ -7.824568867318057, 41.045989606884383 ], [ -7.827616858597011, 41.036341037362106 ], [ -7.831411534820855, 41.028045834302446 ], [ -7.841873874263538, 41.01298379892971 ], [ -7.846056476650158, 41.005026937485709 ], [ -7.860548289731, 40.960523348074922 ], [ -7.878069135293366, 40.928888407011257 ], [ -7.88094649739546, 40.920534869190284 ], [ -7.881626097364833, 40.911632984612901 ], [ -7.881478802092502, 40.893665878126441 ], [ -7.882181735966405, 40.888940762459541 ], [ -7.888852315923309, 40.8609400770261 ], [ -7.890316518432432, 40.856553302974859 ], [ -7.899459033900261, 40.838218687492088 ], [ -7.904257068018804, 40.830139323049309 ], [ -7.90634107736695, 40.825834217663918 ], [ -7.907628817223081, 40.821412442755886 ], [ -7.908171330503354, 40.810993854384193 ], [ -7.906743587220053, 40.800919441104284 ], [ -7.896610839178827, 40.762202660016413 ], [ -7.89313262903514, 40.73486699086201 ], [ -7.893713059910272, 40.725714266810954 ], [ -7.896323540479326, 40.717244059467333 ], [ -7.901772007186583, 40.711048907815183 ], [ -7.929428517528244, 40.693425976420514 ], [ -7.932406507093614, 40.690870913874711 ], [ -7.934764689819961, 40.687767504572506 ], [ -7.940013359969699, 40.673072978196075 ], [ -7.940723585688767, 40.65777177030192 ], [ -7.938467488794728, 40.642307225076081 ], [ -7.934821566212248, 40.627134353656828 ] ] } },
{ "type": "Feature", "properties": { "scalerank": 7, "featurecla": "Road", "type": "Major Highway", "sov_a3": null, "note": null, "edited": "New in version 2.0.0", "name": "803", "namealt": null, "namealtt": null, "routeraw": "E803 A66", "question": 0, "length_km": 89, "toll": 0, "ne_part": "ne_europe_basic", "label": "E803", "label2": "A66", "local": "A66", "localtype": null, "localalt": null, "labelrank": 6, "ignore": 0, "add": 0, "rwdb_rd_id": 0, "orig_fid": 0, "prefix": "E", "uident": 0, "continent": "Europe", "expressway": 1, "level": "E", "min_zoom": 7.0, "min_label": 9.5 }, "geometry": { "type": "LineString", "coordinates": [ [ -6.294239531131183, 39.15406496081232 ], [ -6.30154595998647, 39.191772550529357 ], [ -6.360071767649472, 39.344807963375402 ], [ -6.384756121901894, 39.396871737853218 ], [ -6.387528481433609, 39.404746930631369 ], [ -6.389489987782984, 39.41294296459678 ], [ -6.389379151736478, 39.414978847766847 ], [ -6.388661634172244, 39.417236403029918 ], [ -6.386914508070721, 39.421419005416539 ], [ -6.386301993076863, 39.42367656067961 ], [ -6.385985526996706, 39.425881614657484 ], [ -6.38577843859402, 39.430501727754006 ], [ -6.386652001644784, 39.440150297276283 ], [ -6.389415610962303, 39.449588861657801 ], [ -6.412745140383073, 39.497983379648616 ], [ -6.415984178005349, 39.508973648681234 ], [ -6.418078395936725, 39.521503955412705 ], [ -6.418919874868763, 39.534150931666815 ], [ -6.418652993335726, 39.546832908777709 ], [ -6.417426504978977, 39.559485718507943 ], [ -6.397387056096637, 39.661419880437954 ], [ -6.396530993474268, 39.680291175724875 ], [ -6.399468148706717, 39.736584220398356 ], [ -6.399071472329741, 39.752742949283913 ], [ -6.396215985763142, 39.768084991510989 ], [ -6.390668349961643, 39.782645347936381 ], [ -6.382198142618027, 39.79646485289301 ], [ -6.367249860029858, 39.813726108767497 ], [ -6.334322804002966, 39.844124352891185 ], [ -6.325461753758507, 39.850587844445407 ], [ -6.316104858042831, 39.856362985816055 ], [ -6.303698512679166, 39.862068125473115 ], [ -6.299861543753366, 39.864290679879403 ], [ -6.274840306254323, 39.882899468740376 ], [ -6.239999870056145, 39.919557032753659 ], [ -6.233263663492753, 39.924737159558845 ], [ -6.225828898162561, 39.928645588567264 ], [ -6.218065999799947, 39.930488967024971 ], [ -6.195579407680242, 39.932075672532861 ], [ -6.191127007022519, 39.932869025286813 ], [ -6.1870683660037, 39.93443239689018 ], [ -6.183254730982426, 39.936549948726082 ], [ -6.179538806686363, 39.939005842177643 ], [ -6.175815590545135, 39.94206258367079 ], [ -6.166220980677082, 39.953076186607944 ], [ -6.163171531029096, 39.955800419961577 ], [ -6.159618944064729, 39.957882970940688 ], [ -6.152000424236377, 39.961079715861004 ] ] } },
{ "type": "Feature", "properties": { "scalerank": 7, "featurecla": "Road", "type": "Major Highway", "sov_a3": null, "note": null, "edited": "New in version 2.0.0", "name": "803", "namealt": null, "namealtt": null, "routeraw": "E803 A66", "question": 0, "length_km": 120, "toll": 0, "ne_part": "ne_europe_basic", "label": "E803", "label2": "A66", "local": "A66", "localtype": null, "localalt": null, "labelrank": 6, "ignore": 0, "add": 0, "rwdb_rd_id": 0, "orig_fid": 0, "prefix": "E", "uident": 0, "continent": "Europe", "expressway": 1, "level": "E", "min_zoom": 7.0, "min_label": 9.5 }, "geometry": { "type": "LineString", "coordinates": [ [ -5.673387041512946, 40.93175847726819 ], [ -5.656776218227169, 40.879128855605572 ], [ -5.657057683450535, 40.876142115826006 ], [ -5.65997004640942, 40.871953679963255 ], [ -5.671886379777998, 40.86082340750346 ], [ -5.674056432899089, 40.853280722864824 ], [ -5.667975034031514, 40.846758896549289 ], [ -5.65178130428917, 40.837477836023325 ], [ -5.645125308022596, 40.830384329046851 ], [ -5.642027732196521, 40.82236913284153 ], [ -5.641615013760184, 40.813513916073205 ], [ -5.645271144925893, 40.786079077824553 ], [ -5.645278436771058, 40.777218027580098 ], [ -5.640630614662914, 40.737737061118935 ], [ -5.641068125372811, 40.727534311364124 ], [ -5.643793817095474, 40.707752993800625 ], [ -5.644384456553833, 40.697602745330997 ], [ -5.643433599944323, 40.687907507999668 ], [ -5.640544570889968, 40.674315508612182 ], [ -5.638826612169101, 40.67006290451198 ], [ -5.628813450388581, 40.650491592089224 ], [ -5.62751696031825, 40.646081484133461 ], [ -5.627121742310308, 40.64172387746288 ], [ -5.627763424684826, 40.637430439029757 ], [ -5.629584927607034, 40.633212835786338 ], [ -5.632243534354178, 40.629421076300559 ], [ -5.638243264555907, 40.622187565896922 ], [ -5.646771806660844, 40.60707302923899 ], [ -5.674830826855608, 40.527078571041315 ], [ -5.687070918149509, 40.479868248705301 ], [ -5.693232527313899, 40.44088312771536 ], [ -5.696389896270329, 40.431479564190624 ], [ -5.700296866909714, 40.42313769332192 ], [ -5.705283030633513, 40.41492999240424 ], [ -5.711443181428869, 40.407667314619935 ], [ -5.7188706549139, 40.402160513151358 ], [ -5.728016087119791, 40.397791239528516 ], [ -5.766792661338016, 40.384625083898662 ], [ -5.814670916691139, 40.373051467252836 ], [ -5.823015704297919, 40.370356401279871 ], [ -5.830740685065678, 40.366640476983804 ], [ -5.838386913905655, 40.361699522700029 ], [ -5.845674383963516, 40.356099385613341 ], [ -5.852247253195213, 40.349705895772701 ], [ -5.85775988813992, 40.342396550179345 ], [ -5.901648045818781, 40.272517339594508 ], [ -5.913624172317711, 40.258131987453069 ], [ -5.928000774244946, 40.246593371664041 ], [ -5.937605592696229, 40.241366577049803 ], [ -5.983949643826648, 40.22233777790732 ], [ -5.991149611742529, 40.217344322338356 ], [ -5.996498909355545, 40.210606657405933 ], [ -6.002850106494225, 40.19788384596211 ], [ -6.014578310257544, 40.181270105938268 ], [ -6.018151314388376, 40.177810854592011 ], [ -6.022660591438388, 40.174666610956876 ], [ -6.040834786327533, 40.164913038864228 ], [ -6.043780691774177, 40.161862130847211 ], [ -6.045707197266758, 40.158087871789824 ], [ -6.046472841009081, 40.153607762120473 ], [ -6.04621033458314, 40.148736809550286 ], [ -6.043420474623026, 40.133861445413764 ], [ -6.04336797333784, 40.128967158939041 ], [ -6.044397581875131, 40.124137040701768 ], [ -6.047767872710377, 40.114890981032602 ], [ -6.049506248597702, 40.111105055022961 ], [ -6.05441366039372, 40.103463201290083 ], [ -6.071803252743116, 40.081902673506328 ], [ -6.078450498795494, 40.075631686664465 ], [ -6.1019141981673, 40.060878825526714 ], [ -6.105360324192262, 40.057740415367718 ], [ -6.108460816756402, 40.0539603228342 ], [ -6.110937127374424, 40.04975438654305 ], [ -6.112478623442296, 40.045350112063417 ], [ -6.112779047463093, 40.040852501965674 ], [ -6.111971111018814, 40.036424893581504 ], [ -6.104753642674538, 40.018562789665424 ], [ -6.10403320837224, 40.013802673141733 ], [ -6.105195528491532, 40.008803384096638 ], [ -6.107377248564891, 40.005554137891131 ], [ -6.110384405510917, 40.002847404965898 ], [ -6.138189669493944, 39.986023659801305 ], [ -6.141313495962613, 39.983783604966632 ], [ -6.170698173608368, 39.956809611332403 ] ] } },
{ "type": "Feature", "properties": { "scalerank": 7, "featurecla": "Road", "type": "Major Highway", "sov_a3": null, "note": null, "edited": "New in version 2.0.0", "name": null, "namealt": null, "namealtt": null, "routeraw": "EX A2", "question": 1, "length_km": 18, "toll": 0, "ne_part": "ne_europe_basic", "label": "EX A2", "label2": null, "local": "EX A2", "localtype": null, "localalt": null, "labelrank": 6, "ignore": 0, "add": 0, "rwdb_rd_id": 0, "orig_fid": 0, "prefix": null, "uident": 0, "continent": "Europe", "expressway": 1, "level": null, "min_zoom": 7.0, "min_label": 9.5 }, "geometry": { "type": "LineString", "coordinates": [ [ -5.880352941199032, 38.957861824589713 ], [ -5.853841250548271, 39.005742996680908 ], [ -5.856009845300331, 39.049873243619245 ], [ -5.874831556040125, 39.092795960998259 ], [ -5.898273379876436, 39.137066211363759 ] ] } },
{ "type": "Feature", "properties": { "scalerank": 7, "featurecla": "Road", "type": "Major Highway", "sov_a3": null, "note": null, "edited": "New in version 2.0.0", "name": "803", "namealt": null, "namealtt": null, "routeraw": "E803 A66", "question": 0, "length_km": 80, "toll": 0, "ne_part": "ne_europe_basic", "label": "E803", "label2": "A66", "local": "A66", "localtype": null, "localalt": null, "labelrank": 6, "ignore": 0, "add": 0, "rwdb_rd_id": 0, "orig_fid": 0, "prefix": "E", "uident": 0, "continent": "Europe", "expressway": 1, "level": "E", "min_zoom": 7.0, "min_label": 9.5 }, "geometry": { "type": "LineString", "coordinates": [ [ -6.337704761790473, 38.333516541137456 ], [ -6.343408443078506, 38.340680049827519 ], [ -6.347986263473068, 38.348426906130769 ], [ -6.351193216976615, 38.35682127828467 ], [ -6.352788672698708, 38.365921501050543 ], [ -6.355789996168607, 38.405927480363573 ], [ -6.360965747866693, 38.435450703067467 ], [ -6.361464510075979, 38.445245109493044 ], [ -6.358899238946947, 38.471530752943686 ], [ -6.359116535932863, 38.475917526994927 ], [ -6.360140310994023, 38.480175964571259 ], [ -6.362075566700803, 38.48458607252703 ], [ -6.367375279766694, 38.492047088499817 ], [ -6.380348930684193, 38.505534085316924 ], [ -6.385580100405534, 38.51324010728726 ], [ -6.390092294193611, 38.522964511999248 ], [ -6.393516544683074, 38.533073926135948 ], [ -6.394388649364803, 38.537781541374443 ], [ -6.394681781540434, 38.542588325707186 ], [ -6.394261771258936, 38.552190227420411 ], [ -6.38389130906533, 38.608109929621449 ], [ -6.384264651537773, 38.627080394002604 ], [ -6.386307826552997, 38.637423147184592 ], [ -6.389119562048606, 38.64717671927724 ], [ -6.397070590016476, 38.666281353609435 ], [ -6.401956126277, 38.674786561809839 ], [ -6.420060319452563, 38.698458807953372 ], [ -6.428890743947328, 38.715212551404377 ], [ -6.432209991866419, 38.733634669029129 ], [ -6.430995170461937, 38.752546798648972 ], [ -6.426232137200184, 38.770758911132972 ], [ -6.419510514327126, 38.787489320679455 ], [ -6.402593433544418, 38.819666775023393 ], [ -6.364938345112567, 38.877284018778838 ], [ -6.360623031143941, 38.885030875082094 ], [ -6.3573767016765, 38.893168574286193 ], [ -6.352615126783782, 38.910155656782479 ], [ -6.349198168139484, 38.929499463636084 ], [ -6.347871052319459, 39.007026361429936 ], [ -6.346659147653043, 39.015974913816379 ], [ -6.34438555033061, 39.024643459348482 ], [ -6.340605457797093, 39.033965354207368 ], [ -6.335941593629585, 39.042587231930412 ], [ -6.330391041090017, 39.050695763753851 ], [ -6.31904347164431, 39.063721915956535 ], [ -6.303694137572069, 39.07894728866097 ], [ -6.29972737380233, 39.083911576849275 ], [ -6.29673917565373, 39.089465046126904 ], [ -6.29446411996226, 39.095380190924722 ], [ -6.292633866825856, 39.101423672197441 ], [ -6.291672801633116, 39.107070477093188 ], [ -6.291589674598235, 39.112973954938738 ], [ -6.294239531131183, 39.15406496081232 ] ] } },
{ "type": "Feature", "properties": { "scalerank": 7, "featurecla": "Road", "type": "Major Highway", "sov_a3": null, "note": null, "edited": "New in version 2.0.0", "name": null, "namealt": null, "namealtt": null, "routeraw": "CL601", "question": 0, "length_km": 99, "toll": 0, "ne_part": "ne_europe_basic", "label": "CL601", "label2": null, "local": "CL601", "localtype": null, "localalt": null, "labelrank": 6, "ignore": 0, "add": 0, "rwdb_rd_id": 0, "orig_fid": 0, "prefix": null, "uident": 0, "continent": "Europe", "expressway": 1, "level": null, "min_zoom": 7.0, "min_label": 9.5 }, "geometry": { "type": "LineString", "coordinates": [ [ -4.094877567583115, 40.954777374084934 ], [ -4.111132548824845, 40.991254100338125 ], [ -4.125385189384275, 41.015463026285794 ], [ -4.15263627313476, 41.046403783689755 ], [ -4.167632681901019, 41.059937448315921 ], [ -4.183381609088297, 41.070566041828364 ], [ -4.200661823760221, 41.080488784728843 ], [ -4.229250231913962, 41.093905779832369 ], [ -4.237110841001787, 41.098333388216531 ], [ -4.258773454617849, 41.115192134237915 ], [ -4.2723814960647, 41.129647488092928 ], [ -4.283052382279099, 41.146080390356687 ], [ -4.291305292636803, 41.163924993844375 ], [ -4.297678365310976, 41.182632951799597 ], [ -4.301713672425265, 41.200110046290973 ], [ -4.304042687770952, 41.218199655776203 ], [ -4.304099564163241, 41.321866360117404 ], [ -4.30084302611257, 41.358138914705975 ], [ -4.300930528254547, 41.367320806137698 ], [ -4.301952844946676, 41.376496864093284 ], [ -4.304569158991864, 41.385031239674348 ], [ -4.309141145910292, 41.393291441877217 ], [ -4.315165668385582, 41.400606620946704 ], [ -4.322120630303921, 41.406305927127633 ], [ -4.338445613259232, 41.415750324985297 ], [ -4.34718853561202, 41.419378747139376 ], [ -4.356320842496615, 41.421682970211506 ], [ -4.390780644377184, 41.426332250688688 ], [ -4.457384358113924, 41.430427350933329 ], [ -4.473029741099865, 41.433320755094783 ], [ -4.590289903197579, 41.469692478777603 ], [ -4.598796569767021, 41.473793412498374 ], [ -4.606743222627795, 41.478915204542247 ], [ -4.621561710372028, 41.490652158519765 ], [ -4.628465629374212, 41.497413157356711 ], [ -4.661510813292775, 41.541712575102878 ], [ -4.720646219211567, 41.595666395847445 ] ] } },
{ "type": "Feature", "properties": { "scalerank": 7, "featurecla": "Road", "type": "Major Highway", "sov_a3": null, "note": null, "edited": "New in version 2.0.0", "name": null, "namealt": null, "namealtt": null, "routeraw": "AP53", "question": 0, "length_km": 88, "toll": 0, "ne_part": "ne_europe_basic", "label": "AP53", "label2": null, "local": "AP53", "localtype": null, "localalt": null, "labelrank": 6, "ignore": 0, "add": 0, "rwdb_rd_id": 0, "orig_fid": 0, "prefix": null, "uident": 0, "continent": "Europe", "expressway": 1, "level": null, "min_zoom": 7.0, "min_label": 9.5 }, "geometry": { "type": "LineString", "coordinates": [ [ -8.586642522246068, 42.205252984685814 ], [ -8.571999038785796, 42.205614660205995 ], [ -8.567129544584635, 42.205031312592808 ], [ -8.562481722476489, 42.203082931564722 ], [ -8.559669986980881, 42.199711182360446 ], [ -8.557982654009709, 42.195394410022793 ], [ -8.556703664367776, 42.19062262654684 ], [ -8.552993573547845, 42.182502427771141 ], [ -8.547155722308778, 42.17690812416059 ], [ -8.539605745824979, 42.174248059044409 ], [ -8.53075927927085, 42.174907241847322 ], [ -8.509793766052557, 42.180484045029488 ], [ -8.499188506444639, 42.182193253536148 ], [ -8.488345532684344, 42.182187420060018 ], [ -8.479436356261797, 42.180145703413828 ], [ -8.471090110285983, 42.176400611737108 ], [ -8.44615199982182, 42.162131929118317 ], [ -8.436866564188762, 42.158806847723092 ], [ -8.427187368916794, 42.156928468408594 ], [ -8.416819823461253, 42.156438456413511 ], [ -8.39239797563477, 42.158707678628843 ], [ -8.272175866031045, 42.190120947599496 ], [ -8.262792719672776, 42.191264308921362 ], [ -8.258245525027906, 42.192308501148986 ], [ -8.254281677996234, 42.194414386032619 ], [ -8.252569552751503, 42.196246097538058 ], [ -8.251359106454119, 42.198404483706888 ], [ -8.249464685080262, 42.203158766754441 ], [ -8.247370467148885, 42.207446371711441 ], [ -8.244786237222424, 42.21100479215194 ], [ -8.241392612482651, 42.213705691601035 ], [ -8.236867293373278, 42.215414900107703 ], [ -8.2175424453171, 42.217993296558035 ], [ -8.207637202845019, 42.221015037194391 ], [ -8.198570522566909, 42.225425145150162 ], [ -8.190389072291824, 42.23128195518666 ], [ -8.183140978197853, 42.238667135969735 ], [ -8.163202156778787, 42.266539484928273 ], [ -8.146897590989937, 42.296698556530544 ], [ -8.141236202403864, 42.310716399675663 ], [ -8.140082632498766, 42.312868952368362 ], [ -8.13693984723267, 42.317092389087904 ], [ -8.135230638726002, 42.318638260262873 ], [ -8.132974541831963, 42.319985793249359 ], [ -8.130549274130098, 42.321024152000852 ], [ -8.128331094830918, 42.321636666994706 ], [ -8.090082450202637, 42.326414283946789 ], [ -8.078198200952786, 42.328992680397121 ], [ -8.066658126794721, 42.332772772930639 ], [ -8.05536889211033, 42.337993734068746 ], [ -8.025096067723483, 42.354998316993431 ], [ -8.014486433008466, 42.359606763137691 ], [ -8.002341135701709, 42.36276850720121 ], [ -7.990270215215634, 42.363538526050633 ], [ -7.978154085289537, 42.362360163871976 ], [ -7.965889201722076, 42.359670931375135 ], [ -7.935591585061667, 42.350249867422008 ], [ -7.91764489574167, 42.34680811650415 ], [ -7.902550776250202, 42.345390581804082 ], [ -7.858473030597054, 42.349293177336364 ] ] } },
{ "type": "Feature", "properties": { "scalerank": 7, "featurecla": "Road", "type": "Major Highway", "sov_a3": null, "note": null, "edited": "New in version 2.0.0", "name": null, "namealt": null, "namealtt": null, "routeraw": "A61", "question": 0, "length_km": 29, "toll": 0, "ne_part": "ne_europe_basic", "label": "A61", "label2": null, "local": "A61", "localtype": null, "localalt": null, "labelrank": 6, "ignore": 0, "add": 0, "rwdb_rd_id": 0, "orig_fid": 0, "prefix": null, "uident": 0, "continent": "Europe", "expressway": 1, "level": null, "min_zoom": 7.0, "min_label": 9.5 }, "geometry": { "type": "LineString", "coordinates": [ [ -4.225664102461835, 40.721111654142831 ], [ -4.226731628593985, 40.730596886333416 ], [ -4.226820589104996, 40.749695687189472 ], [ -4.22776707060741, 40.759163418951658 ], [ -4.233488252323834, 40.778594727947237 ], [ -4.2336370059652, 40.78334317751866 ], [ -4.231424660142153, 40.787216605670295 ], [ -4.227877906653916, 40.790320014972494 ], [ -4.224027812406817, 40.792758407995663 ], [ -4.219420824631595, 40.794963461973545 ], [ -4.199853887315943, 40.801514455669746 ], [ -4.186802942839698, 40.807184594470016 ], [ -4.178243774985066, 40.812732230271521 ], [ -4.170406499801768, 40.819703234249218 ], [ -4.155996355386776, 40.834648600099321 ], [ -4.153317331473168, 40.837022824885032 ], [ -4.150383092978789, 40.839157877149333 ], [ -4.144142731886618, 40.842797966255681 ], [ -4.135937947707003, 40.846823064786733 ], [ -4.132076186507643, 40.849494796855183 ], [ -4.129489039843115, 40.852919047344642 ], [ -4.101463562136107, 40.905671172006024 ], [ -4.098293067858382, 40.913826371638521 ], [ -4.096018012166915, 40.922454082837703 ], [ -4.095595085147348, 40.927342535836289 ], [ -4.096909075646074, 40.942713745444024 ], [ -4.09687844989638, 40.947065518638468 ], [ -4.09486590063085, 40.959794163558428 ] ] } },
{ "type": "Feature", "properties": { "scalerank": 7, "featurecla": "Road", "type": "Major Highway", "sov_a3": null, "note": null, "edited": "New in version 2.0.0", "name": null, "namealt": null, "namealtt": null, "routeraw": "AP71", "question": 0, "length_km": 45, "toll": 0, "ne_part": "ne_europe_basic", "label": "AP71", "label2": null, "local": "AP71", "localtype": null, "localalt": null, "labelrank": 6, "ignore": 0, "add": 0, "rwdb_rd_id": 0, "orig_fid": 0, "prefix": null, "uident": 0, "continent": "Europe", "expressway": 1, "level": null, "min_zoom": 7.0, "min_label": 9.5 }, "geometry": { "type": "LineString", "coordinates": [ [ -6.021528897068784, 42.436141969989109 ], [ -5.883304680121807, 42.439758725190927 ], [ -5.866052174461512, 42.442803799731813 ], [ -5.829748994123243, 42.454523253280939 ], [ -5.758716213633306, 42.487803234613807 ], [ -5.741323704545842, 42.497801812704004 ], [ -5.680622010285617, 42.542077896545635 ], [ -5.656500586479932, 42.555325720841338 ], [ -5.630674329274676, 42.563626757377129 ] ] } },
{ "type": "Feature", "properties": { "scalerank": 7, "featurecla": "Road", "type": "Major Highway", "sov_a3": null, "note": null, "edited": "New in version 2.0.0", "name": null, "namealt": null, "namealtt": null, "routeraw": "A42", "question": 0, "length_km": 50, "toll": 0, "ne_part": "ne_europe_basic", "label": "A42", "label2": null, "local": "A42", "localtype": null, "localalt": null, "labelrank": 6, "ignore": 0, "add": 0, "rwdb_rd_id": 0, "orig_fid": 0, "prefix": null, "uident": 0, "continent": "Europe", "expressway": 1, "level": null, "min_zoom": 7.0, "min_label": 9.5 }, "geometry": { "type": "LineString", "coordinates": [ [ -4.035294442371196, 39.8635789957913 ], [ -4.039472669650717, 39.866075723575776 ], [ -4.042889628295018, 39.868840791262329 ], [ -4.045360105436906, 39.872335043465384 ], [ -4.046698888209193, 39.877013491323225 ], [ -4.046910351718978, 39.88180277522757 ], [ -4.046318253891581, 39.886341219658235 ], [ -4.045023222190284, 39.890751327614005 ], [ -4.04312442570933, 39.895173102522037 ], [ -4.038405143518567, 39.903800813721219 ], [ -4.027110075358046, 39.919930375226109 ], [ -3.995479509401484, 39.958868828406992 ], [ -3.993526753266305, 39.96265475441664 ], [ -3.992355682932814, 39.966796522470332 ], [ -3.991744626307991, 39.971084127427332 ], [ -3.990822937079141, 39.985708652090182 ], [ -3.990063126812952, 39.990702107659146 ], [ -3.988679134600641, 39.995788898846214 ], [ -3.987057428235953, 39.998553966532768 ], [ -3.984460072988195, 40.001260699458001 ], [ -3.898575262266267, 40.067190646701505 ], [ -3.868977662741695, 40.095704678034565 ], [ -3.857150289884132, 40.109500849086665 ], [ -3.852381423146248, 40.117212704533131 ], [ -3.849327598391163, 40.125647911019954 ], [ -3.845035618327067, 40.14505588611101 ], [ -3.83934943746743, 40.164084685253485 ], [ -3.828083536687569, 40.19192203335524 ], [ -3.823304461366451, 40.200660580600925 ], [ -3.811986059301404, 40.216615137821861 ], [ -3.775677045487001, 40.255256083720013 ], [ -3.771179435389254, 40.261089559851982 ], [ -3.7674285102364, 40.267267211075733 ], [ -3.761167731977764, 40.280439200181718 ] ] } },
{ "type": "Feature", "properties": { "scalerank": 7, "featurecla": "Road", "type": "Major Highway", "sov_a3": null, "note": null, "edited": "New in version 2.0.0", "name": null, "namealt": null, "namealtt": null, "routeraw": "AP36", "question": 0, "length_km": 216, "toll": 0, "ne_part": "ne_europe_basic", "label": "AP36", "label2": null, "local": "AP36", "localtype": null, "localalt": null, "labelrank": 6, "ignore": 0, "add": 0, "rwdb_rd_id": 0, "orig_fid": 0, "prefix": null, "uident": 0, "continent": "Europe", "expressway": 1, "level": null, "min_zoom": 7.0, "min_label": 9.5 }, "geometry": { "type": "LineString", "coordinates": [ [ -1.832732817164747, 38.941353087136243 ], [ -1.822034221938718, 38.956385955128326 ], [ -1.816174495164155, 38.974790572324679 ], [ -1.814669458322108, 38.994286049557715 ], [ -1.81704951658395, 39.012585664183703 ], [ -1.820155842624224, 39.02186089123353 ], [ -1.824843040696258, 39.030756942334783 ], [ -1.830974024110958, 39.038678802921993 ], [ -1.838424831500515, 39.045008124525182 ], [ -1.845502296417624, 39.048455708919171 ], [ -1.853009980199467, 39.050054081379329 ], [ -1.860753919764655, 39.05017075090197 ], [ -1.90343600625323, 39.042540564121353 ], [ -1.920121206359688, 39.044278940008681 ], [ -1.935068030578826, 39.054137514671709 ], [ -1.950076106297345, 39.071433771402994 ], [ -1.958845279292724, 39.079635638844536 ], [ -1.983970060993112, 39.098425265465607 ], [ -2.09674719668341, 39.167931133578008 ], [ -2.10402445815804, 39.173636273235068 ], [ -2.132019310115354, 39.201281116624465 ], [ -2.141126824726388, 39.208036281985287 ], [ -2.150947481794557, 39.213718087737817 ], [ -2.513884491190101, 39.376483738771981 ], [ -2.998631774066293, 39.545794550026216 ], [ -3.031347366583404, 39.563160808471089 ], [ -3.046157104113437, 39.573585230318912 ], [ -3.054195634223287, 39.580492066059165 ], [ -3.057647593724379, 39.584184656450702 ], [ -3.1034170474558, 39.649904598553448 ], [ -3.128267655777982, 39.693947343349805 ], [ -3.148891910642554, 39.744634417460475 ], [ -3.155562490599461, 39.757888075232302 ], [ -3.164566461009152, 39.769129183738606 ], [ -3.169192407581804, 39.773014278842496 ], [ -3.211830742999389, 39.800081608094828 ], [ -3.295310703185915, 39.864734024065427 ], [ -3.318271265241339, 39.877042658703878 ], [ -3.342232268453397, 39.885594534713348 ], [ -3.50308016420918, 39.912440191872662 ] ] } },
{ "type": "Feature", "properties": { "scalerank": 7, "featurecla": "Road", "type": "Major Highway", "sov_a3": null, "note": null, "edited": "New in version 2.0.0", "name": null, "namealt": null, "namealtt": null, "routeraw": "A66", "question": 0, "length_km": 46, "toll": 0, "ne_part": "ne_europe_basic", "label": "A66", "label2": null, "local": "A66", "localtype": null, "localalt": null, "labelrank": 6, "ignore": 0, "add": 0, "rwdb_rd_id": 0, "orig_fid": 0, "prefix": null, "uident": 0, "continent": "Europe", "expressway": 1, "level": null, "min_zoom": 7.0, "min_label": 9.5 }, "geometry": { "type": "LineString", "coordinates": [ [ -5.542269456863739, 42.566076817352553 ], [ -5.559832595128061, 42.507718722128345 ], [ -5.560942413962167, 42.499330183450581 ], [ -5.560318232016048, 42.491069981247712 ], [ -5.558727151401051, 42.485359008114514 ], [ -5.55243866413079, 42.469176945324435 ], [ -5.551476140569015, 42.459580877087348 ], [ -5.554082246030973, 42.450404819131762 ], [ -5.558775277579141, 42.44174794055192 ], [ -5.564080824121167, 42.433709410442077 ], [ -5.57585423732451, 42.411098856954567 ], [ -5.583313794928262, 42.386516588534455 ], [ -5.587127429949536, 42.360960129600301 ], [ -5.587958700298344, 42.335427004570676 ], [ -5.586415745861437, 42.31429815402069 ], [ -5.575652982397958, 42.251920793741562 ], [ -5.574198988472062, 42.23292699545587 ], [ -5.57587319612194, 42.214586546496967 ], [ -5.581056239665191, 42.19698111553069 ], [ -5.5901360452646, 42.180180704270619 ], [ -5.609068592050903, 42.15438507281506 ], [ -5.613929336037863, 42.14582736332946 ], [ -5.618001102377978, 42.136837976610096 ], [ -5.621052010394997, 42.127341077467257 ], [ -5.626579229030035, 42.086226737689145 ], [ -5.62960388640446, 42.075306470370101 ], [ -5.633703361756201, 42.064747878571239 ], [ -5.638765360669716, 42.054340957151808 ] ] } },
{ "type": "Feature", "properties": { "scalerank": 7, "featurecla": "Road", "type": "Major Highway", "sov_a3": null, "note": null, "edited": "New in version 2.0.0", "name": null, "namealt": null, "namealtt": null, "routeraw": "N120", "question": 0, "length_km": 202, "toll": 0, "ne_part": "ne_europe_basic", "label": "N120", "label2": null, "local": "N120", "localtype": null, "localalt": null, "labelrank": 6, "ignore": 0, "add": 0, "rwdb_rd_id": 0, "orig_fid": 0, "prefix": null, "uident": 0, "continent": "Europe", "expressway": 1, "level": null, "min_zoom": 7.0, "min_label": 9.5 }, "geometry": { "type": "LineString", "coordinates": [ [ -5.638765360669716, 42.054340957151808 ], [ -5.644867176703755, 42.04680410598931 ], [ -5.651409420185757, 42.040019773247835 ], [ -5.658672097970058, 42.034034626736428 ], [ -5.66693084180389, 42.028907001216432 ], [ -5.675344172755221, 42.024957737875084 ], [ -5.684152721714494, 42.021731825574108 ], [ -5.693198984826143, 42.019240931265756 ], [ -5.720123393913237, 42.015221666210834 ], [ -5.755837393162178, 42.013658294607467 ], [ -5.920672469854161, 42.021941830714866 ], [ -5.953148889849857, 42.017951733040597 ], [ -5.96795862737989, 42.014708320311222 ], [ -5.973030834876639, 42.013133281755586 ], [ -5.980354764160325, 42.008746507704352 ], [ -5.98332254514246, 42.007824818475498 ], [ -5.986485747575021, 42.007603146382486 ], [ -6.135507728842271, 42.015128330592724 ], [ -6.152612939230234, 42.013955801890198 ], [ -6.199992432374078, 42.005701433163466 ], [ -6.221013363615622, 42.004342233224719 ], [ -6.242279300854712, 42.004610573126783 ], [ -6.293223047915184, 42.009983204644328 ], [ -6.521927396407051, 42.06308533787363 ], [ -6.599403251284748, 42.070849694605279 ], [ -6.619337697596713, 42.069700499807283 ], [ -6.638658170545792, 42.06503955237784 ], [ -6.64751338731412, 42.06106112165584 ], [ -6.664512136762674, 42.051558389036863 ], [ -6.673406729494889, 42.047568291362595 ], [ -6.681793809803629, 42.045310736099523 ], [ -6.690670902107449, 42.044289877776428 ], [ -6.699628204708088, 42.044348212537749 ], [ -6.731426483103444, 42.049353335058981 ], [ -6.733259652977914, 42.049452504153223 ], [ -6.749908393858551, 42.047830797788535 ], [ -6.758400476737663, 42.045859082855927 ], [ -6.819907190704097, 42.023038524227672 ], [ -6.823343108145828, 42.022052666761368 ], [ -6.842078775112675, 42.018920090078502 ], [ -6.851477963530307, 42.018237573371067 ], [ -6.880764930450852, 42.019141762171515 ], [ -6.919913388772489, 42.023248529368423 ], [ -7.037158967179877, 42.052520912598638 ], [ -7.057172165419626, 42.055560153663393 ], [ -7.077347242622036, 42.056610179367148 ], [ -7.097778992774252, 42.055169310762551 ], [ -7.118452832185948, 42.050992541852061 ], [ -7.138499572913453, 42.044634052868219 ], [ -7.259962754564256, 41.98560510788883 ], [ -7.386986697337854, 41.940920680717966 ], [ -7.415537187896739, 41.926681165479827 ] ] } },
{ "type": "Feature", "properties": { "scalerank": 7, "featurecla": "Road", "type": "Major Highway", "sov_a3": null, "note": null, "edited": "New in version 2.0.0", "name": null, "namealt": null, "namealtt": null, "routeraw": "AG53", "question": 0, "length_km": 67, "toll": 0, "ne_part": "ne_europe_basic", "label": "AG53", "label2": null, "local": "AG53", "localtype": null, "localalt": null, "labelrank": 6, "ignore": 0, "add": 0, "rwdb_rd_id": 0, "orig_fid": 0, "prefix": null, "uident": 0, "continent": "Europe", "expressway": 1, "level": null, "min_zoom": 7.0, "min_label": 9.5 }, "geometry": { "type": "LineString", "coordinates": [ [ -7.858473030597054, 42.349293177336364 ], [ -7.8586961610591, 42.305063761303785 ], [ -7.857835723329636, 42.2960335402515 ], [ -7.847374842255984, 42.260373500656783 ], [ -7.840053829710364, 42.2430422430687 ], [ -7.835719556944312, 42.234729539580655 ], [ -7.830319216415145, 42.226749344232118 ], [ -7.823704054481492, 42.219568335113664 ], [ -7.816314498591321, 42.213128177463972 ], [ -7.808590976192598, 42.207358869569461 ], [ -7.805179851024427, 42.205795497966093 ], [ -7.800989956792641, 42.204926310022429 ], [ -7.777580217075055, 42.203899618223204 ], [ -7.76736580036798, 42.202330413143699 ], [ -7.757511600812052, 42.199833685359224 ], [ -7.752540020778582, 42.197996140377654 ], [ -7.74808324501376, 42.195855254637223 ], [ -7.744040646054305, 42.193416861614054 ], [ -7.736172745121316, 42.187676721100203 ], [ -7.732868080892555, 42.184433308370828 ], [ -7.730044678444681, 42.18044904417269 ], [ -7.725494567061748, 42.172037171590389 ], [ -7.723700773151169, 42.167778734014057 ], [ -7.717428327940269, 42.14447399686685 ], [ -7.707143909519612, 42.116140803293874 ], [ -7.702776094265801, 42.107542259475352 ], [ -7.697244500523659, 42.099550397174561 ], [ -7.684705443577997, 42.084803369512947 ], [ -7.681950584474674, 42.082306641728465 ], [ -7.678432998367096, 42.079996585180204 ], [ -7.674644155619383, 42.078094871961184 ], [ -7.671075526595654, 42.076834841116678 ], [ -7.64896373531743, 42.071018865413109 ], [ -7.64458279474232, 42.06953132899946 ], [ -7.640330190642118, 42.067442944544212 ], [ -7.636378010562709, 42.06486454809388 ], [ -7.632905633895156, 42.061877808314314 ], [ -7.630494949883619, 42.058307720921547 ], [ -7.62742945817627, 42.049738344483686 ], [ -7.625206903769989, 42.045812415046875 ], [ -7.618413820814315, 42.038415567311539 ], [ -7.610901761925373, 42.031975409661847 ], [ -7.602780104780638, 42.026281936957048 ], [ -7.585686561344943, 42.016615867006379 ], [ -7.57680071882692, 42.012789106663803 ], [ -7.567548825681619, 42.01016987588055 ], [ -7.557967341134862, 42.009271520556226 ], [ -7.538813122255547, 42.011033230348083 ], [ -7.529222887494591, 42.011144066394593 ], [ -7.519959327397029, 42.009061515415482 ], [ -7.515479217727677, 42.006833127533064 ], [ -7.51184058699036, 42.004050559418118 ], [ -7.508802804294639, 42.00060880850026 ], [ -7.503751013964354, 41.992576111866541 ], [ -7.501166784037892, 41.989216029614525 ], [ -7.498232545543512, 41.986165121597502 ], [ -7.482330489607769, 41.973267305869726 ], [ -7.478462894932274, 41.969592215906587 ], [ -7.475464488200444, 41.965882125086651 ], [ -7.473208391306404, 41.961880360460121 ], [ -7.466583020789521, 41.945383289958912 ], [ -7.462301249308656, 41.939281473924879 ], [ -7.456603401496757, 41.934492190020535 ], [ -7.44909280097685, 41.930688763582488 ], [ -7.44494082433992, 41.929399565357329 ], [ -7.428119995913391, 41.926401158625495 ], [ -7.417444734591889, 41.923286082371021 ] ] } },
{ "type": "Feature", "properties": { "scalerank": 7, "featurecla": "Road", "type": "Major Highway", "sov_a3": null, "note": null, "edited": "New in version 2.0.0", "name": null, "namealt": null, "namealtt": null, "routeraw": "A6", "question": 0, "length_km": 225, "toll": 0, "ne_part": "ne_europe_basic", "label": "A6", "label2": null, "local": "A6", "localtype": null, "localalt": null, "labelrank": 6, "ignore": 0, "add": 0, "rwdb_rd_id": 0, "orig_fid": 0, "prefix": null, "uident": 0, "continent": "Europe", "expressway": 1, "level": null, "min_zoom": 7.0, "min_label": 9.5 }, "geometry": { "type": "LineString", "coordinates": [ [ -5.015878446250458, 41.509260947380739 ], [ -5.023501341185906, 41.515631103316849 ], [ -5.027454979634349, 41.518489506621506 ], [ -5.031767376864906, 41.521015401786656 ], [ -5.035919353501832, 41.522712943341055 ], [ -5.044637483581059, 41.525472177551478 ], [ -5.04860133061273, 41.527426392055688 ], [ -5.056071096799716, 41.532244843340692 ], [ -5.059612016811819, 41.534986577122716 ], [ -5.072225450578166, 41.549296094074435 ], [ -5.074729470207814, 41.553344526510017 ], [ -5.083638646630362, 41.571189129997705 ], [ -5.088979194029179, 41.579717672102646 ], [ -5.0954470606905, 41.587149520694773 ], [ -5.103193916993753, 41.593688847438713 ], [ -5.111636415325741, 41.599294818001525 ], [ -5.116214235720303, 41.601569873692995 ], [ -5.120904350530406, 41.60322658091448 ], [ -5.130765841931499, 41.605787476936413 ], [ -5.147589587096093, 41.612898484341279 ], [ -5.161897645678778, 41.624343764512204 ], [ -5.173038126721803, 41.639044124364759 ], [ -5.180347472315159, 41.655932037766803 ], [ -5.186001569056067, 41.674698330483345 ], [ -5.190220630668513, 41.683483545538088 ], [ -5.196433282749059, 41.691061231033515 ], [ -5.256989140105983, 41.738633228889711 ], [ -5.328036504286253, 41.808973284088978 ], [ -5.34467066147656, 41.821941101530342 ], [ -5.352914821620065, 41.826998725336765 ], [ -5.379705060756127, 41.839132355691255 ], [ -5.383973706915693, 41.840421553916414 ], [ -5.392914967456967, 41.842352434516101 ], [ -5.397015901177738, 41.843962473928528 ], [ -5.400613697582131, 41.84623169614386 ], [ -5.403877527477967, 41.848967596449754 ], [ -5.406728638937466, 41.852141007465541 ], [ -5.409095571878012, 41.855711094858307 ], [ -5.419619162820084, 41.874623224478142 ], [ -5.422627778135144, 41.879009998529384 ], [ -5.429375651650798, 41.88666351921453 ], [ -5.436906669337169, 41.893628689716095 ], [ -5.452375589670115, 41.904793963032688 ], [ -5.456470689914756, 41.907069018724151 ], [ -5.460708710324631, 41.909023233228361 ], [ -5.492520114041284, 41.918257625945266 ], [ -5.501143450133366, 41.922399393998958 ], [ -5.567818623952725, 41.965117939713366 ], [ -5.614935610670628, 41.986929306970794 ], [ -5.622523504749285, 41.99165442263768 ], [ -5.629068664969353, 41.997569567435505 ], [ -5.633717945446531, 42.004849745648201 ], [ -5.635517572833244, 42.009434857887925 ], [ -5.636809687796475, 42.01388580017661 ], [ -5.637527205360708, 42.018476745892471 ], [ -5.636382385669808, 42.049971683528966 ], [ -5.636843230284235, 42.054136785487188 ], [ -5.637957424225441, 42.058109382733065 ], [ -5.639899971777385, 42.061387796319224 ], [ -5.64377777503611, 42.065202889709539 ], [ -5.647875792018816, 42.068224630345895 ], [ -5.657151019068646, 42.073486425816924 ], [ -5.660837775984049, 42.075971486649152 ], [ -5.664158482272171, 42.079080729427488 ], [ -5.66708105381429, 42.082586648582797 ], [ -5.669573406491672, 42.086261738545943 ], [ -5.675778766727053, 42.098803712229667 ], [ -5.678390705665141, 42.102502136097335 ], [ -5.685660675294606, 42.108545617370055 ], [ -5.702306499437178, 42.117167495093099 ], [ -5.710067939430758, 42.122405956659613 ], [ -5.713299685207868, 42.125299360821067 ], [ -5.716009334871167, 42.128151930649601 ], [ -5.718226055801317, 42.131360342522186 ], [ -5.742545817795492, 42.196012758492785 ], [ -5.761035020395763, 42.232296980033624 ], [ -5.771870702310892, 42.247376515834759 ], [ -5.785599788387479, 42.259644316140282 ], [ -5.801214545623722, 42.269724562896329 ], [ -5.817701407541698, 42.278241438049001 ], [ -5.826638292975872, 42.281963195821191 ], [ -5.835722473682377, 42.284716596555484 ], [ -5.845026868112868, 42.286629976726772 ], [ -5.874246750057896, 42.289459212650769 ], [ -5.883093216612025, 42.292784294045994 ], [ -5.889001069564674, 42.30009363963935 ], [ -5.896933138735118, 42.318241583885907 ], [ -5.901820133364673, 42.32676429251471 ], [ -5.907742570007652, 42.334837823481351 ], [ -5.935937218522486, 42.365796081313704 ], [ -5.950891334586785, 42.379948094409855 ], [ -6.018676327240254, 42.433388569254817 ], [ -6.026860694253404, 42.442821300160205 ], [ -6.028090099348216, 42.444682179046303 ], [ -6.028803241805349, 42.446700561787964 ], [ -6.029697222022573, 42.451740685165987 ], [ -6.030315570492562, 42.454173244713019 ], [ -6.031212467447851, 42.456582470355521 ], [ -6.033487523139318, 42.460619235838841 ], [ -6.036396969360137, 42.464282658849712 ], [ -6.039739551183754, 42.467584406340407 ], [ -6.050105638270264, 42.475482933023095 ], [ -6.064399113162615, 42.483894805605388 ], [ -6.125366230586845, 42.513808871210124 ], [ -6.132747036262817, 42.518475652115697 ], [ -6.139750124359246, 42.523667445873144 ], [ -6.146369661399994, 42.529366752054081 ], [ -6.152449601898539, 42.535830243608302 ], [ -6.191335553794236, 42.590565750154553 ], [ -6.205614444996261, 42.60427441906468 ], [ -6.223390505139399, 42.614057158537989 ], [ -6.232318640359377, 42.617003063984633 ], [ -6.236870210111345, 42.618111424449708 ], [ -6.241526782433688, 42.618858109394601 ], [ -6.247043792485496, 42.619248952295443 ], [ -6.263368775440807, 42.618566435588001 ], [ -6.272665878026132, 42.617096399602744 ], [ -6.291022369044402, 42.612254614413217 ], [ -6.300281554034868, 42.610516238525889 ], [ -6.309443028300123, 42.610102061720518 ], [ -6.31874742273061, 42.610953749235783 ], [ -6.327835978544218, 42.613065467595561 ], [ -6.365181892741074, 42.629125027386863 ], [ -6.375390475972019, 42.632035931976716 ], [ -6.393694465705099, 42.632887619491981 ], [ -6.410755925022073, 42.628127502968297 ], [ -6.426898611848262, 42.619943135955147 ], [ -6.491651655282137, 42.580928847584545 ], [ -6.498977042934854, 42.577463762762157 ], [ -6.506627646881931, 42.574996202358335 ], [ -6.514742012181497, 42.57388784189326 ], [ -6.523791192031215, 42.575912058111058 ], [ -6.532051394234081, 42.581127185773028 ], [ -6.53995721276193, 42.587170667045754 ], [ -6.54794178321756, 42.591691611048027 ], [ -6.554828201791349, 42.593599157743178 ], [ -6.561261067595876, 42.59428167445062 ], [ -6.710283048863126, 42.582130543667731 ] ] } },
{ "type": "Feature", "properties": { "scalerank": 7, "featurecla": "Road", "type": "Major Highway", "sov_a3": null, "note": null, "edited": "New in version 2.0.0", "name": null, "namealt": null, "namealtt": null, "routeraw": "A6", "question": 0, "length_km": 133, "toll": 0, "ne_part": "ne_europe_basic", "label": "A6", "label2": null, "local": "A6", "localtype": null, "localalt": null, "labelrank": 6, "ignore": 0, "add": 0, "rwdb_rd_id": 0, "orig_fid": 0, "prefix": null, "uident": 0, "continent": "Europe", "expressway": 1, "level": null, "min_zoom": 7.0, "min_label": 9.5 }, "geometry": { "type": "LineString", "coordinates": [ [ -6.712095801571135, 42.582515553092442 ], [ -6.721522699000396, 42.584650605356742 ], [ -6.725849679921282, 42.58618480957945 ], [ -6.730258329508015, 42.58843069789026 ], [ -6.736221600483919, 42.592420795564522 ], [ -6.738174356619098, 42.593085811843565 ], [ -6.750211734617412, 42.594357509640332 ], [ -6.758221097346603, 42.596708400521521 ], [ -6.765737531342644, 42.601346014046428 ], [ -6.772501446917662, 42.607243658415854 ], [ -6.79235859967088, 42.629667540667135 ], [ -6.800121498033494, 42.636889384118511 ], [ -6.809161927669013, 42.642711193298211 ], [ -6.814394555759389, 42.644484570042337 ], [ -6.819953858513152, 42.645120418940721 ], [ -6.84195043863777, 42.644350400091298 ], [ -6.863655344955792, 42.646082942502495 ], [ -6.874377274086346, 42.648025490054437 ], [ -6.918600856642794, 42.662510011290117 ], [ -6.959938326882952, 42.684560551068955 ], [ -7.112111843630498, 42.803580964589493 ], [ -7.147548752763168, 42.838657656571016 ], [ -7.177661156556386, 42.877899450510768 ], [ -7.18146020788733, 42.884689616728373 ], [ -7.194041557534952, 42.918342940533691 ], [ -7.197015171993222, 42.923913910239726 ], [ -7.200965893703597, 42.928779029333782 ], [ -7.20682124537106, 42.93273412615126 ], [ -7.213488908589898, 42.93463583937028 ], [ -7.220544497971517, 42.93498001446207 ], [ -7.227565086496337, 42.934227496041046 ], [ -7.236039668947054, 42.932360783678817 ], [ -7.243442350158521, 42.929374043899244 ], [ -7.249758546440411, 42.924736430374331 ], [ -7.259503368318864, 42.911237766604955 ], [ -7.264765163789896, 42.906016805466848 ], [ -7.271141153202137, 42.902248379885592 ], [ -7.279014887611261, 42.899938323337338 ], [ -7.28504816030075, 42.899209138820837 ], [ -7.297278043011421, 42.899389976580935 ], [ -7.320769451394852, 42.90240588374116 ], [ -7.388254020027524, 42.919976313850647 ], [ -7.419982296709296, 42.931520763115813 ], [ -7.435357881424132, 42.938404264951529 ], [ -7.452769349309023, 42.948432010422387 ], [ -7.469085582050134, 42.960513139491695 ], [ -7.602593433544417, 43.086463722657008 ], [ -7.641158544252857, 43.11473274799252 ], [ -7.710388780618018, 43.158069642176912 ], [ -7.738719057452919, 43.178906818920296 ], [ -7.751478328122566, 43.191122117940644 ], [ -7.761999002326569, 43.205005791134724 ] ] } },
{ "type": "Feature", "properties": { "scalerank": 7, "featurecla": "Road", "type": "Major Highway", "sov_a3": null, "note": null, "edited": "New in version 2.0.0", "name": null, "namealt": null, "namealtt": null, "routeraw": "A67", "question": 0, "length_km": 84, "toll": 0, "ne_part": "ne_europe_basic", "label": "A67", "label2": null, "local": "A67", "localtype": null, "localalt": null, "labelrank": 6, "ignore": 0, "add": 0, "rwdb_rd_id": 0, "orig_fid": 0, "prefix": null, "uident": 0, "continent": "Europe", "expressway": 1, "level": null, "min_zoom": 7.0, "min_label": 9.5 }, "geometry": { "type": "LineString", "coordinates": [ [ -4.211991892777533, 42.79096898919218 ], [ -4.22564222692634, 42.790467310244829 ], [ -4.230058168358237, 42.789627289681825 ], [ -4.241383862268453, 42.786523880379619 ], [ -4.243505789211458, 42.785602191150772 ], [ -4.249543437008043, 42.781232917527923 ], [ -4.256622360294188, 42.774985264590583 ], [ -4.26205916004918, 42.767285076096385 ], [ -4.266037590771184, 42.758669031849472 ], [ -4.268741406958352, 42.749662144701716 ], [ -4.269070998359805, 42.747404589438645 ], [ -4.269076831835939, 42.745077032461992 ], [ -4.266340931530046, 42.727594104494479 ], [ -4.266011340128589, 42.721072278178937 ], [ -4.26625051265, 42.714521284482743 ], [ -4.267875135752753, 42.702766830076825 ], [ -4.26939913139223, 42.696910020040328 ], [ -4.271566267775256, 42.691549055475051 ], [ -4.273836948359623, 42.688743153455576 ], [ -4.276989942208953, 42.686730604190046 ], [ -4.291035494365698, 42.681474642195141 ], [ -4.294373701082218, 42.679695431974892 ], [ -4.297270021981738, 42.677327040665318 ], [ -4.300377806391044, 42.672695260616536 ], [ -4.302461815739189, 42.66706595614918 ], [ -4.309146979386426, 42.631341748317013 ], [ -4.312642689958508, 42.619721463862135 ], [ -4.318359496567837, 42.608667026592052 ], [ -4.324892989835639, 42.60029598834268 ], [ -4.355868748096388, 42.571315278919059 ], [ -4.362651622468835, 42.563183413191098 ], [ -4.368540516624055, 42.554386531184093 ], [ -4.37354418077625, 42.544866298136725 ], [ -4.380916236238026, 42.525936668088484 ], [ -4.386309284922028, 42.506283686999886 ], [ -4.392883612522755, 42.46610853687902 ], [ -4.39679495826924, 42.324850912343422 ], [ -4.395661805530608, 42.319110771829564 ], [ -4.392985698355066, 42.313673972074568 ], [ -4.386679710656409, 42.304818755306243 ], [ -4.383970060993111, 42.300198642209722 ], [ -4.381977928894042, 42.295181852736235 ], [ -4.381782507443621, 42.290690076114615 ], [ -4.383512133116749, 42.286822481439124 ], [ -4.386469705515658, 42.283573235233618 ], [ -4.394283646794431, 42.277815594291368 ], [ -4.39786248440139, 42.274642183275574 ], [ -4.404498063501507, 42.266924494352978 ], [ -4.406567489159322, 42.263786084193981 ], [ -4.430599952453996, 42.210048102066295 ], [ -4.433328560914724, 42.201717898149845 ], [ -4.437815962429241, 42.167837068775377 ], [ -4.440611655865485, 42.154840083953353 ], [ -4.476251278293741, 42.047189115414014 ], [ -4.477197759796155, 42.040725623859799 ], [ -4.477419431889167, 41.995247843934976 ], [ -4.477816108266143, 41.991677756542217 ], [ -4.478812174315674, 41.988236005624351 ], [ -4.480652636035312, 41.984572582613474 ], [ -4.489758692277313, 41.970268899137892 ], [ -4.495275702329121, 41.958438609542256 ], [ -4.495752589002912, 41.956146053422401 ], [ -4.496496357209736, 41.944601604157228 ] ] } },
{ "type": "Feature", "properties": { "scalerank": 7, "featurecla": "Road", "type": "Major Highway", "sov_a3": null, "note": null, "edited": "New in version 2.0.0", "name": null, "namealt": null, "namealtt": null, "routeraw": "A67", "question": 0, "length_km": 61, "toll": 0, "ne_part": "ne_europe_basic", "label": "A67", "label2": null, "local": "A67", "localtype": null, "localalt": null, "labelrank": 6, "ignore": 0, "add": 0, "rwdb_rd_id": 0, "orig_fid": 0, "prefix": null, "uident": 0, "continent": "Europe", "expressway": 1, "level": null, "min_zoom": 7.0, "min_label": 9.5 }, "geometry": { "type": "LineString", "coordinates": [ [ -4.045780115718408, 43.346566756429183 ], [ -4.060477558832901, 43.334578962978 ], [ -4.066981884720047, 43.327730461999067 ], [ -4.076372322923479, 43.313164272097538 ], [ -4.077356722020749, 43.310848382073146 ], [ -4.077977987228806, 43.308299153003475 ], [ -4.079220517644913, 43.295348835990509 ], [ -4.077865692813265, 43.267622323935271 ], [ -4.078714463590465, 43.248786029505141 ], [ -4.076020855986531, 43.225125450313882 ], [ -4.07370496596214, 43.215844389787918 ], [ -4.069905914631192, 43.207292513778455 ], [ -4.054884713591377, 43.181496882322897 ], [ -4.05333155057124, 43.17781012540749 ], [ -4.052348609843005, 43.17394836420813 ], [ -4.052039435608009, 43.169724927488588 ], [ -4.053152171180184, 43.165408155150928 ], [ -4.055767026856337, 43.161295554477888 ], [ -4.061937386234927, 43.15405037712199 ], [ -4.067441270965439, 43.146542693340145 ], [ -4.075870643976131, 43.132320678530405 ], [ -4.076785041359816, 43.130162292361575 ], [ -4.077399014722708, 43.1276655645771 ], [ -4.082070170735381, 43.069284135448363 ], [ -4.083061861677816, 43.066262394812 ], [ -4.085016076182026, 43.063193986366585 ], [ -4.097982435254355, 43.047787775902066 ], [ -4.103387150890622, 43.039370069843628 ], [ -4.106592646025138, 43.030100676269939 ], [ -4.107092866603455, 43.025194722842954 ], [ -4.106745774773604, 43.010056852280492 ], [ -4.107225578185457, 43.00574591341897 ], [ -4.108672280266187, 43.002490833737326 ], [ -4.111090256122885, 42.999854102525681 ], [ -4.130919699864478, 42.986413773517626 ], [ -4.137425484120655, 42.97907526054361 ], [ -4.140003880570987, 42.970045039491325 ], [ -4.139636371574671, 42.964608239736336 ], [ -4.13847988493151, 42.960058128353396 ], [ -4.136308373441384, 42.955898859871304 ], [ -4.132903081749348, 42.951646255771095 ], [ -4.12959404241349, 42.949196195795672 ], [ -4.125708947309597, 42.947177813054012 ], [ -4.122236570642045, 42.944756920459241 ], [ -4.12017297846036, 42.941122664829031 ], [ -4.117119153705275, 42.926783980496651 ], [ -4.115498905709622, 42.922263036494378 ], [ -4.106696190226483, 42.90436009824537 ], [ -4.104167378323275, 42.900025825479318 ], [ -4.102130036784185, 42.895884057425619 ], [ -4.101351267720567, 42.891596452468619 ], [ -4.102595256505708, 42.886818835516543 ], [ -4.104949064124959, 42.882992075173973 ], [ -4.107859968714809, 42.879614492493559 ], [ -4.114536382147847, 42.873641012934428 ], [ -4.130560941082361, 42.861979894146621 ], [ -4.181583440070618, 42.832001660304442 ], [ -4.191762855920903, 42.823327281296201 ], [ -4.200635573117626, 42.812996195066489 ], [ -4.216750550932186, 42.791097325667081 ] ] } },
{ "type": "Feature", "properties": { "scalerank": 7, "featurecla": "Road", "type": "Secondary Highway", "sov_a3": null, "note": null, "edited": "New in version 2.0.0", "name": null, "namealt": null, "namealtt": null, "routeraw": "N401", "question": 0, "length_km": 63, "toll": 0, "ne_part": "ne_europe_basic", "label": "N401", "label2": null, "local": "N401", "localtype": null, "localalt": null, "labelrank": 6, "ignore": 0, "add": 0, "rwdb_rd_id": 0, "orig_fid": 0, "prefix": null, "uident": 0, "continent": "Europe", "expressway": 0, "level": null, "min_zoom": 7.0, "min_label": 9.5 }, "geometry": { "type": "LineString", "coordinates": [ [ -3.855343370652253, 39.579103698739758 ], [ -3.855515458198145, 39.553010560001468 ], [ -3.851303688430864, 39.527430767162784 ], [ -3.843855797779376, 39.502463489317961 ], [ -3.801864978212439, 39.397869262271783 ], [ -3.79275163012527, 39.36045917983747 ], [ -3.788087765957762, 39.333071009397884 ], [ -3.785999381502517, 39.325131648382275 ], [ -3.782983474342291, 39.317518962030057 ], [ -3.77873232861112, 39.310273784674152 ], [ -3.759634986124091, 39.282576439999573 ], [ -3.758075989627823, 39.279029686511336 ], [ -3.757247636017084, 39.275208759644897 ], [ -3.757679313250847, 39.265951033023455 ], [ -3.760470631579995, 39.257364156157202 ], [ -3.765134495747503, 39.249448129046122 ], [ -3.771179435389254, 39.242208785166355 ], [ -3.812069186336284, 39.2028561551801 ], [ -3.865718207952959, 39.1376203915963 ], [ -3.896527712143946, 39.107618823849592 ], [ -3.904661036240942, 39.096185210630935 ], [ -3.90851988070224, 39.089616716506342 ], [ -3.911375367268835, 39.082237369199397 ], [ -3.915390257216664, 39.067169500350523 ], [ -3.923495872302034, 38.988160899619153 ], [ -3.924909031895002, 38.980116536033165 ], [ -3.927450969119509, 38.971990503781342 ] ] } },
{ "type": "Feature", "properties": { "scalerank": 7, "featurecla": "Road", "type": "Secondary Highway", "sov_a3": null, "note": null, "edited": "New in version 2.0.0", "name": null, "namealt": null, "namealtt": null, "routeraw": "IC8", "question": 0, "length_km": 21, "toll": 0, "ne_part": "ne_europe_basic", "label": "IC8", "label2": null, "local": "IC8", "localtype": null, "localalt": null, "labelrank": 6, "ignore": 0, "add": 0, "rwdb_rd_id": 0, "orig_fid": 0, "prefix": null, "uident": 0, "continent": "Europe", "expressway": 0, "level": null, "min_zoom": 7.0, "min_label": 9.5 }, "geometry": { "type": "LineString", "coordinates": [ [ -8.831251843411742, 40.021141186115749 ], [ -8.799313561589218, 40.010979270693866 ], [ -8.737887057919597, 39.984384453008218 ], [ -8.704755830228086, 39.978626812065968 ], [ -8.687886875623468, 39.979408497867652 ], [ -8.685918077428928, 39.979105157108791 ], [ -8.683516143631591, 39.977506784648625 ], [ -8.680936288812228, 39.974817552151791 ], [ -8.658715119856529, 39.943310947563035 ] ] } },
{ "type": "Feature", "properties": { "scalerank": 7, "featurecla": "Road", "type": "Secondary Highway", "sov_a3": null, "note": null, "edited": "New in version 2.0.0", "name": null, "namealt": null, "namealtt": null, "routeraw": "N627", "question": 0, "length_km": 67, "toll": 0, "ne_part": "ne_europe_basic", "label": "N627", "label2": null, "local": "N627", "localtype": null, "localalt": null, "labelrank": 6, "ignore": 0, "add": 0, "rwdb_rd_id": 0, "orig_fid": 0, "prefix": null, "uident": 0, "continent": "Europe", "expressway": 0, "level": null, "min_zoom": 7.0, "min_label": 9.5 }, "geometry": { "type": "LineString", "coordinates": [ [ -3.67138032572355, 42.486321531676296 ], [ -3.67222326302462, 42.49050996753904 ], [ -3.673413292155541, 42.494494231737178 ], [ -3.675080207960249, 42.498291824699088 ], [ -3.686175479563254, 42.514421386203978 ], [ -3.696722404409851, 42.524997478431239 ], [ -3.711607977129599, 42.537947795444211 ], [ -3.736175661859381, 42.555226551747097 ], [ -3.749632032926797, 42.5698802437906 ], [ -3.771997580416762, 42.603288561598376 ], [ -3.774950777708572, 42.60669531165945 ], [ -3.778828580967296, 42.609670384486748 ], [ -3.791383679972324, 42.617160567840202 ], [ -3.810062470546885, 42.624504914290341 ], [ -3.814089027446975, 42.625426603519195 ], [ -3.827538106669227, 42.627334150214352 ], [ -3.8373368882019, 42.629871712331756 ], [ -3.842436804710275, 42.631633422123613 ], [ -3.846419610539375, 42.633441799724523 ], [ -3.854418764685335, 42.638540257863859 ], [ -3.862239997809272, 42.644688741706958 ], [ -3.874439254770248, 42.656169022734666 ], [ -3.882046107646335, 42.662002498866634 ], [ -3.890176515005265, 42.666558443725705 ], [ -3.907640484175346, 42.674066127507544 ], [ -3.954964559295934, 42.688638150885197 ], [ -3.958291099060187, 42.690224856393094 ], [ -3.961798476584534, 42.692225738706355 ], [ -3.965196476431405, 42.694961639012249 ], [ -3.97127204182285, 42.701518466184581 ], [ -3.974745876859437, 42.704149363920102 ], [ -3.991343574823919, 42.711715382463268 ], [ -4.00880462725593, 42.717204683503446 ], [ -4.129595500782521, 42.745456208410566 ], [ -4.137908204270577, 42.748396280381073 ], [ -4.146241324925093, 42.752269708532708 ], [ -4.154173394095537, 42.756901488581491 ], [ -4.161277109655238, 42.76211661624346 ], [ -4.16898313162557, 42.769373460551634 ], [ -4.176146640315626, 42.777207818996871 ], [ -4.179391511414032, 42.780153724443508 ], [ -4.18310889407913, 42.782516282276958 ], [ -4.191115340070255, 42.786133037478777 ], [ -4.196254632542519, 42.787883080318366 ], [ -4.211991892777533, 42.79096898919218 ] ] } },
{ "type": "Feature", "properties": { "scalerank": 7, "featurecla": "Road", "type": "Secondary Highway", "sov_a3": null, "note": null, "edited": "New in version 2.0.0", "name": null, "namealt": null, "namealtt": null, "routeraw": "_untitled_133", "question": 0, "length_km": 34, "toll": 0, "ne_part": "ne_europe_basic", "label": null, "label2": null, "local": null, "localtype": null, "localalt": null, "labelrank": 6, "ignore": 0, "add": 0, "rwdb_rd_id": 0, "orig_fid": 0, "prefix": null, "uident": 0, "continent": "Europe", "expressway": 0, "level": null, "min_zoom": 7.0, "min_label": 9.5 }, "geometry": { "type": "LineString", "coordinates": [ [ -4.037546164158137, 39.85314874046734 ], [ -4.013265778127852, 39.807880965683268 ], [ -4.012026164449811, 39.80473088857201 ], [ -3.99874333929732, 39.758022245183341 ], [ -3.990261465001439, 39.709616060240272 ], [ -3.986175114970994, 39.696776579273809 ], [ -3.984341945096524, 39.692343137413516 ], [ -3.981912302287558, 39.688329705834718 ], [ -3.977416150558845, 39.682099553325784 ], [ -3.975740484539937, 39.680232840963555 ], [ -3.973688559310517, 39.678494465076227 ], [ -3.966840058331588, 39.673909352836496 ], [ -3.958286723953091, 39.669230904978662 ], [ -3.948620654002418, 39.665818321441456 ], [ -3.929263721827517, 39.660597360303342 ], [ -3.92059809303348, 39.657563952714725 ], [ -3.912273722593159, 39.653725525419887 ], [ -3.904327069732386, 39.649152080132424 ], [ -3.896804802260213, 39.643925285518179 ], [ -3.88906232106406, 39.637240121870946 ], [ -3.882256112787086, 39.629866608040139 ], [ -3.870239151955232, 39.613550375299027 ], [ -3.858992209972801, 39.592859035458936 ], [ -3.857905725043221, 39.590134802105311 ], [ -3.855831924278306, 39.58116874929047 ], [ -3.855025446203062, 39.578625353696935 ], [ -3.851779116735621, 39.57140351024556 ] ] } },
{ "type": "Feature", "properties": { "scalerank": 7, "featurecla": "Road", "type": "Secondary Highway", "sov_a3": null, "note": null, "edited": "New in version 2.0.0", "name": null, "namealt": null, "namealtt": null, "routeraw": "EX382", "question": 0, "length_km": 45, "toll": 0, "ne_part": "ne_europe_basic", "label": "EX382", "label2": null, "local": "EX382", "localtype": null, "localalt": null, "labelrank": 6, "ignore": 0, "add": 0, "rwdb_rd_id": 0, "orig_fid": 0, "prefix": null, "uident": 0, "continent": "Europe", "expressway": 0, "level": null, "min_zoom": 7.0, "min_label": 9.5 }, "geometry": { "type": "LineString", "coordinates": [ [ -6.294239531131183, 39.15406496081232 ], [ -6.09290585265051, 39.371350279775854 ], [ -5.967226388690682, 39.461396928944666 ] ] } },
{ "type": "Feature", "properties": { "scalerank": 7, "featurecla": "Road", "type": "Secondary Highway", "sov_a3": null, "note": null, "edited": "New in version 2.0.0", "name": null, "namealt": null, "namealtt": null, "routeraw": "N430", "question": 0, "length_km": 238, "toll": 0, "ne_part": "ne_europe_basic", "label": "N430", "label2": null, "local": "N430", "localtype": null, "localalt": null, "labelrank": 6, "ignore": 0, "add": 0, "rwdb_rd_id": 0, "orig_fid": 0, "prefix": null, "uident": 0, "continent": "Europe", "expressway": 0, "level": null, "min_zoom": 7.0, "min_label": 9.5 }, "geometry": { "type": "LineString", "coordinates": [ [ -3.92670574254365, 38.96884042667007 ], [ -3.941950074045515, 38.9572026417868 ], [ -3.946086008623077, 38.954548410146757 ], [ -3.950086314880576, 38.952617529547069 ], [ -3.954346210825946, 38.951246662656061 ], [ -3.959272581419391, 38.950278305618156 ], [ -3.968536141516957, 38.949263280771191 ], [ -3.978266379705079, 38.94899494086912 ], [ -3.987960158667377, 38.949624956291373 ], [ -3.997108507611333, 38.951281663512852 ], [ -4.017101288684621, 38.957395146499152 ], [ -4.110867125660839, 38.99930867250734 ], [ -4.136735675568051, 39.00774387899417 ], [ -4.162168173134397, 39.010783120058925 ], [ -4.174277011215331, 39.009657259165451 ], [ -4.185906045884408, 39.006705520242676 ], [ -4.217014515727158, 38.995732751638442 ], [ -4.225664102461835, 38.993848538847821 ], [ -4.234294730399082, 38.993842705371691 ], [ -4.242569516292278, 38.996730276057015 ], [ -4.265490702383811, 39.011337300291459 ], [ -4.273861740633183, 39.015222395395355 ], [ -4.28445679165787, 39.018553310266704 ], [ -4.306419829294729, 39.022741746129455 ], [ -4.328991006818345, 39.025384310817238 ], [ -4.351934068445377, 39.02572265243289 ], [ -4.363506226722166, 39.024555957206502 ], [ -4.434553590902436, 39.008251391417645 ], [ -4.458580220720979, 39.004675470548754 ], [ -4.482946650524209, 39.005048813021205 ], [ -4.506869736141407, 39.00967475959385 ], [ -4.529941134243341, 39.017789124893419 ], [ -4.587874844078947, 39.049184893435665 ], [ -4.606996978839536, 39.0564534046961 ], [ -4.627507480919537, 39.058885964243132 ], [ -4.631723625793914, 39.058477620913891 ], [ -4.676233048680828, 39.049097391293685 ], [ -4.694631832401058, 39.047114009408816 ], [ -4.703734971904993, 39.047032340742973 ], [ -4.723078778758598, 39.049272395577646 ], [ -4.741815904094477, 39.054160848576238 ], [ -4.814343512843234, 39.082301537436848 ], [ -4.855768485225369, 39.093968489700785 ], [ -4.898335360560338, 39.100513649920856 ], [ -4.952945447369757, 39.102246192332046 ], [ -5.124550273112884, 39.081531518587425 ], [ -5.1368793249178, 39.078573946188527 ], [ -5.148851076309629, 39.07448467942001 ], [ -5.160281772790221, 39.069001211855962 ], [ -5.169600750911041, 39.063068566629752 ], [ -5.204439728740184, 39.035190384195076 ], [ -5.213974545477885, 39.028960231686135 ], [ -5.224048958757795, 39.023675102310577 ], [ -5.234785471578682, 39.01946916601942 ], [ -5.280470339906188, 39.007644709899921 ], [ -5.296238225890896, 39.000860377158446 ], [ -5.310328987487665, 38.991824322630023 ], [ -5.336810052388731, 38.970631303842595 ], [ -5.421160658887956, 38.91607080158029 ], [ -5.436540618709888, 38.903785500846368 ], [ -5.450554086747907, 38.89000683022266 ], [ -5.462960432111569, 38.874483950235501 ], [ -5.529203928697164, 38.767573833164917 ], [ -5.534847816854843, 38.753060144548584 ], [ -5.537821431313112, 38.737869772700947 ], [ -5.605004117555954, 38.823919379123595 ], [ -5.708613945504865, 38.932462869511127 ], [ -5.726486258004183, 38.946054868898614 ], [ -5.746120280295354, 38.956315953414745 ], [ -5.768329782298789, 38.961443578934741 ], [ -5.79161556064857, 38.961618583218694 ], [ -5.855993803240967, 38.954192568102705 ], [ -5.874379461639897, 38.953877560391575 ] ] } },
{ "type": "Feature", "properties": { "scalerank": 7, "featurecla": "Road", "type": "Secondary Highway", "sov_a3": null, "note": null, "edited": "New in version 2.0.0", "name": "802", "namealt": null, "namealtt": null, "routeraw": "E802 IP2", "question": 0, "length_km": 97, "toll": 0, "ne_part": "ne_europe_basic", "label": "E802", "label2": "IP2", "local": "IP2", "localtype": null, "localalt": null, "labelrank": 6, "ignore": 0, "add": 0, "rwdb_rd_id": 0, "orig_fid": 0, "prefix": "E", "uident": 0, "continent": "Europe", "expressway": 0, "level": "E", "min_zoom": 7.0, "min_label": 9.5 }, "geometry": { "type": "LineString", "coordinates": [ [ -7.791866400122245, 39.555209780503219 ], [ -7.788552985679289, 39.536017644029045 ], [ -7.783579947276785, 39.517093847456934 ], [ -7.776909367319881, 39.498712564165103 ], [ -7.768498953106615, 39.481153801007885 ], [ -7.757874734701268, 39.464370890176212 ], [ -7.751641665454262, 39.456635700825224 ], [ -7.744727537868847, 39.449507192991959 ], [ -7.736419209487892, 39.442740360678876 ], [ -7.727441489720793, 39.437140223592188 ], [ -7.717919798304386, 39.432455942258215 ], [ -7.707970804761317, 39.428460011107816 ], [ -7.687202171362479, 39.422177357313686 ], [ -7.644880302025051, 39.412592956028867 ], [ -7.624148127852038, 39.406286968330207 ], [ -7.605763927822142, 39.397215912945001 ], [ -7.556347093139209, 39.361386702542454 ], [ -7.494329950011227, 39.3238774510139 ], [ -7.468538693662765, 39.299266015213128 ], [ -7.454237926925245, 39.266773553158068 ], [ -7.452991021402038, 39.240050398997525 ], [ -7.458540115572571, 39.186697426294543 ], [ -7.456924242684018, 39.160003439514661 ], [ -7.444418728226111, 39.113323963506659 ], [ -7.443625375472163, 39.105833780153205 ], [ -7.443567040710843, 39.098320262895228 ], [ -7.445156662956805, 39.083357396616734 ], [ -7.448977589823244, 39.065804466935646 ], [ -7.460647458825246, 39.031707798944296 ], [ -7.495565188582169, 38.960994401272579 ], [ -7.535079697531089, 38.899293724224755 ], [ -7.567486115813203, 38.859311078816248 ], [ -7.631130798782003, 38.792331105868996 ] ] } },
{ "type": "Feature", "properties": { "scalerank": 7, "featurecla": "Road", "type": "Major Highway", "sov_a3": null, "note": null, "edited": "New in version 2.0.0", "name": null, "namealt": null, "namealtt": null, "routeraw": "M40", "question": 0, "length_km": 23, "toll": 0, "ne_part": "ne_europe_basic", "label": "M40", "label2": null, "local": "M40", "localtype": null, "localalt": null, "labelrank": 7, "ignore": 0, "add": 0, "rwdb_rd_id": 0, "orig_fid": 0, "prefix": null, "uident": 0, "continent": "Europe", "expressway": 1, "level": null, "min_zoom": 7.0, "min_label": 9.5 }, "geometry": { "type": "LineString", "coordinates": [ [ -3.734753752052214, 40.352482630411522 ], [ -3.715167855939132, 40.35376016168442 ], [ -3.705581996285275, 40.355632707522787 ], [ -3.696279060223819, 40.358759450729522 ], [ -3.69161373768728, 40.360952837755136 ], [ -3.674509985668351, 40.371587264743717 ], [ -3.666185615228031, 40.375921537509768 ], [ -3.657528736648192, 40.379649128758096 ], [ -3.653610099056543, 40.381755013641737 ], [ -3.650355019374903, 40.384613416946401 ], [ -3.648233092431902, 40.388621015049061 ], [ -3.645069889999341, 40.398613759663121 ], [ -3.642936296104075, 40.403321374901623 ], [ -3.640006432716792, 40.407760650238046 ], [ -3.636693018273835, 40.411319070678545 ], [ -3.61757817535841, 40.425751090629035 ], [ -3.614005171227578, 40.429099505928789 ], [ -3.611964912950423, 40.43273959503513 ], [ -3.611331980790105, 40.435644666148853 ], [ -3.61129552156428, 40.437657215414383 ], [ -3.611976579902688, 40.439564762109541 ], [ -3.613481616744735, 40.442131491607597 ], [ -3.614837899945417, 40.443869867494925 ], [ -3.6164902320598, 40.445369070860849 ], [ -3.641708349378295, 40.460996953418388 ], [ -3.644649879717839, 40.463861190199182 ], [ -3.647082439264871, 40.467151270737617 ], [ -3.649103738744596, 40.470902195890467 ], [ -3.649638960179704, 40.472996413821846 ], [ -3.649703128417158, 40.480235757701621 ], [ -3.650242724959362, 40.484680866514175 ], [ -3.651251916330192, 40.489079307517684 ] ] } },
{ "type": "Feature", "properties": { "scalerank": 7, "featurecla": "Road", "type": "Major Highway", "sov_a3": null, "note": null, "edited": "New in version 2.0.0", "name": null, "namealt": null, "namealtt": null, "routeraw": "M40", "question": 0, "length_km": 19, "toll": 0, "ne_part": "ne_europe_basic", "label": "M40", "label2": null, "local": "M40", "localtype": null, "localalt": null, "labelrank": 7, "ignore": 0, "add": 0, "rwdb_rd_id": 0, "orig_fid": 0, "prefix": null, "uident": 0, "continent": "Europe", "expressway": 1, "level": null, "min_zoom": 7.0, "min_label": 9.5 }, "geometry": { "type": "LineString", "coordinates": [ [ -3.845241248360718, 40.439284755255201 ], [ -3.845356459514324, 40.430732879245738 ], [ -3.845060410600627, 40.426579444239778 ], [ -3.844332684453164, 40.422303506235039 ], [ -3.843699752292846, 40.420115952685556 ], [ -3.842885982372437, 40.418470912416339 ], [ -3.841748454526702, 40.416977542526553 ], [ -3.840166124125904, 40.415239166639232 ], [ -3.839401938752619, 40.413757463701714 ], [ -3.839734446892141, 40.41237492985843 ], [ -3.841841790144812, 40.409364856174335 ], [ -3.846561072335575, 40.401069653114682 ], [ -3.848286322901604, 40.396910384632591 ], [ -3.84970239923264, 40.392150268108907 ], [ -3.850020323681832, 40.387868496628037 ], [ -3.849024257632298, 40.383936733715089 ], [ -3.847134211365542, 40.380249976799689 ], [ -3.844765820055962, 40.376709056787583 ], [ -3.838553167975416, 40.370898914560144 ], [ -3.830516096234597, 40.366949651218803 ], [ -3.805863826100904, 40.359873644670728 ], [ -3.734753752052214, 40.352482630411522 ] ] } },
{ "type": "Feature", "properties": { "scalerank": 7, "featurecla": "Road", "type": "Secondary Highway", "sov_a3": null, "note": null, "edited": "New in version 2.0.0", "name": "802", "namealt": null, "namealtt": null, "routeraw": "E802 N102", "question": 0, "length_km": 95, "toll": 0, "ne_part": "ne_europe_basic", "label": "E802", "label2": "N102", "local": "N102", "localtype": null, "localalt": null, "labelrank": 6, "ignore": 0, "add": 0, "rwdb_rd_id": 0, "orig_fid": 0, "prefix": "E", "uident": 0, "continent": "Europe", "expressway": 0, "level": "E", "min_zoom": 7.0, "min_label": 9.5 }, "geometry": { "type": "LineString", "coordinates": [ [ -7.416330540650684, 40.642966407878987 ], [ -7.414603831715624, 40.651436615222607 ], [ -7.411386669628843, 40.659405143618876 ], [ -7.406874475840766, 40.666766990497422 ], [ -7.401264130170844, 40.673440487192394 ], [ -7.374462224082517, 40.70082865763198 ], [ -7.36601972575053, 40.711737257998763 ], [ -7.363334868360791, 40.715867359100187 ], [ -7.361272734548141, 40.720289134008226 ], [ -7.358307870304067, 40.728928512159669 ], [ -7.356120316754581, 40.737748728071203 ], [ -7.351784585619495, 40.762891010199979 ], [ -7.350673308416354, 40.766962776540097 ], [ -7.345216091494898, 40.778804733087995 ], [ -7.342871034089846, 40.782783163809995 ], [ -7.339678664276629, 40.786545755915114 ], [ -7.329448205510189, 40.79579181558428 ], [ -7.284429811830762, 40.826446732657772 ], [ -7.281238900386573, 40.829258468153384 ], [ -7.275185210530626, 40.836147803465238 ], [ -7.26369909602678, 40.851244839694772 ], [ -7.240728325388122, 40.893129198322299 ], [ -7.233891491361458, 40.910717128860185 ], [ -7.217916516974064, 40.964787619127392 ], [ -7.210270288134087, 40.981973039812168 ], [ -7.201008186405556, 40.998085100888659 ], [ -7.128079526172726, 41.095451651007338 ], [ -7.11862491973184, 41.111546211655437 ], [ -7.110369092636073, 41.128947470957101 ], [ -7.104154982186493, 41.147118749108174 ], [ -7.100821150577072, 41.165511699352273 ], [ -7.100367597807814, 41.186751385948767 ], [ -7.109373026586539, 41.267049184905304 ], [ -7.108298208609224, 41.283884597022166 ], [ -7.105423763245195, 41.300556671807328 ], [ -7.082819043233822, 41.384144551302292 ], [ -7.075549073604357, 41.399988272476719 ], [ -7.07298234410629, 41.403756698057968 ], [ -7.061356226175278, 41.416695348118672 ], [ -7.022244227079469, 41.45241955595084 ], [ -7.005989245837739, 41.473490071739512 ], [ -6.997265282282381, 41.497920669780193 ], [ -6.993308727095872, 41.524112977612731 ], [ -6.991351595853597, 41.550468622776961 ] ] } },
{ "type": "Feature", "properties": { "scalerank": 8, "featurecla": "Road", "type": "Major Highway", "sov_a3": null, "note": null, "edited": "New in version 2.0.0", "name": null, "namealt": null, "namealtt": null, "routeraw": "A43", "question": 0, "length_km": 130, "toll": 0, "ne_part": "ne_europe_basic", "label": "A43", "label2": null, "local": "A43", "localtype": null, "localalt": null, "labelrank": 6, "ignore": 0, "add": 0, "rwdb_rd_id": 0, "orig_fid": 0, "prefix": null, "uident": 0, "continent": "Europe", "expressway": 1, "level": null, "min_zoom": 7.1, "min_label": 9.6 }, "geometry": { "type": "LineString", "coordinates": [ [ -3.585820731295978, 39.075400535172733 ], [ -3.434557236825018, 39.055240041660653 ], [ -3.359753114015763, 39.038807139396894 ], [ -3.324903927603387, 39.036946260510803 ], [ -3.301836904608553, 39.040283008858282 ], [ -3.267658567951354, 39.049552402431985 ], [ -3.243233803386804, 39.059749318710658 ], [ -3.160761576202077, 39.109520537068612 ], [ -3.152489707046946, 39.11345229998156 ], [ -3.143921788978119, 39.116684045758667 ], [ -3.135620752442328, 39.118859932355889 ], [ -2.856719341834882, 39.170672867360025 ], [ -2.766877975926445, 39.17811054942829 ], [ -2.717472808195776, 39.188184962708192 ], [ -2.677208697563902, 39.201864464237659 ], [ -2.649856986350137, 39.213729754690085 ], [ -2.592505165758695, 39.247838089633703 ], [ -2.5763931046822, 39.25941753975566 ], [ -2.568857711888732, 39.265892698262135 ], [ -2.507590170443706, 39.331320966558295 ], [ -2.498648909902432, 39.338741148198153 ], [ -2.488831169572332, 39.34462129213918 ], [ -2.478284244725732, 39.349066400951742 ], [ -2.467174389432401, 39.352181477206209 ] ] } },
{ "type": "Feature", "properties": { "scalerank": 8, "featurecla": "Road", "type": "Major Highway", "sov_a3": null, "note": null, "edited": "New in version 2.0.0", "name": null, "namealt": null, "namealtt": null, "routeraw": "CM42", "question": 0, "length_km": 102, "toll": 0, "ne_part": "ne_europe_basic", "label": "CM42", "label2": null, "local": "CM42", "localtype": null, "localalt": null, "labelrank": 6, "ignore": 0, "add": 0, "rwdb_rd_id": 0, "orig_fid": 0, "prefix": null, "uident": 0, "continent": "Europe", "expressway": 1, "level": null, "min_zoom": 7.1, "min_label": 9.6 }, "geometry": { "type": "LineString", "coordinates": [ [ -3.204234098706532, 39.393925832406566 ], [ -3.310415031260611, 39.383763916984677 ], [ -3.404326705140129, 39.390799089199831 ], [ -3.42271382190809, 39.394042501929206 ], [ -3.440110706102651, 39.400074316249665 ], [ -3.448780710003788, 39.404822765821081 ], [ -3.456915492469818, 39.410452070288436 ], [ -3.485554943539714, 39.43606686398391 ], [ -3.533430282154775, 39.491181546478742 ], [ -3.540603999428061, 39.496816684422214 ], [ -3.735895655005049, 39.611946169362739 ], [ -3.757113466066048, 39.627480716302166 ], [ -3.776919575903111, 39.644841141270902 ], [ -3.855357954342583, 39.733014133005597 ], [ -3.884647838001193, 39.759194773885866 ], [ -3.900456558318826, 39.769975037777741 ], [ -3.91735322193507, 39.778946924068705 ], [ -3.959836970235159, 39.795934006564998 ], [ -4.010532794560024, 39.827288940774324 ], [ -4.028574277867168, 39.835963319782564 ] ] } },
{ "type": "Feature", "properties": { "scalerank": 8, "featurecla": "Road", "type": "Major Highway", "sov_a3": null, "note": null, "edited": "New in version 2.0.0", "name": null, "namealt": null, "namealtt": null, "routeraw": "CM42", "question": 0, "length_km": 31, "toll": 0, "ne_part": "ne_europe_basic", "label": "CM42", "label2": null, "local": "CM42", "localtype": null, "localalt": null, "labelrank": 7, "ignore": 0, "add": 0, "rwdb_rd_id": 0, "orig_fid": 0, "prefix": null, "uident": 0, "continent": "Europe", "expressway": 1, "level": null, "min_zoom": 7.1, "min_label": 9.6 }, "geometry": { "type": "LineString", "coordinates": [ [ -3.004869218420403, 39.145338080518897 ], [ -3.193095076032542, 39.349568079899086 ], [ -3.194519902577774, 39.352788158723932 ], [ -3.196342863869013, 39.364630115271822 ], [ -3.204234098706532, 39.393925832406566 ] ] } },
{ "type": "Feature", "properties": { "scalerank": 8, "featurecla": "Road", "type": "Major Highway", "sov_a3": null, "note": null, "edited": "New in version 2.0.0", "name": null, "namealt": null, "namealtt": null, "routeraw": "EX A1", "question": 1, "length_km": 62, "toll": 0, "ne_part": "ne_europe_basic", "label": "EX A1", "label2": null, "local": "EX A1", "localtype": null, "localalt": null, "labelrank": 6, "ignore": 0, "add": 0, "rwdb_rd_id": 0, "orig_fid": 0, "prefix": null, "uident": 0, "continent": "Europe", "expressway": 1, "level": null, "min_zoom": 7.1, "min_label": 9.6 }, "geometry": { "type": "LineString", "coordinates": [ [ -6.152000424236377, 39.961079715861004 ], [ -6.131682426868732, 39.964369796399438 ], [ -6.070274881996539, 39.965979835811865 ], [ -6.053642183175267, 39.964568134587921 ], [ -6.037382826826441, 39.96086971072026 ], [ -5.924130262831383, 39.917812823390207 ], [ -5.907000260169859, 39.913297712864065 ], [ -5.872229825685267, 39.90839175943708 ], [ -5.757704105524407, 39.902949126205954 ], [ -5.739790958692168, 39.898883193341966 ], [ -5.70142126943415, 39.886854565557854 ], [ -5.691168935132218, 39.885127856622788 ], [ -5.675482717813356, 39.885092855765997 ], [ -5.670197588437791, 39.884462840343744 ], [ -5.665939150861455, 39.883272811212819 ], [ -5.610474459798706, 39.856567157480669 ] ] } },
{ "type": "Feature", "properties": { "scalerank": 8, "featurecla": "Road", "type": "Major Highway", "sov_a3": null, "note": null, "edited": "New in version 2.0.0", "name": null, "namealt": null, "namealtt": null, "routeraw": "A58", "question": 0, "length_km": 49, "toll": 0, "ne_part": "ne_europe_basic", "label": "A58", "label2": null, "local": "A58", "localtype": null, "localalt": null, "labelrank": 6, "ignore": 0, "add": 0, "rwdb_rd_id": 0, "orig_fid": 0, "prefix": null, "uident": 0, "continent": "Europe", "expressway": 1, "level": null, "min_zoom": 7.1, "min_label": 9.6 }, "geometry": { "type": "LineString", "coordinates": [ [ -6.405214122696705, 39.449110516614986 ], [ -6.163458829728594, 39.440605308414575 ], [ -6.130699486140497, 39.442221181303132 ], [ -5.96405894858567, 39.46627260339524 ] ] } },
{ "type": "Feature", "properties": { "scalerank": 8, "featurecla": "Road", "type": "Major Highway", "sov_a3": null, "note": null, "edited": "New in version 2.0.0", "name": null, "namealt": null, "namealtt": null, "routeraw": "_840??", "question": 1, "length_km": 83, "toll": 0, "ne_part": "ne_europe_basic", "label": "840", "label2": null, "local": "840", "localtype": null, "localalt": null, "labelrank": 6, "ignore": 0, "add": 0, "rwdb_rd_id": 0, "orig_fid": 0, "prefix": null, "uident": 0, "continent": "Europe", "expressway": 1, "level": null, "min_zoom": 7.1, "min_label": 9.6 }, "geometry": { "type": "LineString", "coordinates": [ [ -8.575506416310141, 42.848043719667352 ], [ -8.55894809430955, 42.839176835946759 ], [ -8.551157486935308, 42.833973375237044 ], [ -8.544007103566548, 42.827830724870083 ], [ -8.502904430740703, 42.782977126891382 ], [ -8.496462814721976, 42.777038648189034 ], [ -8.489535561815265, 42.771660183195365 ], [ -8.472759942828759, 42.761305763061117 ], [ -8.393146118948696, 42.728084116489569 ], [ -8.370363477915294, 42.720733936563285 ], [ -8.354662676906104, 42.716942177077506 ], [ -8.346777275544715, 42.715927152230549 ], [ -8.265884462022719, 42.718161373589083 ], [ -8.253122274615006, 42.717566359023628 ], [ -8.24690524742736, 42.716452165082423 ], [ -8.244033718801401, 42.71542547328319 ], [ -8.241475739517533, 42.713961270774071 ], [ -8.065231841880454, 42.57783127175847 ], [ -8.049427496669921, 42.561252532591418 ], [ -8.033023761786827, 42.531525138222911 ], [ -8.018555282610514, 42.464685168702822 ], [ -8.007525637613996, 42.432513547835015 ], [ -7.979307655194635, 42.385157388595701 ], [ -7.971070786896297, 42.368718652855819 ] ] } },
{ "type": "Feature", "properties": { "scalerank": 8, "featurecla": "Road", "type": "Secondary Highway", "sov_a3": null, "note": null, "edited": "New in version 2.0.0", "name": null, "namealt": null, "namealtt": null, "routeraw": "_640??", "question": 1, "length_km": 65, "toll": 0, "ne_part": "ne_europe_basic", "label": "640", "label2": null, "local": "640", "localtype": null, "localalt": null, "labelrank": 7, "ignore": 0, "add": 0, "rwdb_rd_id": 0, "orig_fid": 0, "prefix": null, "uident": 0, "continent": "Europe", "expressway": 0, "level": null, "min_zoom": 7.1, "min_label": 9.6 }, "geometry": { "type": "LineString", "coordinates": [ [ -7.857567383427565, 42.338845421584011 ], [ -7.838990678685313, 42.340169620665968 ], [ -7.822321520638216, 42.345728923419735 ], [ -7.807552617441107, 42.355301657752292 ], [ -7.79467667724882, 42.36867198504676 ], [ -7.74921785612143, 42.433009393306236 ], [ -7.716548931413374, 42.470419475740542 ], [ -7.707892052833536, 42.478312168947099 ], [ -7.698437446392649, 42.485598180635932 ], [ -7.688174903507484, 42.491513325433743 ], [ -7.677092757225779, 42.495270084062732 ], [ -7.667549190273878, 42.496145105482526 ], [ -7.658154376963346, 42.495130080635562 ], [ -7.618144022543209, 42.483853971272467 ], [ -7.607054584416339, 42.482261432288439 ], [ -7.595810559171973, 42.482319767049759 ], [ -7.578245962538617, 42.485732350586957 ], [ -7.509005517590225, 42.512210498749965 ], [ -7.377733345823518, 42.530795953706416 ], [ -7.373162817274125, 42.530480945995286 ], [ -7.368827086139039, 42.528888407011259 ], [ -7.363365494110482, 42.525090814049349 ], [ -7.358280161292441, 42.520295696668867 ], [ -7.353994014704476, 42.514800562152558 ], [ -7.35092414789003, 42.508914584735408 ], [ -7.34866805099599, 42.500508545629238 ], [ -7.347870323134945, 42.491793332288076 ], [ -7.348234915393192, 42.47428707041604 ] ] } },
{ "type": "Feature", "properties": { "scalerank": 8, "featurecla": "Road", "type": "Secondary Highway", "sov_a3": null, "note": null, "edited": "New in version 2.0.0", "name": null, "namealt": null, "namealtt": null, "routeraw": "_633??", "question": 1, "length_km": 57, "toll": 0, "ne_part": "ne_europe_basic", "label": "633", "label2": null, "local": "633", "localtype": null, "localalt": null, "labelrank": 7, "ignore": 0, "add": 0, "rwdb_rd_id": 0, "orig_fid": 0, "prefix": null, "uident": 0, "continent": "Europe", "expressway": 0, "level": null, "min_zoom": 7.1, "min_label": 9.6 }, "geometry": { "type": "LineString", "coordinates": [ [ -7.348234915393192, 42.47428707041604 ], [ -7.348679717948254, 42.468494428616992 ], [ -7.348143038144112, 42.462410113011359 ], [ -7.345560266586684, 42.458682521763023 ], [ -7.339869710619951, 42.460006720844987 ], [ -7.334193738343544, 42.464049319804438 ], [ -7.309876893087438, 42.484338149791427 ], [ -7.301332308923136, 42.489273270599071 ], [ -7.292068748825571, 42.491536659338266 ], [ -7.281607867751923, 42.489926619925846 ], [ -7.270388634781114, 42.484991499118202 ], [ -7.238685150372902, 42.466032701689308 ], [ -7.230107023720844, 42.459236701995565 ], [ -7.225476702041092, 42.450807328984872 ], [ -7.223856454045439, 42.441007089083165 ], [ -7.225131068580275, 42.420257414481753 ], [ -7.224706683191673, 42.410474675008444 ], [ -7.221753485899864, 42.401549456526539 ], [ -7.214988111955815, 42.394257611361574 ], [ -7.207028333773746, 42.390314181496365 ], [ -7.198256244040298, 42.388272464850175 ], [ -7.189176438440892, 42.38762494899953 ], [ -7.17039993714112, 42.388814978130448 ], [ -7.160558862906491, 42.390425017542867 ], [ -7.150857792099028, 42.392729240614997 ], [ -7.141388601967812, 42.395739314299092 ], [ -7.126791786316595, 42.402191138901053 ], [ -7.113062700240008, 42.410206335106373 ], [ -7.086971019870749, 42.428546784065283 ], [ -7.075171356024811, 42.434829437859406 ], [ -7.062015408978191, 42.43848702739416 ], [ -7.048340282555824, 42.440307071947331 ], [ -6.97669498707203, 42.440727082228833 ], [ -6.958347246267959, 42.442646295876244 ], [ -6.906019506995175, 42.45864752090624 ] ] } },
{ "type": "Feature", "properties": { "scalerank": 8, "featurecla": "Road", "type": "Secondary Highway", "sov_a3": null, "note": null, "edited": "New in version 2.0.0", "name": null, "namealt": null, "namealtt": null, "routeraw": "_636??", "question": 1, "length_km": 24, "toll": 0, "ne_part": "ne_europe_basic", "label": "636", "label2": null, "local": "636", "localtype": null, "localalt": null, "labelrank": 7, "ignore": 0, "add": 0, "rwdb_rd_id": 0, "orig_fid": 0, "prefix": null, "uident": 0, "continent": "Europe", "expressway": 0, "level": null, "min_zoom": 7.1, "min_label": 9.6 }, "geometry": { "type": "LineString", "coordinates": [ [ -6.906019506995175, 42.45864752090624 ], [ -6.853852188316019, 42.478107997282478 ], [ -6.806840204168491, 42.510623793242068 ], [ -6.716640079477937, 42.58376391698468 ] ] } },
{ "type": "Feature", "properties": { "scalerank": 8, "featurecla": "Road", "type": "Major Highway", "sov_a3": null, "note": null, "edited": "New in version 2.0.0", "name": null, "namealt": null, "namealtt": null, "routeraw": "A43 N420", "question": 0, "length_km": 27, "toll": 0, "ne_part": "ne_europe_basic", "label": "A43", "label2": null, "local": "A43", "localtype": null, "localalt": "N420", "labelrank": 7, "ignore": 0, "add": 0, "rwdb_rd_id": 0, "orig_fid": 0, "prefix": null, "uident": 0, "continent": "Europe", "expressway": 1, "level": null, "min_zoom": 7.1, "min_label": 9.6 }, "geometry": { "type": "LineString", "coordinates": [ [ -3.92670574254365, 38.96884042667007 ], [ -3.891868223083538, 38.982899104148117 ], [ -3.873838406728655, 38.988044230096513 ], [ -3.793690819782519, 38.997348624527007 ], [ -3.723339097630987, 38.998369482850094 ], [ -3.705218862396062, 39.001099549679857 ], [ -3.700196239446438, 39.002493750475395 ], [ -3.686045684719318, 39.009068078076126 ] ] } },
{ "type": "Feature", "properties": { "scalerank": 8, "featurecla": "Road", "type": "Secondary Highway", "sov_a3": null, "note": null, "edited": "New in version 2.0.0", "name": null, "namealt": null, "namealtt": null, "routeraw": "_untitled_129", "question": 0, "length_km": 13, "toll": 0, "ne_part": "ne_europe_basic", "label": null, "label2": null, "local": null, "localtype": null, "localalt": null, "labelrank": 7, "ignore": 0, "add": 0, "rwdb_rd_id": 0, "orig_fid": 0, "prefix": null, "uident": 0, "continent": "Europe", "expressway": 1, "level": null, "min_zoom": 7.1, "min_label": 9.6 }, "geometry": { "type": "LineString", "coordinates": [ [ -3.686045684719318, 39.009068078076126 ], [ -3.610302372252814, 39.055280875993574 ], [ -3.585820731295978, 39.075400535172733 ] ] } },
{ "type": "Feature", "properties": { "scalerank": 8, "featurecla": "Road", "type": "Secondary Highway", "sov_a3": null, "note": null, "edited": "New in version 2.0.0", "name": null, "namealt": null, "namealtt": null, "routeraw": "N521", "question": 0, "length_km": 113, "toll": 0, "ne_part": "ne_europe_basic", "label": "N521", "label2": null, "local": "N521", "localtype": null, "localalt": null, "labelrank": 6, "ignore": 0, "add": 0, "rwdb_rd_id": 0, "orig_fid": 0, "prefix": null, "uident": 0, "continent": "Europe", "expressway": 0, "level": null, "min_zoom": 7.1, "min_label": 9.6 }, "geometry": { "type": "LineString", "coordinates": [ [ -6.405214122696705, 39.449110516614986 ], [ -6.570816301500038, 39.451123065880509 ], [ -6.606156958276532, 39.448772174999334 ], [ -6.699800292253979, 39.432800117349998 ], [ -6.778069499885625, 39.426371626652575 ], [ -6.838151387306826, 39.425654109088342 ], [ -6.878374663605779, 39.428355008537444 ], [ -6.895051113498042, 39.431528419553231 ], [ -6.911335262120428, 39.436603543788046 ], [ -7.021458166170685, 39.48398887040802 ], [ -7.057030703623425, 39.495929996050158 ], [ -7.075274900226155, 39.499395080872546 ], [ -7.094102444442079, 39.499855925486969 ], [ -7.175645690552791, 39.492184904373431 ], [ -7.216131473277681, 39.482040489379941 ], [ -7.223502070370422, 39.478155394276058 ], [ -7.229234919039115, 39.47240942028607 ], [ -7.233789405529148, 39.465514251498078 ], [ -7.284119179226732, 39.369051890179861 ], [ -7.290953096515334, 39.359426654562114 ], [ -7.306547436585117, 39.341558717169896 ], [ -7.311167549681635, 39.33860114477099 ], [ -7.315876623289167, 39.338402806582501 ], [ -7.320559446254105, 39.339989512090398 ], [ -7.350272256932282, 39.356393246973489 ] ] } },
{ "type": "Feature", "properties": { "scalerank": 8, "featurecla": "Road", "type": "Secondary Highway", "sov_a3": null, "note": null, "edited": "New in version 2.0.0", "name": null, "namealt": null, "namealtt": null, "routeraw": "N246", "question": 0, "length_km": 30, "toll": 0, "ne_part": "ne_europe_basic", "label": "N246", "label2": null, "local": "N246", "localtype": null, "localalt": null, "labelrank": 7, "ignore": 0, "add": 0, "rwdb_rd_id": 0, "orig_fid": 0, "prefix": null, "uident": 0, "continent": "Europe", "expressway": 0, "level": null, "min_zoom": 7.1, "min_label": 9.6 }, "geometry": { "type": "LineString", "coordinates": [ [ -7.350272256932282, 39.356393246973489 ], [ -7.455066280535984, 39.403714405356013 ], [ -7.495470394595028, 39.416921395318788 ], [ -7.524866739193044, 39.421909017411622 ], [ -7.531839201539778, 39.422025686934262 ], [ -7.566844433438686, 39.416028873470594 ], [ -7.608300031570515, 39.405814456763522 ] ] } },
{ "type": "Feature", "properties": { "scalerank": 8, "featurecla": "Road", "type": "Secondary Highway", "sov_a3": null, "note": null, "edited": "New in version 2.0.0", "name": null, "namealt": null, "namealtt": null, "routeraw": "N403", "question": 0, "length_km": 16, "toll": 0, "ne_part": "ne_europe_basic", "label": "N403", "label2": null, "local": "N403", "localtype": null, "localalt": null, "labelrank": 7, "ignore": 0, "add": 0, "rwdb_rd_id": 0, "orig_fid": 0, "prefix": null, "uident": 0, "continent": "Europe", "expressway": 0, "level": null, "min_zoom": 7.1, "min_label": 9.6 }, "geometry": { "type": "LineString", "coordinates": [ [ -4.380001838854341, 40.058545435073924 ], [ -4.27325068400836, 39.989045400437661 ], [ -4.252152459208066, 39.979122657537189 ] ] } },
{ "type": "Feature", "properties": { "scalerank": 8, "featurecla": "Road", "type": "Major Highway", "sov_a3": null, "note": null, "edited": "New in version 2.0.0", "name": null, "namealt": null, "namealtt": null, "routeraw": "_untitled_8", "question": 0, "length_km": 39, "toll": 0, "ne_part": "ne_europe_basic", "label": null, "label2": null, "local": null, "localtype": null, "localalt": null, "labelrank": 6, "ignore": 0, "add": 0, "rwdb_rd_id": 0, "orig_fid": 0, "prefix": null, "uident": 0, "continent": "Europe", "expressway": 1, "level": null, "min_zoom": 7.1, "min_label": 9.6 }, "geometry": { "type": "LineString", "coordinates": [ [ -3.916507367895935, 40.466678759170918 ], [ -3.93565575329912, 40.465243724042459 ], [ -3.954166831434886, 40.461626968840633 ], [ -3.971607466700437, 40.454871803479818 ], [ -3.987567857397501, 40.444044871778885 ], [ -3.994906370371517, 40.43705636737279 ], [ -4.020419078234678, 40.406424784203828 ], [ -4.027007989525735, 40.399698786223667 ], [ -4.034238583191311, 40.393678638855476 ], [ -4.042338364800546, 40.38829434038567 ], [ -4.051463379839976, 40.383965901095749 ], [ -4.106169719005571, 40.369621383287239 ], [ -4.13443436923399, 40.366879649505222 ], [ -4.154297355463338, 40.366506307032772 ], [ -4.174119507359766, 40.367638001402369 ], [ -4.246668991644018, 40.383225049626986 ] ] } },
{ "type": "Feature", "properties": { "scalerank": 8, "featurecla": "Road", "type": "Secondary Highway", "sov_a3": null, "note": null, "edited": "New in version 2.0.0", "name": null, "namealt": null, "namealtt": null, "routeraw": "_untitled_1", "question": 0, "length_km": 177, "toll": 0, "ne_part": "ne_europe_basic", "label": null, "label2": null, "local": null, "localtype": null, "localalt": null, "labelrank": 6, "ignore": 0, "add": 0, "rwdb_rd_id": 0, "orig_fid": 0, "prefix": null, "uident": 0, "continent": "Europe", "expressway": 0, "level": null, "min_zoom": 7.1, "min_label": 9.6 }, "geometry": { "type": "LineString", "coordinates": [ [ -5.772176959807819, 42.770306816732749 ], [ -5.390743455966842, 42.857447283192087 ], [ -5.350591639750508, 42.861221542249467 ], [ -5.310003771193308, 42.861075705346167 ], [ -5.270435302590169, 42.857003939006049 ], [ -5.231267885471105, 42.848988742800728 ], [ -5.193608421932154, 42.836079260120684 ], [ -5.158563814069357, 42.817336301308671 ], [ -5.117768857109475, 42.787807245128647 ], [ -5.101696171996871, 42.779628711591634 ], [ -5.09327409083134, 42.776245295435089 ], [ -5.074157789546881, 42.771111836438962 ], [ -5.054372096876282, 42.769023451983713 ], [ -4.892115416634628, 42.780048721873136 ], [ -4.682148193478646, 42.82538649837079 ], [ -4.657679677843106, 42.828040730010834 ], [ -4.633320539885041, 42.826436524074538 ], [ -4.622126099187795, 42.823012273585078 ], [ -4.600979748209411, 42.81314786544592 ], [ -4.589780932405066, 42.810003621810793 ], [ -4.578792121741472, 42.809192768628449 ], [ -4.567622473317787, 42.809776116241643 ], [ -4.556544702143182, 42.811479491272181 ], [ -4.54007388228457, 42.815802097085964 ], [ -4.509996479348143, 42.827323212446601 ], [ -4.499502055786731, 42.833261691148948 ], [ -4.497614926258041, 42.834836729704577 ], [ -4.489636189278542, 42.842688588578206 ], [ -4.486540071821501, 42.844934476889009 ], [ -4.478167575203095, 42.849222081846008 ], [ -4.469262773887646, 42.852436327194724 ], [ -4.406901455667875, 42.867212522236997 ], [ -4.391735876093794, 42.868396717891784 ], [ -4.365903785412407, 42.866909181478135 ], [ -4.340220448372385, 42.862388237475855 ], [ -4.315142334481056, 42.855172227500617 ], [ -4.291117163031547, 42.845570325787392 ], [ -4.271009170804653, 42.835163404367968 ], [ -4.251765991414324, 42.821793077073494 ], [ -4.23584497668115, 42.805132669240592 ], [ -4.22570056168766, 42.784873006634271 ] ] } },
{ "type": "Feature", "properties": { "scalerank": 8, "featurecla": "Road", "type": "Secondary Highway", "sov_a3": null, "note": null, "edited": "New in version 2.0.0", "name": null, "namealt": null, "namealtt": null, "routeraw": "_untitled_3", "question": 0, "length_km": 100, "toll": 0, "ne_part": "ne_europe_basic", "label": null, "label2": null, "local": null, "localtype": null, "localalt": null, "labelrank": 6, "ignore": 0, "add": 0, "rwdb_rd_id": 0, "orig_fid": 0, "prefix": null, "uident": 0, "continent": "Europe", "expressway": 0, "level": null, "min_zoom": 7.1, "min_label": 9.6 }, "geometry": { "type": "LineString", "coordinates": [ [ -6.615090926972641, 42.586750656764252 ], [ -6.602891670011665, 42.622311527264728 ], [ -6.597753835908435, 42.643405376957922 ], [ -6.596105878901152, 42.665012572550729 ], [ -6.595378152753689, 42.669183507985082 ], [ -6.593835198316786, 42.67328444170586 ], [ -6.591506182971095, 42.676918697336077 ], [ -6.588426107573415, 42.67967209807037 ], [ -6.584481219339175, 42.680879627629679 ], [ -6.580117779192463, 42.680634621632137 ], [ -6.575640586261176, 42.680027940114414 ], [ -6.571358814780311, 42.680162110065453 ], [ -6.556070732207459, 42.68356302665039 ], [ -6.551211446589527, 42.685453072917142 ], [ -6.545754229668074, 42.688282308841153 ], [ -6.536413376011758, 42.694634964348865 ], [ -6.534874796681951, 42.696513343663355 ], [ -6.534769794111575, 42.697470033748999 ], [ -6.540803066801065, 42.765797539682737 ], [ -6.540129300307822, 42.774028574504939 ], [ -6.537329231764478, 42.787323066609702 ], [ -6.532188480923182, 42.799701702961734 ], [ -6.523986613481636, 42.809822784050695 ], [ -6.511998820030442, 42.816356277318505 ], [ -6.484650025554743, 42.82328644696328 ], [ -6.4758560602858, 42.826833200451517 ], [ -6.467307101014402, 42.831814989068221 ], [ -6.459356073046528, 42.837648465200189 ], [ -6.429033664112563, 42.864039111221203 ], [ -6.420726794100638, 42.869930922114492 ], [ -6.385898024854725, 42.887758025173788 ], [ -6.377802618352586, 42.893008153692563 ], [ -6.362241820770564, 42.907148499836453 ], [ -6.334594060643102, 42.938946778231809 ], [ -6.318359496567837, 42.952497943286367 ], [ -6.307321101357118, 42.958261417704747 ], [ -6.295766443508725, 42.962006509381474 ], [ -6.271420430871956, 42.965938272294423 ], [ -6.190464907481541, 42.973020112318629 ], [ -6.16384092241524, 42.977721894081 ], [ -6.114492631076857, 42.990240533860202 ], [ -6.081475156169919, 42.995344825475669 ], [ -6.047298277881751, 42.996692358462155 ], [ -6.013739748063575, 42.992352252219973 ], [ -5.982567109983371, 42.980381959197175 ], [ -5.958801528221734, 42.963511546223522 ], [ -5.916801958440601, 42.922869718012102 ], [ -5.894290574047336, 42.90433676434084 ] ] } },
{ "type": "Feature", "properties": { "scalerank": 8, "featurecla": "Road", "type": "Secondary Highway", "sov_a3": null, "note": null, "edited": "New in version 2.0.0", "name": null, "namealt": null, "namealtt": null, "routeraw": "_untitled_4", "question": 0, "length_km": 53, "toll": 0, "ne_part": "ne_europe_basic", "label": null, "label2": null, "local": null, "localtype": null, "localalt": null, "labelrank": 7, "ignore": 0, "add": 0, "rwdb_rd_id": 0, "orig_fid": 0, "prefix": null, "uident": 0, "continent": "Europe", "expressway": 0, "level": null, "min_zoom": 7.1, "min_label": 9.6 }, "geometry": { "type": "LineString", "coordinates": [ [ -4.920934247095584, 41.314014501243776 ], [ -4.843306721838452, 41.303525911158502 ], [ -4.738837914529107, 41.280314509629399 ], [ -4.715886102687882, 41.279894499347897 ], [ -4.706679418982603, 41.281294533619572 ], [ -4.697668156727744, 41.283727093166597 ], [ -4.688773563995529, 41.286947171991443 ], [ -4.551087485221725, 41.359573949834441 ], [ -4.528574642459429, 41.377010209992896 ], [ -4.479892825769124, 41.42851397076204 ], [ -4.474619363345823, 41.433040748240444 ] ] } },
{ "type": "Feature", "properties": { "scalerank": 8, "featurecla": "Road", "type": "Secondary Highway", "sov_a3": null, "note": null, "edited": "New in version 2.0.0", "name": null, "namealt": null, "namealtt": null, "routeraw": "_untitled_6", "question": 0, "length_km": 26, "toll": 0, "ne_part": "ne_europe_basic", "label": null, "label2": null, "local": null, "localtype": null, "localalt": null, "labelrank": 7, "ignore": 0, "add": 0, "rwdb_rd_id": 0, "orig_fid": 0, "prefix": null, "uident": 0, "continent": "Europe", "expressway": 0, "level": null, "min_zoom": 7.1, "min_label": 9.6 }, "geometry": { "type": "LineString", "coordinates": [ [ -3.702020659106712, 40.221252751346768 ], [ -3.683639375814881, 40.222967793329573 ], [ -3.674476443180591, 40.222979460281834 ], [ -3.602558432687626, 40.208728278091442 ], [ -3.585222799992451, 40.207701586292217 ], [ -3.576064242465261, 40.208010760527202 ], [ -3.566650470357299, 40.209235790514924 ], [ -3.557480245877844, 40.211580847919969 ], [ -3.549043581021987, 40.215226770502454 ], [ -3.539705644103737, 40.220891075826586 ], [ -3.531112933761349, 40.227214563953645 ], [ -3.523189614805105, 40.234366405691432 ], [ -3.515851101831089, 40.24246910403874 ], [ -3.503056830304651, 40.26067538304661 ], [ -3.491958641963581, 40.279995855995693 ] ] } },
{ "type": "Feature", "properties": { "scalerank": 8, "featurecla": "Road", "type": "Secondary Highway", "sov_a3": null, "note": null, "edited": "New in version 2.0.0", "name": null, "namealt": null, "namealtt": null, "routeraw": "_untitled_7", "question": 0, "length_km": 84, "toll": 0, "ne_part": "ne_europe_basic", "label": null, "label2": null, "local": null, "localtype": null, "localalt": null, "labelrank": 7, "ignore": 0, "add": 0, "rwdb_rd_id": 0, "orig_fid": 0, "prefix": null, "uident": 0, "continent": "Europe", "expressway": 0, "level": null, "min_zoom": 7.1, "min_label": 9.6 }, "geometry": { "type": "LineString", "coordinates": [ [ -3.930466876279734, 40.698139425135139 ], [ -3.912479352626811, 40.70269536999421 ], [ -3.655557021715587, 40.806618747285214 ], [ -3.619355927209629, 40.814948951201664 ], [ -3.599640236252608, 40.817270674702186 ], [ -3.580109758162781, 40.81626731680749 ], [ -3.561372632826899, 40.810107166012131 ], [ -3.545159944287128, 40.800417762156933 ], [ -3.53029333036481, 40.789153319746106 ], [ -3.458193023742719, 40.720534140005768 ], [ -3.440866141261743, 40.70905969245419 ], [ -3.422210684591708, 40.700461148635668 ], [ -3.354262354606547, 40.680790667118671 ], [ -3.346238408187027, 40.677745592577779 ], [ -3.338490093514739, 40.674105503471438 ], [ -3.331094704148438, 40.669753730276987 ], [ -3.323204927679953, 40.663756916813327 ], [ -3.302017742368644, 40.642598898882675 ], [ -3.299796646331398, 40.641076361612235 ], [ -3.230118690673109, 40.610520613632985 ] ] } },
{ "type": "Feature", "properties": { "scalerank": 8, "featurecla": "Road", "type": "Secondary Highway", "sov_a3": null, "note": null, "edited": "New in version 2.0.0", "name": null, "namealt": null, "namealtt": null, "routeraw": "N403", "question": 0, "length_km": 81, "toll": 0, "ne_part": "ne_europe_basic", "label": "N403", "label2": null, "local": "N403", "localtype": null, "localalt": null, "labelrank": 6, "ignore": 0, "add": 0, "rwdb_rd_id": 0, "orig_fid": 0, "prefix": null, "uident": 0, "continent": "Europe", "expressway": 0, "level": null, "min_zoom": 7.1, "min_label": 9.6 }, "geometry": { "type": "LineString", "coordinates": [ [ -3.960235104981166, 40.569966287563545 ], [ -3.993777592739981, 40.569336272141292 ], [ -4.082398303767803, 40.575438088175332 ], [ -4.119669841143978, 40.572900526057921 ], [ -4.23482557672709, 40.549549121101663 ], [ -4.273718820467952, 40.545314017429845 ], [ -4.293139920880307, 40.545932365899837 ], [ -4.298270463138373, 40.546644049987933 ], [ -4.313020407538051, 40.550523311615692 ], [ -4.318428039912387, 40.552652530403861 ], [ -4.344945564039278, 40.566991214736241 ], [ -4.368267801614884, 40.57666311816304 ], [ -4.405107661757295, 40.587775890194443 ], [ -4.554029015561269, 40.616459092335333 ], [ -4.615868237667225, 40.623085921221247 ], [ -4.628159371877285, 40.62533764300818 ], [ -4.641872415894507, 40.629135235970097 ], [ -4.655054613583722, 40.634292028870753 ], [ -4.6676695057191, 40.640726353044315 ], [ -4.679683549812889, 40.648356539824931 ] ] } },
{ "type": "Feature", "properties": { "scalerank": 8, "featurecla": "Road", "type": "Secondary Highway", "sov_a3": null, "note": null, "edited": "New in version 2.0.0", "name": null, "namealt": null, "namealtt": null, "routeraw": "_untitled_8", "question": 0, "length_km": 60, "toll": 0, "ne_part": "ne_europe_basic", "label": null, "label2": null, "local": null, "localtype": null, "localalt": null, "labelrank": 7, "ignore": 0, "add": 0, "rwdb_rd_id": 0, "orig_fid": 0, "prefix": null, "uident": 0, "continent": "Europe", "expressway": 0, "level": null, "min_zoom": 7.1, "min_label": 9.6 }, "geometry": { "type": "LineString", "coordinates": [ [ -4.246668991644018, 40.383225049626986 ], [ -4.274620092530341, 40.391275246689105 ], [ -4.279040409069339, 40.392173602013429 ], [ -4.281997981468248, 40.391397749687883 ], [ -4.311029733808017, 40.361011172516456 ], [ -4.318552001280189, 40.354419344487333 ], [ -4.326381984618322, 40.348527533594051 ], [ -4.334699063213478, 40.343382407645649 ], [ -4.343692825039938, 40.339024800975068 ], [ -4.351522808378071, 40.336528073190593 ], [ -4.359799052640302, 40.335128038918917 ], [ -4.428572819498136, 40.332520475087932 ], [ -4.43344377206833, 40.331902126617933 ], [ -4.438060968426782, 40.330805433105127 ], [ -4.460519851534858, 40.323583589653751 ], [ -4.523974946529371, 40.29707627411009 ], [ -4.546344869126436, 40.291639474355094 ], [ -4.571530902326206, 40.29094529069539 ], [ -4.596652767288525, 40.294480377231366 ], [ -4.678718109513049, 40.315130882738529 ], [ -4.695448519059532, 40.317761780474044 ], [ -4.714378149107766, 40.318905141795909 ], [ -4.720456631237276, 40.318776805321008 ], [ -4.724019426784878, 40.311945804770474 ], [ -4.728184528743103, 40.305587315786632 ], [ -4.732902352564832, 40.299625503179762 ], [ -4.738482072485059, 40.293646190144493 ], [ -4.750789248754476, 40.282895093633272 ], [ -4.757338784081643, 40.278000807158556 ] ] } },
{ "type": "Feature", "properties": { "scalerank": 8, "featurecla": "Road", "type": "Secondary Highway", "sov_a3": null, "note": null, "edited": "New in version 2.0.0", "name": null, "namealt": null, "namealtt": null, "routeraw": "N234", "question": 0, "length_km": 147, "toll": 0, "ne_part": "ne_europe_basic", "label": "N234", "label2": null, "local": "N234", "localtype": null, "localalt": null, "labelrank": 6, "ignore": 0, "add": 0, "rwdb_rd_id": 0, "orig_fid": 0, "prefix": null, "uident": 0, "continent": "Europe", "expressway": 0, "level": null, "min_zoom": 7.1, "min_label": 9.6 }, "geometry": { "type": "LineString", "coordinates": [ [ -3.687636765334311, 42.261067684316487 ], [ -3.669179646852765, 42.253799173056052 ], [ -3.660474642094837, 42.248759049678036 ], [ -3.653779269864369, 42.241922215651371 ], [ -3.651568382410353, 42.237873783215782 ], [ -3.640204770905282, 42.204377963266026 ], [ -3.636299258634928, 42.196141094967686 ], [ -3.630764748154725, 42.188452573425749 ], [ -3.624267714112744, 42.181499069876445 ], [ -3.562882044776046, 42.134061241971281 ], [ -3.542266540125674, 42.121997613330372 ], [ -3.537801014146652, 42.120142567920411 ], [ -3.515891936164014, 42.113037393991675 ], [ -3.337615072094945, 42.032342918658159 ], [ -3.310670245841386, 42.022945188609555 ], [ -3.306807026272988, 42.020582630776111 ], [ -3.30324860583249, 42.017175880715044 ], [ -3.298457863559111, 42.009598195219617 ], [ -3.295494457684072, 42.000853814497802 ], [ -3.294197967613741, 41.991607754828628 ], [ -3.294407972754492, 41.982542532919553 ], [ -3.296986369204824, 41.957686091121232 ], [ -3.296995119419019, 41.953118479309907 ], [ -3.295867800156518, 41.949711729248833 ], [ -3.293551910132127, 41.946806658135117 ], [ -3.289994948060659, 41.943714915785172 ], [ -3.287524470918768, 41.940261497915046 ], [ -3.286540071821502, 41.935886390816073 ], [ -3.286601323320888, 41.917090930718871 ], [ -3.285399627237702, 41.912558319764329 ], [ -3.282494556123982, 41.908515720804878 ], [ -3.279366354548213, 41.906392335492839 ], [ -3.236716352178362, 41.889230248712593 ], [ -3.22918970959909, 41.884575134759288 ], [ -3.207398759508127, 41.867197209362146 ], [ -3.199494399349309, 41.861982081700177 ], [ -3.191073776552813, 41.857659475886379 ], [ -3.181878759799801, 41.854217724968521 ], [ -3.178289713609608, 41.853406871786177 ], [ -3.174505245968994, 41.853016028885335 ], [ -3.128381408562557, 41.853167699264773 ], [ -3.12460131602904, 41.852491016033461 ], [ -3.115741724153615, 41.849434274540315 ], [ -3.088697728805812, 41.837767322276378 ], [ -3.079071034819034, 41.835317262300947 ], [ -3.06911183269273, 41.835048922398876 ], [ -3.064503386548477, 41.835737272582449 ], [ -3.055742963767294, 41.83793065960807 ], [ -3.036795833290661, 41.844417485066813 ], [ -3.032005091017282, 41.845280839534347 ], [ -3.022836324906862, 41.845963356241789 ], [ -3.019814584270502, 41.845619181149999 ], [ -2.862456565610671, 41.81357006328097 ], [ -2.857797076550263, 41.81325505556984 ], [ -2.60183581083178, 41.821381087821678 ], [ -2.592636418971665, 41.820389396879243 ], [ -2.583829328381427, 41.818376847613713 ], [ -2.558199950995625, 41.80978997074746 ], [ -2.550642682666663, 41.806260717687614 ], [ -2.528691311982065, 41.793158730295218 ], [ -2.520651323503181, 41.790177823991783 ], [ -2.503948622968327, 41.786211060222044 ] ] } },
{ "type": "Feature", "properties": { "scalerank": 8, "featurecla": "Road", "type": "Secondary Highway", "sov_a3": null, "note": null, "edited": "New in version 2.0.0", "name": null, "namealt": null, "namealtt": null, "routeraw": "_untitled_34", "question": 0, "length_km": 72, "toll": 0, "ne_part": "ne_europe_basic", "label": null, "label2": null, "local": null, "localtype": null, "localalt": null, "labelrank": 6, "ignore": 0, "add": 0, "rwdb_rd_id": 0, "orig_fid": 0, "prefix": null, "uident": 0, "continent": "Europe", "expressway": 0, "level": null, "min_zoom": 7.1, "min_label": 9.6 }, "geometry": { "type": "LineString", "coordinates": [ [ -4.669988312481557, 40.642313058552205 ], [ -4.663778577139077, 40.604325461980835 ], [ -4.66051328887421, 40.547600740073577 ], [ -4.663273981453663, 40.496732828202823 ], [ -4.662496670759079, 40.486034232976792 ], [ -4.659527431407906, 40.478462380957495 ], [ -4.653918544107018, 40.472436400113175 ], [ -4.646884830260898, 40.467664616637222 ], [ -4.600488277845294, 40.444371546442277 ], [ -4.525866451165161, 40.419882613640276 ], [ -4.517218322799518, 40.416335860152046 ], [ -4.513015303246437, 40.414101638793497 ], [ -4.509426257056244, 40.411266569393362 ], [ -4.506222220290759, 40.407731482857386 ], [ -4.500800004226097, 40.400375469454978 ], [ -4.490528711126732, 40.383936733715089 ], [ -4.482267050554835, 40.37412482686112 ], [ -4.480349295276451, 40.372351450117002 ], [ -4.47807861469208, 40.370776411561373 ], [ -4.461604878095404, 40.362411206788131 ], [ -4.433105430452674, 40.352587632981894 ], [ -4.424346466040525, 40.348725871782534 ], [ -4.41630064408551, 40.343802417927151 ], [ -4.401458822436751, 40.331977961807652 ], [ -4.395098875083871, 40.324942789592498 ], [ -4.390238131096911, 40.316659253485106 ], [ -4.38670450292997, 40.307675700241873 ], [ -4.384320069561028, 40.298563810523746 ], [ -4.383202958881757, 40.28909607876156 ], [ -4.383512133116749, 40.279704182189093 ], [ -4.386720544989334, 40.261048725519061 ], [ -4.409981531065554, 40.184041007100952 ], [ -4.4171931659337, 40.135208978400243 ], [ -4.418196523828399, 40.120916961876929 ], [ -4.417804222558523, 40.116355183541728 ], [ -4.414349346319366, 40.099595606614585 ], [ -4.41115405976808, 40.091772915121616 ], [ -4.40592434841577, 40.084988582380134 ], [ -4.396579119652358, 40.07591169351879 ], [ -4.393172369591291, 40.073350797496857 ], [ -4.376214454475658, 40.062442197130082 ] ] } },
{ "type": "Feature", "properties": { "scalerank": 8, "featurecla": "Road", "type": "Secondary Highway", "sov_a3": null, "note": null, "edited": "New in version 2.0.0", "name": null, "namealt": null, "namealtt": null, "routeraw": "SA220", "question": 0, "length_km": 81, "toll": 0, "ne_part": "ne_europe_basic", "label": "SA220", "label2": null, "local": "SA220", "localtype": null, "localalt": null, "labelrank": 7, "ignore": 0, "add": 0, "rwdb_rd_id": 0, "orig_fid": 0, "prefix": null, "uident": 0, "continent": "Europe", "expressway": 0, "level": null, "min_zoom": 7.1, "min_label": 9.6 }, "geometry": { "type": "LineString", "coordinates": [ [ -6.44871581258182, 40.620052513632622 ], [ -6.407583972375317, 40.621895892090322 ], [ -6.397732689557454, 40.621452547904298 ], [ -6.378250337645717, 40.618617478504156 ], [ -6.360166561636614, 40.614563212592444 ], [ -6.281386924843424, 40.578914839949988 ], [ -6.243114946310616, 40.567166219020201 ], [ -6.223212584117373, 40.563461961676396 ], [ -6.213803187116511, 40.56258110678047 ], [ -6.157456182788799, 40.566127860268708 ], [ -6.13856301196639, 40.564424485238177 ], [ -6.119696091786572, 40.560901065654463 ], [ -6.110562326532943, 40.557890991970368 ], [ -6.039618506554017, 40.525153523917766 ], [ -5.922690852595821, 40.487270929916768 ], [ -5.904350403636915, 40.477505690871851 ], [ -5.855952968908042, 40.437919721840316 ], [ -5.848108401879578, 40.433101270555312 ], [ -5.839979452889683, 40.429251176308213 ], [ -5.831474244689275, 40.426363605622896 ], [ -5.822495066553142, 40.424426891547078 ], [ -5.789320087790642, 40.419911781020936 ], [ -5.777724595609321, 40.416440862722418 ], [ -5.767721642412031, 40.410770723922141 ], [ -5.759917909716492, 40.402568856480599 ], [ -5.754909870457197, 40.391496918782124 ] ] } },
{ "type": "Feature", "properties": { "scalerank": 8, "featurecla": "Road", "type": "Secondary Highway", "sov_a3": null, "note": null, "edited": "New in version 2.0.0", "name": null, "namealt": null, "namealtt": null, "routeraw": "C500", "question": 0, "length_km": 26, "toll": 0, "ne_part": "ne_europe_basic", "label": "C500", "label2": null, "local": "C500", "localtype": null, "localalt": null, "labelrank": 7, "ignore": 0, "add": 0, "rwdb_rd_id": 0, "orig_fid": 0, "prefix": null, "uident": 0, "continent": "Europe", "expressway": 0, "level": null, "min_zoom": 7.1, "min_label": 9.6 }, "geometry": { "type": "LineString", "coordinates": [ [ -5.818370798927841, 40.371861438121918 ], [ -5.801649139595554, 40.363881242773388 ], [ -5.784188087163542, 40.358514444731981 ], [ -5.766102852785409, 40.355661874903447 ], [ -5.663082205925825, 40.355201030289017 ], [ -5.652914457027805, 40.353894331635459 ], [ -5.643204636006143, 40.351199265662487 ], [ -5.634661510210876, 40.346415815234273 ], [ -5.627988013515907, 40.338820629310447 ], [ -5.601623618137477, 40.298231302384224 ] ] } },
{ "type": "Feature", "properties": { "scalerank": 8, "featurecla": "Road", "type": "Secondary Highway", "sov_a3": null, "note": null, "edited": "New in version 2.0.0", "name": null, "namealt": null, "namealtt": null, "routeraw": "N630", "question": 0, "length_km": 84, "toll": 0, "ne_part": "ne_europe_basic", "label": "N630", "label2": null, "local": "N630", "localtype": null, "localalt": null, "labelrank": 6, "ignore": 0, "add": 0, "rwdb_rd_id": 0, "orig_fid": 0, "prefix": null, "uident": 0, "continent": "Europe", "expressway": 0, "level": null, "min_zoom": 7.1, "min_label": 9.6 }, "geometry": { "type": "LineString", "coordinates": [ [ -6.573183234440584, 40.550085800905798 ], [ -6.626158489564016, 40.395271177839504 ], [ -6.633391999967657, 40.367970509541891 ], [ -6.63816524181264, 40.322358559666043 ], [ -6.648823002705747, 40.281098382984631 ], [ -6.660726210753026, 40.246406700427819 ], [ -6.664449426894254, 40.237644819277605 ], [ -6.673040678867611, 40.220838574541403 ], [ -6.676527639225494, 40.212006691677601 ], [ -6.677665167071229, 40.206995735680245 ], [ -6.679477919779238, 40.18743025673362 ], [ -6.677145987695482, 40.115672666834286 ], [ -6.672339203362743, 40.085764434705688 ], [ -6.669596011211684, 40.076477540703593 ], [ -6.665966130688567, 40.067493987460367 ], [ -6.661258515450069, 40.058539601597793 ], [ -6.656485273605085, 40.051580264572358 ], [ -6.650619713354391, 40.044825099211536 ], [ -6.644115387467249, 40.038664948416184 ], [ -6.615540104634803, 40.018784461758429 ], [ -6.554449025842771, 39.98506113623953 ], [ -6.540683480540359, 39.97472421653368 ], [ -6.534166029331917, 39.968984076019822 ], [ -6.52773316352739, 39.961931403376276 ], [ -6.522550119984139, 39.954032876693589 ], [ -6.518316474681363, 39.945551002397707 ], [ -6.514730345229236, 39.936719119533912 ], [ -6.507110367031853, 39.909826794565539 ], [ -6.503694866756586, 39.901193249890227 ], [ -6.498144314217019, 39.892524704358124 ], [ -6.49119956088191, 39.885273693526088 ], [ -6.475142917828666, 39.872714219413965 ], [ -6.418864456845508, 39.837013345486312 ], [ -6.396746832091154, 39.82069127926907 ], [ -6.376455085366104, 39.802105824312619 ] ] } },
{ "type": "Feature", "properties": { "scalerank": 8, "featurecla": "Road", "type": "Secondary Highway", "sov_a3": null, "note": null, "edited": "New in version 2.0.0", "name": "806", "namealt": null, "namealtt": null, "routeraw": "E806", "question": 0, "length_km": 61, "toll": 0, "ne_part": "ne_europe_basic", "label": "E806", "label2": null, "local": null, "localtype": null, "localalt": null, "labelrank": 7, "ignore": 0, "add": 0, "rwdb_rd_id": 0, "orig_fid": 0, "prefix": "E", "uident": 0, "continent": "Europe", "expressway": 0, "level": "E", "min_zoom": 7.1, "min_label": 9.6 }, "geometry": { "type": "LineString", "coordinates": [ [ -7.500250928285173, 39.847723607664605 ], [ -7.403114800473713, 39.852530391997348 ], [ -7.393483731379831, 39.851608702768502 ], [ -7.383995582451188, 39.849537818741652 ], [ -7.253245506798294, 39.80660343441037 ], [ -7.23835701734048, 39.804025037960038 ], [ -7.233439396961231, 39.803972536674848 ], [ -7.218380278326556, 39.805897583798398 ], [ -7.093622641030226, 39.837240851055462 ], [ -7.052852476343901, 39.84295182418866 ], [ -7.025868274126452, 39.843447669659881 ], [ -7.005723822673733, 39.841540122964723 ], [ -6.982907639152575, 39.836517500015098 ], [ -6.973894918528686, 39.833559927616193 ], [ -6.973406364902633, 39.825813071312936 ], [ -6.973499700520744, 39.818042881105157 ] ] } },
{ "type": "Feature", "properties": { "scalerank": 8, "featurecla": "Road", "type": "Secondary Highway", "sov_a3": null, "note": null, "edited": "New in version 2.0.0", "name": null, "namealt": null, "namealtt": null, "routeraw": "EX207", "question": 0, "length_km": 63, "toll": 0, "ne_part": "ne_europe_basic", "label": "EX207", "label2": null, "local": "EX207", "localtype": null, "localalt": null, "labelrank": 6, "ignore": 0, "add": 0, "rwdb_rd_id": 0, "orig_fid": 0, "prefix": null, "uident": 0, "continent": "Europe", "expressway": 0, "level": null, "min_zoom": 7.1, "min_label": 9.6 }, "geometry": { "type": "LineString", "coordinates": [ [ -6.97680728148757, 39.818999571190801 ], [ -6.974071381181677, 39.800279946283311 ], [ -6.971326730661588, 39.791273059135563 ], [ -6.966694950612805, 39.783123692979203 ], [ -6.959457065102065, 39.777021876945156 ], [ -6.950581431167276, 39.773486790409187 ], [ -6.931946391663704, 39.76795665503608 ], [ -6.923629313068552, 39.763569880984846 ], [ -6.915905790669825, 39.75801057823108 ], [ -6.909074790119291, 39.751401249773558 ], [ -6.903435277068713, 39.74387023208719 ], [ -6.898987251518086, 39.734805010178107 ], [ -6.896696153767255, 39.72580978998262 ], [ -6.895948010453331, 39.716476228171466 ], [ -6.896131764951487, 39.706378480987027 ], [ -6.895401122065959, 39.701968373031264 ], [ -6.893406073228824, 39.697219923459841 ], [ -6.884323350891353, 39.681393702713812 ], [ -6.866563332807576, 39.659302328602053 ], [ -6.8529319574562, 39.644975311221941 ], [ -6.820703460196111, 39.617645475543668 ], [ -6.813496200435065, 39.612494516119142 ], [ -6.805144120983119, 39.607687731786399 ], [ -6.79628307073866, 39.604123477869763 ], [ -6.787556190445237, 39.602705943169696 ], [ -6.766447757061712, 39.603685967159869 ], [ -6.682283821798713, 39.617324634356407 ], [ -6.678169762756642, 39.61769797682885 ], [ -6.674087787833297, 39.617721310733387 ], [ -6.67060374421348, 39.617190464405375 ], [ -6.666002589914392, 39.61607627046417 ], [ -6.663768368555846, 39.615259583805695 ], [ -6.661952699109772, 39.61397621905666 ], [ -6.660088903485608, 39.611782832031039 ], [ -6.551819586476284, 39.450405548316283 ] ] } },
{ "type": "Feature", "properties": { "scalerank": 8, "featurecla": "Road", "type": "Secondary Highway", "sov_a3": null, "note": null, "edited": "New in version 2.0.0", "name": null, "namealt": null, "namealtt": null, "routeraw": "EX208", "question": 0, "length_km": 44, "toll": 0, "ne_part": "ne_europe_basic", "label": "EX208", "label2": null, "local": "EX208", "localtype": null, "localalt": null, "labelrank": 7, "ignore": 0, "add": 0, "rwdb_rd_id": 0, "orig_fid": 0, "prefix": null, "uident": 0, "continent": "Europe", "expressway": 0, "level": null, "min_zoom": 7.1, "min_label": 9.6 }, "geometry": { "type": "LineString", "coordinates": [ [ -6.101371684887027, 39.967379870083533 ], [ -6.052860497373583, 39.870299160295325 ], [ -6.043903194772948, 39.848680297750249 ], [ -6.038340975281116, 39.83091736292841 ], [ -5.871532725287498, 39.549819648557275 ], [ -5.871515224859099, 39.549784647700484 ], [ -5.871497724430704, 39.549761313795955 ], [ -5.871480224002308, 39.549726312939171 ], [ -5.871462723573913, 39.549702979034635 ] ] } },
{ "type": "Feature", "properties": { "scalerank": 8, "featurecla": "Road", "type": "Secondary Highway", "sov_a3": null, "note": null, "edited": "New in version 2.0.0", "name": null, "namealt": null, "namealtt": null, "routeraw": "EX100", "question": 0, "length_km": 77, "toll": 0, "ne_part": "ne_europe_basic", "label": "EX100", "label2": null, "local": "EX100", "localtype": null, "localalt": null, "labelrank": 6, "ignore": 0, "add": 0, "rwdb_rd_id": 0, "orig_fid": 0, "prefix": null, "uident": 0, "continent": "Europe", "expressway": 0, "level": null, "min_zoom": 7.1, "min_label": 9.6 }, "geometry": { "type": "LineString", "coordinates": [ [ -6.953807343468252, 38.919162543930241 ], [ -6.833570650174199, 39.023185090315486 ], [ -6.803019277302052, 39.045025624953574 ], [ -6.665096942744903, 39.124465902918715 ], [ -6.608265759898238, 39.171203713688044 ], [ -6.5946270927017, 39.185093220358254 ], [ -6.405214122696705, 39.449110516614986 ] ] } },
{ "type": "Feature", "properties": { "scalerank": 8, "featurecla": "Road", "type": "Secondary Highway", "sov_a3": null, "note": null, "edited": "New in version 2.0.0", "name": null, "namealt": null, "namealtt": null, "routeraw": "N420", "question": 0, "length_km": 24, "toll": 0, "ne_part": "ne_europe_basic", "label": "N420", "label2": null, "local": "N420", "localtype": null, "localalt": null, "labelrank": 7, "ignore": 0, "add": 0, "rwdb_rd_id": 0, "orig_fid": 0, "prefix": null, "uident": 0, "continent": "Europe", "expressway": 0, "level": null, "min_zoom": 7.1, "min_label": 9.6 }, "geometry": { "type": "LineString", "coordinates": [ [ -3.585820731295978, 39.075400535172733 ], [ -3.567814248845625, 39.095181852736232 ], [ -3.549664846230041, 39.10922302978588 ], [ -3.543116769271908, 39.115797357386612 ], [ -3.537407254507745, 39.123106702979968 ], [ -3.53233650538003, 39.131442740372549 ], [ -3.530599587861737, 39.135222832906067 ], [ -3.529268096934615, 39.13917792972353 ], [ -3.524174013902375, 39.16189348578142 ], [ -3.523777337525402, 39.166793605732266 ], [ -3.527356175132361, 39.222164961176908 ], [ -3.526535113366787, 39.233318567541232 ], [ -3.523837130655753, 39.244122165337636 ], [ -3.518839299979689, 39.254284080759525 ], [ -3.511213488306176, 39.264930174700368 ], [ -3.48448595903853, 39.293065030084847 ] ] } },
{ "type": "Feature", "properties": { "scalerank": 8, "featurecla": "Road", "type": "Secondary Highway", "sov_a3": null, "note": null, "edited": "New in version 2.0.0", "name": null, "namealt": null, "namealtt": null, "routeraw": "N403", "question": 0, "length_km": 24, "toll": 0, "ne_part": "ne_europe_basic", "label": "N403", "label2": null, "local": "N403", "localtype": null, "localalt": null, "labelrank": 7, "ignore": 0, "add": 0, "rwdb_rd_id": 0, "orig_fid": 0, "prefix": null, "uident": 0, "continent": "Europe", "expressway": 0, "level": null, "min_zoom": 7.1, "min_label": 9.6 }, "geometry": { "type": "LineString", "coordinates": [ [ -4.252152459208066, 39.979122657537189 ], [ -4.143161249527413, 39.950381120634979 ], [ -4.090846635575925, 39.930798141259963 ], [ -4.046494716544576, 39.895698115373918 ] ] } },
{ "type": "Feature", "properties": { "scalerank": 8, "featurecla": "Road", "type": "Secondary Highway", "sov_a3": null, "note": null, "edited": "New in version 2.0.0", "name": null, "namealt": null, "namealtt": null, "routeraw": "CM401", "question": 0, "length_km": 98, "toll": 0, "ne_part": "ne_europe_basic", "label": "CM401", "label2": null, "local": "CM401", "localtype": null, "localalt": null, "labelrank": 6, "ignore": 0, "add": 0, "rwdb_rd_id": 0, "orig_fid": 0, "prefix": null, "uident": 0, "continent": "Europe", "expressway": 0, "level": null, "min_zoom": 7.1, "min_label": 9.6 }, "geometry": { "type": "LineString", "coordinates": [ [ -4.865039337168099, 39.785235411338974 ], [ -4.739755228650861, 39.773556792122776 ], [ -4.721009353100783, 39.769041681596633 ], [ -4.703078705840145, 39.762099844999582 ], [ -4.686135374414846, 39.752422108096653 ], [ -4.607629910999854, 39.688108033741706 ], [ -4.588208810587503, 39.676260243717678 ], [ -4.567688099924272, 39.666489171196631 ], [ -4.546131947247616, 39.659016488271583 ], [ -4.523626396330485, 39.654023032702618 ], [ -4.500888964737108, 39.651351300634175 ], [ -4.404337642907876, 39.652652165811602 ], [ -4.379844334998776, 39.655837243779658 ], [ -4.355852706037027, 39.661734888149084 ], [ -4.336933284572019, 39.668250880988488 ], [ -4.318735755778349, 39.676289411098338 ], [ -4.301290745405698, 39.685844645002504 ], [ -4.20228061338684, 39.763039034656835 ], [ -4.180639875306273, 39.776946041755444 ], [ -4.158032238556832, 39.789219675537105 ], [ -4.109938144586824, 39.808965992243813 ], [ -4.034547757426303, 39.829989840223426 ] ] } },
{ "type": "Feature", "properties": { "scalerank": 8, "featurecla": "Road", "type": "Secondary Highway", "sov_a3": null, "note": null, "edited": "New in version 2.0.0", "name": null, "namealt": null, "namealtt": null, "routeraw": "N400", "question": 0, "length_km": 43, "toll": 0, "ne_part": "ne_europe_basic", "label": "N400", "label2": null, "local": "N400", "localtype": null, "localalt": null, "labelrank": 7, "ignore": 0, "add": 0, "rwdb_rd_id": 0, "orig_fid": 0, "prefix": null, "uident": 0, "continent": "Europe", "expressway": 0, "level": null, "min_zoom": 7.1, "min_label": 9.6 }, "geometry": { "type": "LineString", "coordinates": [ [ -3.998706880071495, 39.895698115373918 ], [ -3.89738231639728, 39.912568528347563 ], [ -3.709812724849986, 39.961989738137596 ], [ -3.665355803248261, 39.977518451600893 ], [ -3.622377667845985, 39.99724726787921 ] ] } },
{ "type": "Feature", "properties": { "scalerank": 8, "featurecla": "Road", "type": "Secondary Highway", "sov_a3": null, "note": null, "edited": "New in version 2.0.0", "name": null, "namealt": null, "namealtt": null, "routeraw": "N502", "question": 0, "length_km": 27, "toll": 0, "ne_part": "ne_europe_basic", "label": "N502", "label2": null, "local": "N502", "localtype": null, "localalt": null, "labelrank": 7, "ignore": 0, "add": 0, "rwdb_rd_id": 0, "orig_fid": 0, "prefix": null, "uident": 0, "continent": "Europe", "expressway": 0, "level": null, "min_zoom": 7.1, "min_label": 9.6 }, "geometry": { "type": "LineString", "coordinates": [ [ -5.12570238464895, 39.308302069741544 ], [ -5.09750919450315, 39.265764361787234 ], [ -5.096231663230249, 39.263069295814269 ], [ -5.091882806773867, 39.245720537797794 ], [ -5.088101255871319, 39.220823261666553 ], [ -5.08427595389778, 39.211804707566536 ], [ -5.077065777398669, 39.204717034066192 ], [ -5.068572236150523, 39.200575266012493 ], [ -5.050381999202013, 39.194712622499864 ], [ -5.041598242516304, 39.191160035535503 ], [ -5.014729251452462, 39.176016331496911 ], [ -4.989696347001153, 39.157996723725262 ], [ -4.966850996099335, 39.136506197655095 ], [ -4.962337343942224, 39.131209401327268 ], [ -4.958665170717151, 39.125440093432751 ], [ -4.955709056687276, 39.11927410916126 ], [ -4.953355249068025, 39.112798950654778 ] ] } },
{ "type": "Feature", "properties": { "scalerank": 8, "featurecla": "Road", "type": "Secondary Highway", "sov_a3": null, "note": null, "edited": "New in version 2.0.0", "name": null, "namealt": null, "namealtt": null, "routeraw": "EX316", "question": 0, "length_km": 89, "toll": 0, "ne_part": "ne_europe_basic", "label": "EX316", "label2": null, "local": "EX316", "localtype": null, "localalt": null, "labelrank": 6, "ignore": 0, "add": 0, "rwdb_rd_id": 0, "orig_fid": 0, "prefix": null, "uident": 0, "continent": "Europe", "expressway": 1, "level": null, "min_zoom": 7.1, "min_label": 9.6 }, "geometry": { "type": "LineString", "coordinates": [ [ -5.858449696692524, 39.037506274219467 ], [ -5.803546477707478, 39.049599070241037 ], [ -5.747635525720632, 39.055595883704697 ], [ -5.679236559704275, 39.057252590926183 ], [ -5.666709169710877, 39.059230139334915 ], [ -5.642180860944983, 39.065775299554986 ], [ -5.572306025467242, 39.091658433152524 ], [ -5.548190435137684, 39.097766082662694 ], [ -5.526437402641577, 39.100787823299058 ], [ -5.397796128610391, 39.102928709039489 ], [ -5.377028953580584, 39.105687943249904 ], [ -5.355884060971235, 39.111013906958391 ], [ -5.335844612088891, 39.119058270544379 ], [ -5.317130820657539, 39.129821034007861 ], [ -5.299973108984389, 39.14329053039657 ], [ -5.29099101411019, 39.151976576357072 ], [ -5.283117279701067, 39.161537643737368 ], [ -5.277406306567872, 39.172236238963393 ], [ -5.274908120414356, 39.18432903498497 ], [ -5.273646631200819, 39.199729411973365 ], [ -5.271565538590739, 39.207102925804165 ], [ -5.267649817737155, 39.213706420785556 ], [ -5.26265052869206, 39.218198197407176 ], [ -5.256744134108441, 39.221453277088813 ], [ -5.236529680942141, 39.229958485289217 ], [ -5.229599511297362, 39.234286924579138 ], [ -5.223433527025872, 39.239601221335363 ], [ -5.218130897221915, 39.246117214174774 ], [ -5.203051361420776, 39.27157450401468 ], [ -5.196829959126035, 39.279286359461139 ], [ -5.181054781296158, 39.291011646486396 ], [ -5.163294763212384, 39.29801765132089 ], [ -5.12570238464895, 39.308302069741544 ] ] } },
{ "type": "Feature", "properties": { "scalerank": 8, "featurecla": "Road", "type": "Secondary Highway", "sov_a3": null, "note": null, "edited": "New in version 2.0.0", "name": null, "namealt": null, "namealtt": null, "routeraw": "N502", "question": 0, "length_km": 82, "toll": 0, "ne_part": "ne_europe_basic", "label": "N502", "label2": null, "local": "N502", "localtype": null, "localalt": null, "labelrank": 6, "ignore": 0, "add": 0, "rwdb_rd_id": 0, "orig_fid": 0, "prefix": null, "uident": 0, "continent": "Europe", "expressway": 0, "level": null, "min_zoom": 7.1, "min_label": 9.6 }, "geometry": { "type": "LineString", "coordinates": [ [ -5.12570238464895, 39.308302069741544 ], [ -5.117300720649883, 39.311014636142914 ], [ -5.109139687541258, 39.314613890916334 ], [ -5.093781603254822, 39.323509942017587 ], [ -5.086268085996846, 39.328742570107963 ], [ -5.079027283748044, 39.334727716619362 ], [ -5.072681920085493, 39.341558717169896 ], [ -5.067835759788863, 39.349328907377675 ], [ -5.065888837129819, 39.366333490302367 ], [ -5.07810559451919, 39.400179318820037 ], [ -5.078457061456142, 39.417691414168203 ], [ -5.074401337175392, 39.426581631793326 ], [ -5.068232436165836, 39.433593470103951 ], [ -5.060543914623903, 39.439152772857717 ], [ -5.033424084086384, 39.452686437483877 ], [ -5.024939293052437, 39.458292408046702 ], [ -5.017400983520901, 39.465415082403837 ], [ -5.010593316874896, 39.474381135218671 ], [ -4.973280945165797, 39.550087988459353 ], [ -4.969852319569231, 39.559969897026903 ], [ -4.967218505095648, 39.570067644211335 ], [ -4.965725135205865, 39.580322895251342 ], [ -4.965948265667912, 39.58987229567937 ], [ -4.9677114338288, 39.599415862631268 ], [ -4.984501636505637, 39.651077127255974 ], [ -4.987308996894146, 39.668040875847737 ], [ -4.986260429559422, 39.685657973766283 ], [ -4.983770993620105, 39.695796555283636 ], [ -4.980183405798947, 39.706051806323643 ], [ -4.975545792274033, 39.715857879701474 ], [ -4.969917946175716, 39.724637261280094 ], [ -4.966401818437173, 39.728674026763414 ], [ -4.962419012608073, 39.732343283250415 ], [ -4.953855469646342, 39.738894276946617 ], [ -4.927720038206093, 39.755811357729328 ], [ -4.871991382348373, 39.784867902342654 ], [ -4.859789208649328, 39.789225509013235 ], [ -4.858867519420478, 39.80410087314975 ], [ -4.861900927009103, 39.818287887102699 ], [ -4.867649817737156, 39.831844885633394 ], [ -4.888186570459748, 39.869919984346751 ], [ -4.891991455266822, 39.883395314211597 ], [ -4.891928745398406, 39.897582328164539 ], [ -4.887324674361249, 39.911209328408816 ], [ -4.879341562274654, 39.923237956192935 ], [ -4.86932840049413, 39.933924884466698 ], [ -4.83477088788835, 39.963908951785015 ], [ -4.823843328724145, 39.975161727243574 ], [ -4.814856858742846, 39.987890372163534 ] ] } },
{ "type": "Feature", "properties": { "scalerank": 8, "featurecla": "Road", "type": "Secondary Highway", "sov_a3": null, "note": null, "edited": "New in version 2.0.0", "name": null, "namealt": null, "namealtt": null, "routeraw": "_untitled_36", "question": 0, "length_km": 48, "toll": 0, "ne_part": "ne_europe_basic", "label": null, "label2": null, "local": null, "localtype": null, "localalt": null, "labelrank": 7, "ignore": 0, "add": 0, "rwdb_rd_id": 0, "orig_fid": 0, "prefix": null, "uident": 0, "continent": "Europe", "expressway": 0, "level": null, "min_zoom": 7.1, "min_label": 9.6 }, "geometry": { "type": "LineString", "coordinates": [ [ -2.591622852493735, 39.029135235970095 ], [ -2.810204661527603, 39.096068541108295 ], [ -2.818333610517499, 39.096961062956481 ], [ -2.82888199373313, 39.097071899002991 ], [ -2.849278743028556, 39.095041849309069 ], [ -2.859641913376997, 39.093046800471939 ], [ -2.86828566663554, 39.092072609957896 ], [ -2.877346513437519, 39.092451785906476 ], [ -2.894896526380546, 39.095561028684813 ], [ -2.924291412609531, 39.103523723604951 ], [ -2.952875445656172, 39.114023980642486 ], [ -2.980797379161835, 39.126810960323766 ], [ -2.993747696174804, 39.135006994289178 ], [ -3.004869218420403, 39.145338080518897 ] ] } },
{ "type": "Feature", "properties": { "scalerank": 8, "featurecla": "Road", "type": "Secondary Highway", "sov_a3": null, "note": null, "edited": "New in version 2.0.0", "name": null, "namealt": null, "namealtt": null, "routeraw": "N320", "question": 0, "length_km": 127, "toll": 0, "ne_part": "ne_europe_basic", "label": "N320", "label2": null, "local": "N320", "localtype": null, "localalt": null, "labelrank": 6, "ignore": 0, "add": 0, "rwdb_rd_id": 0, "orig_fid": 0, "prefix": null, "uident": 0, "continent": "Europe", "expressway": 0, "level": null, "min_zoom": 7.1, "min_label": 9.6 }, "geometry": { "type": "LineString", "coordinates": [ [ -3.150991962050064, 40.633842851208591 ], [ -3.149446090875092, 40.629502744966409 ], [ -3.147612921000622, 40.625442645578559 ], [ -3.145079733990315, 40.621860891233531 ], [ -3.141436728145901, 40.618961653595946 ], [ -3.132241711392886, 40.614522378259515 ], [ -3.113791884756505, 40.607493039520492 ], [ -3.105378553805174, 40.603409606228112 ], [ -3.097627322394821, 40.598241146375194 ], [ -3.090774446308792, 40.591567649680222 ], [ -3.065162569351386, 40.562126095642185 ], [ -3.050610963140194, 40.549461618959683 ], [ -3.03366033986973, 40.539585543868256 ], [ -3.02461407675808, 40.535927954333516 ], [ -3.01544093554056, 40.533069551028845 ], [ -3.00603883038486, 40.531278673856335 ], [ -2.996276508078012, 40.530817829241911 ], [ -2.987548169415557, 40.531377842950576 ], [ -2.978924833323475, 40.532585372509899 ], [ -2.970422541861133, 40.534487085728912 ], [ -2.923944320779679, 40.550960822325592 ], [ -2.904381758571123, 40.556245951701158 ], [ -2.884361268486209, 40.558888516388933 ], [ -2.863588259980272, 40.559092688053553 ], [ -2.84292462915181, 40.557010137074442 ], [ -2.833592525709694, 40.554495908861568 ], [ -2.82479126859559, 40.550546645520228 ], [ -2.808460452164145, 40.540268060575698 ], [ -2.780611437110132, 40.516770818716125 ], [ -2.75688814805045, 40.501014599683685 ], [ -2.744338882521554, 40.494358603417112 ], [ -2.731120225606514, 40.488828468044005 ], [ -2.684663880060555, 40.47965241008842 ], [ -2.542914785160839, 40.482557481202136 ], [ -2.522443659044729, 40.478975726857115 ], [ -2.501316266863775, 40.471928887689693 ], [ -2.483967508847304, 40.459941094238502 ], [ -2.474820618272378, 40.44154814399441 ], [ -2.473365165977452, 40.405503094974975 ], [ -2.471988465610305, 40.397073721964283 ], [ -2.46980674553695, 40.388370175575389 ], [ -2.466766046103164, 40.379946636040827 ], [ -2.462815324392789, 40.372345616640871 ], [ -2.456478710944438, 40.367293826310586 ], [ -2.44860789327338, 40.367031319884646 ], [ -2.431963527499843, 40.37020473090044 ], [ -2.415794590031062, 40.367579666641049 ], [ -2.401189024165646, 40.36020615281025 ], [ -2.388152663379731, 40.34981673181921 ], [ -2.37668259093525, 40.338143946079143 ], [ -2.264185462099285, 40.199038874236237 ], [ -2.253485408504222, 40.182973480968798 ], [ -2.249366974355052, 40.174369103674152 ], [ -2.244506230368088, 40.155935319097125 ], [ -2.241420321494278, 40.147441777848982 ], [ -2.237255219536053, 40.139420748167524 ], [ -2.213832354497171, 40.109623352085435 ], [ -2.193684986306387, 40.09065288770428 ] ] } },
{ "type": "Feature", "properties": { "scalerank": 8, "featurecla": "Road", "type": "Major Highway", "sov_a3": null, "note": null, "edited": "New in version 2.0.0", "name": null, "namealt": null, "namealtt": null, "routeraw": "N400", "question": 0, "length_km": 40, "toll": 0, "ne_part": "ne_europe_basic", "label": "N400", "label2": null, "local": "N400", "localtype": null, "localalt": null, "labelrank": 6, "ignore": 0, "add": 0, "rwdb_rd_id": 0, "orig_fid": 0, "prefix": null, "uident": 0, "continent": "Europe", "expressway": 0, "level": null, "min_zoom": 7.1, "min_label": 9.6 }, "geometry": { "type": "LineString", "coordinates": [ [ -3.166364997068082, 39.965055050812751 ], [ -3.223459777668467, 39.955397910108474 ], [ -3.289684315456633, 39.952837014086541 ], [ -3.339257195626093, 39.955876255151296 ], [ -3.406291128227569, 39.969503255395566 ], [ -3.42291216009658, 39.970028268247447 ], [ -3.439200683826066, 39.968062386790976 ], [ -3.454898568097189, 39.963448107170592 ], [ -3.469747681591116, 39.956004591626197 ], [ -3.493984316550407, 39.940895888444402 ], [ -3.506688169196799, 39.935039078407904 ], [ -3.520828515340689, 39.931538992728719 ] ] } },
{ "type": "Feature", "properties": { "scalerank": 9, "featurecla": "Road", "type": "Major Highway", "sov_a3": null, "note": null, "edited": "New in version 2.0.0", "name": null, "namealt": null, "namealtt": null, "routeraw": "IP6", "question": 0, "length_km": 25, "toll": 0, "ne_part": "ne_europe_basic", "label": "IP6", "label2": null, "local": "IP6", "localtype": null, "localalt": null, "labelrank": 7, "ignore": 0, "add": 0, "rwdb_rd_id": 0, "orig_fid": 0, "prefix": null, "uident": 0, "continent": "Europe", "expressway": 1, "level": null, "min_zoom": 7.6, "min_label": 10.1 }, "geometry": { "type": "LineString", "coordinates": [ [ -8.930963450935467, 39.281316409155068 ], [ -8.922889919968824, 39.277285477147871 ], [ -8.918402518454307, 39.275984611970443 ], [ -8.914097413068916, 39.276177116682803 ], [ -8.883196031628849, 39.284699825311606 ], [ -8.874730199392332, 39.285423176351969 ], [ -8.86635041092876, 39.284507320599246 ], [ -8.858101875678157, 39.281561415152609 ], [ -8.848377470966167, 39.277028804198068 ], [ -8.843526935562435, 39.275372096976589 ], [ -8.838149928937794, 39.274176234369534 ], [ -8.833926492218248, 39.273802891897091 ], [ -8.829704513867737, 39.273977896181052 ], [ -8.806081852271333, 39.278154665091535 ], [ -8.796525159998138, 39.278796347466056 ], [ -8.79169066665377, 39.278679677943416 ], [ -8.786981593046239, 39.277897992141732 ], [ -8.782901076491926, 39.276060447160162 ], [ -8.768768022193202, 39.266091036450632 ], [ -8.760984706664123, 39.262450947344277 ], [ -8.752558250391496, 39.261342586879209 ], [ -8.715369840050201, 39.262509282105597 ] ] } },
{ "type": "Feature", "properties": { "scalerank": 9, "featurecla": "Road", "type": "Major Highway", "sov_a3": null, "note": null, "edited": "New in version 2.0.0", "name": null, "namealt": null, "namealtt": null, "routeraw": "A15", "question": 0, "length_km": 27, "toll": 0, "ne_part": "ne_europe_basic", "label": "A15", "label2": null, "local": "A15", "localtype": null, "localalt": null, "labelrank": 6, "ignore": 0, "add": 0, "rwdb_rd_id": 0, "orig_fid": 0, "prefix": null, "uident": 0, "continent": "Europe", "expressway": 1, "level": null, "min_zoom": 7.6, "min_label": 10.1 }, "geometry": { "type": "LineString", "coordinates": [ [ -9.15979321916417, 39.376005393729166 ], [ -9.135151157613704, 39.366496827634059 ], [ -9.044144554847907, 39.346021326410849 ], [ -9.039741738737305, 39.344434620902959 ], [ -9.027769987345474, 39.339091156766074 ], [ -9.023550925733028, 39.336658597219042 ], [ -9.011949600075576, 39.326992527268374 ], [ -9.004759840742926, 39.322080740365251 ], [ -8.99712819559328, 39.318102309643251 ], [ -8.962668393712713, 39.304218636449164 ], [ -8.953830677372782, 39.29991353106378 ], [ -8.945830064857788, 39.294295893548693 ], [ -8.930963450935467, 39.281316409155068 ] ] } },
{ "type": "Feature", "properties": { "scalerank": 9, "featurecla": "Road", "type": "Secondary Highway", "sov_a3": null, "note": null, "edited": "New in version 2.0.0", "name": null, "namealt": null, "namealtt": null, "routeraw": "A14", "question": 0, "length_km": 19, "toll": 0, "ne_part": "ne_europe_basic", "label": null, "label2": "A14", "local": "A14", "localtype": null, "localalt": null, "labelrank": 8, "ignore": 0, "add": 0, "rwdb_rd_id": 0, "orig_fid": 0, "prefix": null, "uident": 0, "continent": "Europe", "expressway": 1, "level": null, "min_zoom": 7.6, "min_label": 10.1 }, "geometry": { "type": "LineString", "coordinates": [ [ -8.737205999581191, 39.753617970703701 ], [ -8.765715655807149, 39.753087124375696 ], [ -8.777489069010494, 39.751517919296198 ], [ -8.788775386956818, 39.748659515991534 ], [ -8.79976273925138, 39.744716086126317 ], [ -8.857960413881957, 39.718062933679363 ], [ -8.882882482286757, 39.715012025662347 ], [ -8.90592033790093, 39.725453947938561 ] ] } },
{ "type": "Feature", "properties": { "scalerank": 8, "featurecla": "Road", "type": "Secondary Highway", "sov_a3": null, "note": null, "edited": "New in version 2.0.0", "name": null, "namealt": null, "namealtt": null, "routeraw": "N610", "question": 0, "length_km": 18, "toll": 0, "ne_part": "ne_europe_basic", "label": null, "label2": "N610", "local": "N610", "localtype": null, "localalt": null, "labelrank": 8, "ignore": 0, "add": 0, "rwdb_rd_id": 0, "orig_fid": 0, "prefix": null, "uident": 0, "continent": "Europe", "expressway": 0, "level": null, "min_zoom": 7.1, "min_label": 9.6 }, "geometry": { "type": "LineString", "coordinates": [ [ -4.642939942026658, 42.025138575635182 ], [ -4.55116769551854, 42.039646430775385 ], [ -4.509509384091125, 42.036058842954219 ], [ -4.482558724361432, 42.016283358866858 ] ] } },
{ "type": "Feature", "properties": { "scalerank": 9, "featurecla": "Road", "type": "Secondary Highway", "sov_a3": null, "note": null, "edited": "New in version 2.0.0", "name": null, "namealt": null, "namealtt": null, "routeraw": "A11", "question": 0, "length_km": 23, "toll": 0, "ne_part": "ne_europe_basic", "label": null, "label2": "A11", "local": "A11", "localtype": null, "localalt": null, "labelrank": 8, "ignore": 0, "add": 0, "rwdb_rd_id": 0, "orig_fid": 0, "prefix": null, "uident": 0, "continent": "Europe", "expressway": 0, "level": null, "min_zoom": 7.6, "min_label": 10.1 }, "geometry": { "type": "LineString", "coordinates": [ [ -4.692890539775664, 41.61656190735215 ], [ -4.685368272303492, 41.609561735993793 ], [ -4.677477037465973, 41.603979099335504 ], [ -4.668920786349407, 41.599440654904825 ], [ -4.659404928409135, 41.595567226753204 ], [ -4.649687815542311, 41.592720490400801 ], [ -4.601255379956648, 41.585516147377817 ], [ -4.58248617050204, 41.584897798907832 ], [ -4.563746128428093, 41.585965325039979 ], [ -4.492681263819428, 41.600263175039437 ] ] } },
{ "type": "Feature", "properties": { "scalerank": 9, "featurecla": "Road", "type": "Major Highway", "sov_a3": null, "note": null, "edited": "New in version 2.0.0", "name": null, "namealt": null, "namealtt": null, "routeraw": "_untitled_116", "question": 0, "length_km": 34, "toll": 0, "ne_part": "ne_europe_basic", "label": null, "label2": null, "local": null, "localtype": null, "localalt": null, "labelrank": 7, "ignore": 0, "add": 0, "rwdb_rd_id": 0, "orig_fid": 0, "prefix": null, "uident": 0, "continent": "Europe", "expressway": 1, "level": null, "min_zoom": 7.6, "min_label": 10.1 }, "geometry": { "type": "LineString", "coordinates": [ [ -8.468432961907872, 41.530576469166945 ], [ -8.542678529377492, 41.505661692607319 ], [ -8.764190201798639, 41.451929543955757 ] ] } },
{ "type": "Feature", "properties": { "scalerank": 9, "featurecla": "Road", "type": "Major Highway", "sov_a3": null, "note": null, "edited": "New in version 2.0.0", "name": null, "namealt": null, "namealtt": null, "routeraw": "LU862", "question": 0, "length_km": 52, "toll": 0, "ne_part": "ne_europe_basic", "label": "LU862", "label2": null, "local": "LU862", "localtype": null, "localalt": null, "labelrank": 7, "ignore": 0, "add": 0, "rwdb_rd_id": 0, "orig_fid": 0, "prefix": null, "uident": 0, "continent": "Europe", "expressway": 1, "level": null, "min_zoom": 7.6, "min_label": 10.1 }, "geometry": { "type": "LineString", "coordinates": [ [ -8.106093883815856, 43.54486411058317 ], [ -8.148794929101861, 43.552144288795866 ], [ -8.177832514917764, 43.554524347057708 ], [ -8.192637877340697, 43.55338681921198 ], [ -8.202496452003723, 43.551829281084736 ], [ -8.21143479580693, 43.548335028881695 ], [ -8.218523927676305, 43.541579863520873 ], [ -8.220847109545861, 43.533284660461213 ], [ -8.218646430675076, 43.52470361707109 ], [ -8.212932540803813, 43.518018453423856 ], [ -8.204716089671937, 43.515416723068995 ], [ -8.181126970563293, 43.515644228638145 ], [ -8.178322526912849, 43.515218384880512 ], [ -8.175875383675487, 43.514355030412979 ], [ -8.163311534456263, 43.507506529434053 ], [ -8.158144532972372, 43.502886416337532 ], [ -8.154758200077765, 43.496632929924061 ], [ -8.154139851607775, 43.490805287268223 ], [ -8.155439258416171, 43.485117648039555 ], [ -8.158000154438106, 43.479680848284559 ], [ -8.179269008415261, 43.44794673812666 ], [ -8.165477212470256, 43.443641632741262 ], [ -8.157044922721497, 43.439645701590862 ], [ -8.15526279576318, 43.438438172031553 ], [ -8.153597338327502, 43.436874800428185 ], [ -8.151494370181929, 43.434436407405016 ], [ -8.150243089551621, 43.432488026376944 ], [ -8.14960432391517, 43.430300472827454 ], [ -8.149335984013101, 43.427144562240059 ], [ -8.149904747935967, 43.423708644798332 ], [ -8.151561455157447, 43.420220226071415 ], [ -8.153814635313418, 43.416947645961379 ], [ -8.179906315682677, 43.387966936537765 ], [ -8.184998940345885, 43.380505920564978 ], [ -8.18862298739287, 43.372356554408618 ], [ -8.190276777876283, 43.363256331642745 ], [ -8.189977812224519, 43.358187040884069 ], [ -8.185612913708775, 43.338779065793013 ], [ -8.185328531747341, 43.334468126931483 ], [ -8.185803960052096, 43.330268024116471 ], [ -8.187430041523884, 43.326738771056625 ], [ -8.19210265590559, 43.321745315487661 ], [ -8.197058193879696, 43.318350232378862 ], [ -8.202655414228319, 43.315999341497673 ], [ -8.209253075733574, 43.314150129563842 ], [ -8.214347158765817, 43.313362610286028 ], [ -8.266565520361125, 43.314482637703364 ], [ -8.268588278209885, 43.314266799086482 ], [ -8.272749005061012, 43.313455945904138 ], [ -8.276009918218781, 43.312563424055952 ], [ -8.278613106942672, 43.311414229257949 ], [ -8.281042749751636, 43.30986835808298 ], [ -8.283774274950432, 43.307779973627731 ] ] } },
{ "type": "Feature", "properties": { "scalerank": 9, "featurecla": "Road", "type": "Major Highway", "sov_a3": null, "note": null, "edited": "New in version 2.0.0", "name": null, "namealt": null, "namealtt": null, "routeraw": "_untitled_128", "question": 0, "length_km": 30, "toll": 0, "ne_part": "ne_europe_basic", "label": null, "label2": null, "local": null, "localtype": null, "localalt": null, "labelrank": 7, "ignore": 0, "add": 0, "rwdb_rd_id": 0, "orig_fid": 0, "prefix": null, "uident": 0, "continent": "Europe", "expressway": 1, "level": null, "min_zoom": 7.6, "min_label": 10.1 }, "geometry": { "type": "LineString", "coordinates": [ [ -5.62865740490205, 43.530210418539667 ], [ -5.660976321042185, 43.503463930474595 ], [ -5.667499605726757, 43.496994605444243 ], [ -5.673210578859955, 43.489574423804385 ], [ -5.683174156093354, 43.47389403996165 ], [ -5.687298423718655, 43.465808842042748 ], [ -5.69045870941315, 43.456790287942724 ], [ -5.692742515318816, 43.447503393940629 ], [ -5.695275702329123, 43.428789602509276 ], [ -5.697222624988168, 43.36280132050446 ], [ -5.697655760590965, 43.359791246820365 ], [ -5.702805261646461, 43.340237434826008 ], [ -5.706503685514129, 43.330938873871645 ], [ -5.711256510192648, 43.3218794854387 ], [ -5.723514101914944, 43.304583228707415 ], [ -5.775007654100857, 43.252443619039887 ] ] } },
{ "type": "Feature", "properties": { "scalerank": 9, "featurecla": "Road", "type": "Major Highway", "sov_a3": null, "note": null, "edited": "New in version 2.0.0", "name": null, "namealt": null, "namealtt": null, "routeraw": "_untitled_129", "question": 0, "length_km": 30, "toll": 0, "ne_part": "ne_europe_basic", "label": null, "label2": null, "local": null, "localtype": null, "localalt": null, "labelrank": 6, "ignore": 0, "add": 0, "rwdb_rd_id": 0, "orig_fid": 0, "prefix": null, "uident": 0, "continent": "Europe", "expressway": 1, "level": null, "min_zoom": 7.6, "min_label": 10.1 }, "geometry": { "type": "LineString", "coordinates": [ [ -6.117718543377833, 43.38699857949986 ], [ -5.997054547957113, 43.376113313037607 ], [ -5.979804959034887, 43.373155740638694 ], [ -5.971331834953201, 43.370968187089211 ], [ -5.96305996579807, 43.368068949451626 ], [ -5.85452814236281, 43.317066867629826 ] ] } },
{ "type": "Feature", "properties": { "scalerank": 9, "featurecla": "Road", "type": "Major Highway", "sov_a3": null, "note": null, "edited": "New in version 2.0.0", "name": null, "namealt": null, "namealtt": null, "routeraw": "ASI", "question": 0, "length_km": 48, "toll": 0, "ne_part": "ne_europe_basic", "label": "ASI", "label2": null, "local": "ASI", "localtype": null, "localalt": null, "labelrank": 7, "ignore": 0, "add": 0, "rwdb_rd_id": 0, "orig_fid": 0, "prefix": null, "uident": 0, "continent": "Europe", "expressway": 1, "level": null, "min_zoom": 7.6, "min_label": 10.1 }, "geometry": { "type": "LineString", "coordinates": [ [ -5.809530165849843, 43.383930171054445 ], [ -5.730299893025457, 43.386496900552508 ], [ -5.702405668531419, 43.381281772890532 ], [ -5.661286953646211, 43.378516705203978 ], [ -5.584658411176683, 43.38080926132384 ], [ -5.575949031311655, 43.382098459549006 ], [ -5.556317925758549, 43.387366088496172 ], [ -5.537614342910427, 43.395317116464042 ], [ -5.534650937035387, 43.3970788262559 ], [ -5.477320991979443, 43.438053162606835 ], [ -5.422410481149228, 43.468445573254392 ], [ -5.393852698745182, 43.481605895408109 ] ] } },
{ "type": "Feature", "properties": { "scalerank": 9, "featurecla": "Road", "type": "Major Highway", "sov_a3": null, "note": null, "edited": "New in version 2.0.0", "name": null, "namealt": null, "namealtt": null, "routeraw": "IP3", "question": 0, "length_km": 36, "toll": 0, "ne_part": "ne_europe_basic", "label": "IP3", "label2": null, "local": "IP3", "localtype": null, "localalt": null, "labelrank": 6, "ignore": 0, "add": 0, "rwdb_rd_id": 0, "orig_fid": 0, "prefix": null, "uident": 0, "continent": "Europe", "expressway": 1, "level": null, "min_zoom": 7.6, "min_label": 10.1 }, "geometry": { "type": "LineString", "coordinates": [ [ -8.463229501198157, 40.271175640084152 ], [ -8.5231363843354, 40.271467313890753 ], [ -8.575566209440494, 40.275632415848975 ], [ -8.601525178227751, 40.273561531822125 ], [ -8.626480789120309, 40.265423832618033 ], [ -8.656197974905586, 40.243326625030136 ], [ -8.7025595264644, 40.184869360711687 ], [ -8.729304556160439, 40.159237066587821 ], [ -8.735028654614933, 40.155433640149781 ], [ -8.741000675805035, 40.152044390517105 ], [ -8.747194369088152, 40.149080984642069 ], [ -8.753596609142987, 40.146584256857587 ] ] } },
{ "type": "Feature", "properties": { "scalerank": 9, "featurecla": "Road", "type": "Major Highway", "sov_a3": null, "note": null, "edited": "New in version 2.0.0", "name": null, "namealt": null, "namealtt": null, "routeraw": "AG55", "question": 0, "length_km": 38, "toll": 0, "ne_part": "ne_europe_basic", "label": "AG55", "label2": null, "local": "AG55", "localtype": null, "localalt": null, "labelrank": 7, "ignore": 0, "add": 0, "rwdb_rd_id": 0, "orig_fid": 0, "prefix": null, "uident": 0, "continent": "Europe", "expressway": 1, "level": null, "min_zoom": 7.6, "min_label": 10.1 }, "geometry": { "type": "LineString", "coordinates": [ [ -8.71168891661093, 43.225411290644345 ], [ -8.702326187419121, 43.243226726751374 ], [ -8.696596255488496, 43.25119525514765 ], [ -8.689575666963673, 43.258702938929488 ], [ -8.681662556590659, 43.263900566163073 ], [ -8.672893383595278, 43.266408960899824 ], [ -8.62541909646429, 43.268544013164117 ], [ -8.620419807419195, 43.269524037154291 ], [ -8.61637720845974, 43.27161825508567 ], [ -8.6082861770647, 43.277877574975264 ], [ -8.600009932802472, 43.282818529259046 ], [ -8.591137215605748, 43.286581121364165 ], [ -8.581264057252394, 43.289317021670058 ], [ -8.572223627616877, 43.290046206186553 ], [ -8.534803336599335, 43.285350257900319 ], [ -8.524793091556878, 43.285227754901548 ], [ -8.515264108295309, 43.287059466406987 ], [ -8.506706398809712, 43.29209958978501 ], [ -8.503891746576038, 43.295202999087209 ], [ -8.477942986372012, 43.334847302880064 ], [ -8.471725959184367, 43.341269960101357 ], [ -8.464757871944732, 43.346846763283523 ], [ -8.450839197893856, 43.355287803246483 ], [ -8.428152809216634, 43.371802374176085 ], [ -8.422984349363711, 43.374549941434239 ], [ -8.417557758191947, 43.376801663221173 ], [ -8.411737407381276, 43.378750044249259 ] ] } },
{ "type": "Feature", "properties": { "scalerank": 9, "featurecla": "Road", "type": "Major Highway", "sov_a3": null, "note": null, "edited": "New in version 2.0.0", "name": null, "namealt": null, "namealtt": null, "routeraw": "_untitled_115", "question": 0, "length_km": 21, "toll": 0, "ne_part": "ne_europe_basic", "label": null, "label2": null, "local": null, "localtype": null, "localalt": null, "labelrank": 6, "ignore": 0, "add": 0, "rwdb_rd_id": 0, "orig_fid": 0, "prefix": null, "uident": 0, "continent": "Europe", "expressway": 1, "level": null, "min_zoom": 7.6, "min_label": 10.1 }, "geometry": { "type": "LineString", "coordinates": [ [ -8.305585642207859, 41.424908882512483 ], [ -8.261007675976392, 41.334875011891697 ], [ -8.252298296111364, 41.302767559261341 ], [ -8.250400957999442, 41.249344584844778 ], [ -8.244838738507612, 41.224388973952223 ], [ -8.227930407939104, 41.203890138824491 ] ] } },
{ "type": "Feature", "properties": { "scalerank": 9, "featurecla": "Road", "type": "Major Highway", "sov_a3": null, "note": null, "edited": "New in version 2.0.0", "name": null, "namealt": null, "namealtt": null, "routeraw": "_untitled_117", "question": 0, "length_km": 23, "toll": 0, "ne_part": "ne_europe_basic", "label": null, "label2": null, "local": null, "localtype": null, "localalt": null, "labelrank": 7, "ignore": 0, "add": 0, "rwdb_rd_id": 0, "orig_fid": 0, "prefix": null, "uident": 0, "continent": "Europe", "expressway": 1, "level": null, "min_zoom": 7.6, "min_label": 10.1 }, "geometry": { "type": "LineString", "coordinates": [ [ -8.29595019800688, 41.405763413847367 ], [ -8.303914351296049, 41.422359653442811 ], [ -8.308503838642876, 41.43032818183908 ], [ -8.319963702504126, 41.445180212071072 ], [ -8.332813392053819, 41.459378892976282 ], [ -8.361215128971336, 41.483523650686493 ], [ -8.405606423966578, 41.511075158457786 ], [ -8.410690298415588, 41.515368596890909 ], [ -8.413462657947306, 41.517346145299641 ], [ -8.416338561680366, 41.518565341811225 ], [ -8.468432961907872, 41.530576469166945 ] ] } },
{ "type": "Feature", "properties": { "scalerank": 9, "featurecla": "Road", "type": "Major Highway", "sov_a3": null, "note": null, "edited": "New in version 2.0.0", "name": null, "namealt": null, "namealtt": null, "routeraw": "A28", "question": 0, "length_km": 91, "toll": 0, "ne_part": "ne_europe_basic", "label": "A28", "label2": null, "local": "A28", "localtype": null, "localalt": null, "labelrank": 6, "ignore": 0, "add": 0, "rwdb_rd_id": 0, "orig_fid": 0, "prefix": null, "uident": 0, "continent": "Europe", "expressway": 1, "level": null, "min_zoom": 7.6, "min_label": 10.1 }, "geometry": { "type": "LineString", "coordinates": [ [ -8.630141295393118, 42.008320663946719 ], [ -8.653138316674369, 42.001425495158728 ], [ -8.67463467622067, 41.991222745403917 ], [ -8.69454141352101, 41.978120758011521 ], [ -8.712779776647608, 41.962510375882374 ], [ -8.743511987279847, 41.929889577352412 ], [ -8.757343159188743, 41.912272479433867 ], [ -8.769810756051792, 41.893646190144494 ], [ -8.780238094637683, 41.87471656009626 ], [ -8.788913932014953, 41.854976076865682 ], [ -8.795791600374542, 41.834547243451524 ], [ -8.800814223324167, 41.813529228948049 ], [ -8.805863096916385, 41.772467390455127 ], [ -8.806439152684417, 41.690845392416634 ], [ -8.802120921977728, 41.650244398538135 ], [ -8.79215880311336, 41.61103177197905 ], [ -8.774464411636067, 41.574945888626701 ], [ -8.765800241211062, 41.56414229083029 ], [ -8.763170801844579, 41.56030969701159 ], [ -8.758824862126263, 41.552078662189381 ], [ -8.757090861346034, 41.547703555090408 ], [ -8.755886248524783, 41.543270113230108 ], [ -8.75270117055673, 41.523902972471973 ], [ -8.752225742251975, 41.514044397808952 ], [ -8.753145973111792, 41.504331660049225 ], [ -8.759987182245558, 41.477240996892363 ], [ -8.763510601829266, 41.45270539628131 ], [ -8.762373073983532, 41.413113593773645 ], [ -8.759692591700892, 41.394452303627475 ], [ -8.75830714111955, 41.389820523578699 ], [ -8.754550382490564, 41.380726134288963 ], [ -8.752333661560415, 41.376491030617146 ], [ -8.737949767788015, 41.356680545672987 ], [ -8.653969587023173, 41.18896227340278 ], [ -8.649296972641467, 41.174833594211151 ], [ -8.616429709744928, 41.114066273344449 ] ] } },
{ "type": "Feature", "properties": { "scalerank": 9, "featurecla": "Road", "type": "Major Highway", "sov_a3": null, "note": null, "edited": "New in version 2.0.0", "name": null, "namealt": null, "namealtt": null, "routeraw": "N541", "question": 0, "length_km": 98, "toll": 0, "ne_part": "ne_europe_basic", "label": "N541", "label2": null, "local": "N541", "localtype": null, "localalt": null, "labelrank": 6, "ignore": 0, "add": 0, "rwdb_rd_id": 0, "orig_fid": 0, "prefix": null, "uident": 0, "continent": "Europe", "expressway": 1, "level": null, "min_zoom": 7.6, "min_label": 10.1 }, "geometry": { "type": "LineString", "coordinates": [ [ -8.475326672326824, 41.375207665868118 ], [ -8.414473307687169, 41.385147909196988 ], [ -8.405120787078593, 41.387580468744019 ], [ -8.303046621721419, 41.425153888510025 ], [ -8.277472662358873, 41.431914887346977 ], [ -8.250606588033095, 41.436319161826617 ], [ -8.141115157774125, 41.440560098974558 ], [ -8.086268815181363, 41.447239429145654 ], [ -7.950580701982759, 41.477836011457825 ], [ -7.841714912038942, 41.487811255643493 ], [ -7.801611222000698, 41.497722331591703 ], [ -7.781048218635512, 41.500814073941648 ], [ -7.762658185129482, 41.502062437833885 ], [ -7.743800015163863, 41.501624927123991 ], [ -7.687954689783503, 41.493353057968861 ], [ -7.68631548299042, 41.492658874309157 ], [ -7.613513700863461, 41.438920892181471 ] ] } },
{ "type": "Feature", "properties": { "scalerank": 9, "featurecla": "Road", "type": "Major Highway", "sov_a3": null, "note": null, "edited": "New in version 2.0.0", "name": null, "namealt": null, "namealtt": null, "routeraw": "_untitled_214", "question": 0, "length_km": 135, "toll": 0, "ne_part": "ne_europe_basic", "label": null, "label2": null, "local": null, "localtype": null, "localalt": null, "labelrank": 6, "ignore": 0, "add": 0, "rwdb_rd_id": 0, "orig_fid": 0, "prefix": null, "uident": 0, "continent": "Europe", "expressway": 1, "level": null, "min_zoom": 7.6, "min_label": 10.1 }, "geometry": { "type": "LineString", "coordinates": [ [ -5.558028592634248, 42.514963899484258 ], [ -5.549014413641327, 42.511667985469693 ], [ -5.540445037203465, 42.507765389937404 ], [ -5.532628179186627, 42.502661098321937 ], [ -5.525864263611613, 42.495760096057815 ], [ -5.514305230656117, 42.477092972435514 ], [ -5.503476840586153, 42.462252609155797 ], [ -5.497245229708177, 42.455777450649308 ], [ -5.489750671247631, 42.45035815132271 ], [ -5.48143942612861, 42.446379720600703 ], [ -5.472763588751342, 42.44421550095575 ], [ -5.309136041618679, 42.435278615521568 ], [ -5.305786167949893, 42.434771103098093 ], [ -5.302385251364957, 42.433726910870469 ], [ -5.286125895016131, 42.426703405607583 ], [ -5.275990230236836, 42.423419158545286 ], [ -5.258103334047192, 42.42013491148299 ], [ -5.164544585473656, 42.409652154873839 ], [ -5.161041583056409, 42.408736299121117 ], [ -5.123924632797731, 42.395610977824191 ], [ -5.045741468939035, 42.375520486025692 ], [ -5.037753981745336, 42.37480880193759 ], [ -4.973404906533599, 42.379347246368269 ], [ -4.969770650903385, 42.379172242084309 ], [ -4.929391329117902, 42.370142021032024 ], [ -4.918517729607913, 42.366735270970949 ], [ -4.91496222590548, 42.366437763688225 ], [ -4.851708385837519, 42.369453670848443 ], [ -4.842799209414974, 42.368689485475159 ], [ -4.797627686987081, 42.359618430089952 ], [ -4.680348566091933, 42.346598111363399 ], [ -4.580629666723041, 42.358889245573451 ], [ -4.564020301806298, 42.36302518015102 ], [ -4.452307775510079, 42.402926156893685 ], [ -4.445860326015222, 42.403824512218002 ], [ -4.374108569592018, 42.407091258851906 ] ] } },
{ "type": "Feature", "properties": { "scalerank": 9, "featurecla": "Road", "type": "Secondary Highway", "sov_a3": null, "note": null, "edited": "New in version 2.0.0", "name": null, "namealt": null, "namealtt": null, "routeraw": "N630", "question": 0, "length_km": 54, "toll": 0, "ne_part": "ne_europe_basic", "label": "N630", "label2": null, "local": "N630", "localtype": null, "localalt": null, "labelrank": 6, "ignore": 0, "add": 0, "rwdb_rd_id": 0, "orig_fid": 0, "prefix": null, "uident": 0, "continent": "Europe", "expressway": 0, "level": null, "min_zoom": 7.6, "min_label": 10.1 }, "geometry": { "type": "LineString", "coordinates": [ [ -5.731554087587593, 41.493453375155475 ], [ -5.734409576960427, 41.507120061640308 ], [ -5.743417922477221, 41.53182483305919 ], [ -5.75636823949019, 41.554604557354523 ], [ -5.793644151973464, 41.60889671971475 ], [ -5.799780968864294, 41.620552005026425 ], [ -5.804440457924702, 41.632813971855818 ], [ -5.80714427411187, 41.645828457106234 ], [ -5.807682412285043, 41.657787083176771 ], [ -5.806738847520698, 41.669681541009851 ], [ -5.784861853656786, 41.755001962916012 ], [ -5.780635500199175, 41.767188094555692 ], [ -5.734930214705205, 41.857449470745635 ], [ -5.721323631627392, 41.876892446693482 ], [ -5.705853252925412, 41.895302897365973 ], [ -5.671333657914492, 41.928372873558097 ], [ -5.631482265718954, 41.956612731512955 ], [ -5.613009105178048, 41.972520620924826 ], [ -5.599599401919686, 41.992389440630312 ] ] } },
{ "type": "Feature", "properties": { "scalerank": 8, "featurecla": "Road", "type": "Secondary Highway", "sov_a3": null, "note": null, "edited": "New in version 2.0.0", "name": null, "namealt": null, "namealtt": null, "routeraw": "_untitled_111", "question": 0, "length_km": 45, "toll": 0, "ne_part": "ne_europe_basic", "label": null, "label2": null, "local": null, "localtype": null, "localalt": null, "labelrank": 7, "ignore": 0, "add": 0, "rwdb_rd_id": 0, "orig_fid": 0, "prefix": null, "uident": 0, "continent": "Europe", "expressway": 0, "level": null, "min_zoom": 7.1, "min_label": 9.6 }, "geometry": { "type": "LineString", "coordinates": [ [ -4.045678029886098, 40.748097314729314 ], [ -4.026876736312765, 40.747677304447812 ], [ -4.008496911389969, 40.744894736332867 ], [ -3.99062314052162, 40.739720443003804 ], [ -3.97334875932583, 40.732142757508385 ], [ -3.93676265539516, 40.710722233151799 ], [ -3.91650445115787, 40.694989348023881 ], [ -3.904200191626515, 40.68858419123098 ], [ -3.899886336026928, 40.687020819627612 ], [ -3.880644615005629, 40.684156582846811 ], [ -3.852356630872684, 40.684722430031613 ], [ -3.842729936885906, 40.683660737375597 ], [ -3.833139702124949, 40.681432349493186 ], [ -3.828128746127589, 40.679763975319446 ], [ -3.811008952049299, 40.671480439212047 ], [ -3.795766078916465, 40.660023492088868 ], [ -3.782722426285385, 40.64601148241988 ], [ -3.772190085129118, 40.630091926055741 ], [ -3.734402285115262, 40.552955871162723 ], [ -3.732239523839336, 40.546434044847189 ], [ -3.731081578827141, 40.539748881199955 ], [ -3.729360703368211, 40.518089184321951 ], [ -3.728816731718904, 40.514606599071172 ], [ -3.725647695810213, 40.504409682792492 ] ] } },
{ "type": "Feature", "properties": { "scalerank": 9, "featurecla": "Road", "type": "Secondary Highway", "sov_a3": null, "note": null, "edited": "New in version 2.0.0", "name": null, "namealt": null, "namealtt": null, "routeraw": "R3", "question": 0, "length_km": 20, "toll": 0, "ne_part": "ne_europe_basic", "label": "R3", "label2": null, "local": "R3", "localtype": null, "localalt": null, "labelrank": 7, "ignore": 0, "add": 0, "rwdb_rd_id": 0, "orig_fid": 0, "prefix": null, "uident": 0, "continent": "Europe", "expressway": 0, "level": null, "min_zoom": 7.6, "min_label": 10.1 }, "geometry": { "type": "LineString", "coordinates": [ [ -3.390095940116193, 40.262063750366025 ], [ -3.43393888835503, 40.301451381209063 ], [ -3.447236297197851, 40.316513416581806 ], [ -3.484108241458987, 40.373319807154914 ], [ -3.487191233594732, 40.376749891120511 ], [ -3.490266933885312, 40.379479957950267 ], [ -3.498636513765653, 40.385523439222986 ], [ -3.503169124720191, 40.388037667435867 ], [ -3.508012368278756, 40.389735208990267 ], [ -3.519266602106356, 40.391887761682966 ], [ -3.530659380992091, 40.393141959051334 ] ] } },
{ "type": "Feature", "properties": { "scalerank": 9, "featurecla": "Road", "type": "Major Highway", "sov_a3": null, "note": null, "edited": "New in version 2.0.0", "name": null, "namealt": null, "namealtt": null, "routeraw": "AP41", "question": 0, "length_km": 39, "toll": 0, "ne_part": "ne_europe_basic", "label": "AP41", "label2": null, "local": "AP41", "localtype": null, "localalt": null, "labelrank": 7, "ignore": 0, "add": 0, "rwdb_rd_id": 0, "orig_fid": 0, "prefix": null, "uident": 0, "continent": "Europe", "expressway": 1, "level": null, "min_zoom": 7.6, "min_label": 10.1 }, "geometry": { "type": "LineString", "coordinates": [ [ -3.772578011291895, 40.356087718661072 ], [ -3.805174017548296, 40.335781388245692 ], [ -3.822585485433187, 40.326564495957186 ], [ -3.831157778609114, 40.320281842163055 ], [ -3.839253185111254, 40.31335167251828 ], [ -3.861356226175278, 40.289247749140991 ], [ -3.865037149614551, 40.286325177598869 ], [ -3.902209517896484, 40.267698888309496 ], [ -3.909203855778713, 40.262361257648749 ], [ -3.912304348342854, 40.255308585005203 ], [ -3.912278097700259, 40.247322556180535 ], [ -3.909896581069383, 40.239190690452574 ], [ -3.901681588306538, 40.22006272221585 ], [ -3.899647163505517, 40.210029143268869 ], [ -3.901334496476686, 40.200053899083201 ], [ -3.903366004539645, 40.196448810833644 ], [ -3.906031903131954, 40.193310400674648 ], [ -3.929231637708789, 40.172619060834556 ], [ -3.935190533577597, 40.166173069708734 ], [ -3.940240865538847, 40.157959535314923 ], [ -3.942822178727241, 40.149016816404611 ], [ -3.941374018277482, 40.140377438253168 ], [ -3.938972084480145, 40.135885661631555 ], [ -3.936119514651612, 40.131790561386914 ], [ -3.9326048452821, 40.128278808755468 ], [ -3.928194737326333, 40.125537074973444 ], [ -3.887999170039009, 40.109950026748827 ], [ -3.878270390219921, 40.104921570323071 ], [ -3.869224127108271, 40.098003067630557 ] ] } },
{ "type": "Feature", "properties": { "scalerank": 9, "featurecla": "Road", "type": "Major Highway", "sov_a3": null, "note": null, "edited": "New in version 2.0.0", "name": null, "namealt": null, "namealtt": null, "routeraw": "AP41", "question": 0, "length_km": 33, "toll": 0, "ne_part": "ne_europe_basic", "label": "AP41", "label2": null, "local": "AP41", "localtype": null, "localalt": null, "labelrank": 7, "ignore": 0, "add": 0, "rwdb_rd_id": 0, "orig_fid": 0, "prefix": null, "uident": 0, "continent": "Europe", "expressway": 1, "level": null, "min_zoom": 7.6, "min_label": 10.1 }, "geometry": { "type": "LineString", "coordinates": [ [ -3.869224127108271, 40.098003067630557 ], [ -3.867455125471253, 40.090985395843802 ], [ -3.866671981300534, 40.083681883726577 ], [ -3.868244103118101, 40.049509380545508 ], [ -3.876231590311797, 39.993228002824281 ], [ -3.884071782233161, 39.956885446522122 ], [ -3.888446889332137, 39.944238470268019 ], [ -3.894678500210112, 39.932740688811904 ], [ -3.903287252611864, 39.923197121860014 ], [ -3.914785034067972, 39.916377788261741 ], [ -3.92760409786797, 39.912463525777184 ], [ -3.967521116669992, 39.905475021371089 ], [ -3.979902669760097, 39.902009936548701 ], [ -3.991649832320846, 39.897547327307748 ], [ -4.014183092249606, 39.885932876329001 ], [ -4.022323708191767, 39.87953355301223 ], [ -4.028655946533018, 39.87158252504436 ], [ -4.033595442447762, 39.862610638753395 ], [ -4.037546164158137, 39.85314874046734 ] ] } },
{ "type": "Feature", "properties": { "scalerank": 9, "featurecla": "Road", "type": "Secondary Highway", "sov_a3": null, "note": null, "edited": "New in version 2.0.0", "name": null, "namealt": null, "namealtt": null, "routeraw": "AP51", "question": 0, "length_km": 36, "toll": 0, "ne_part": "ne_europe_basic", "label": "AP51", "label2": null, "local": "AP51", "localtype": null, "localalt": null, "labelrank": 7, "ignore": 0, "add": 0, "rwdb_rd_id": 0, "orig_fid": 0, "prefix": null, "uident": 0, "continent": "Europe", "expressway": 1, "level": null, "min_zoom": 7.6, "min_label": 10.1 }, "geometry": { "type": "LineString", "coordinates": [ [ -4.440184353738818, 40.760557619747196 ], [ -4.446862225540887, 40.756048342697184 ], [ -4.45369760119852, 40.752110746308105 ], [ -4.46080860860339, 40.748703996247038 ], [ -4.552779193299994, 40.715348179724444 ], [ -4.568802293865478, 40.707146312282902 ], [ -4.583822036536262, 40.696990230337143 ], [ -4.587171910205043, 40.693542645943154 ], [ -4.589811558154761, 40.689424211793977 ], [ -4.594036453243337, 40.68069149802443 ], [ -4.596342134684498, 40.677803927339099 ], [ -4.59973575942427, 40.675400535172727 ], [ -4.603496893160354, 40.673487155001446 ], [ -4.650144285049638, 40.654948367854047 ], [ -4.669250377750863, 40.650065748331599 ], [ -4.688751688460034, 40.649161559531137 ], [ -4.74361990658829, 40.653419997107477 ] ] } },
{ "type": "Feature", "properties": { "scalerank": 9, "featurecla": "Road", "type": "Major Highway", "sov_a3": null, "note": null, "edited": "New in version 2.0.0", "name": null, "namealt": null, "namealtt": null, "routeraw": "N501", "question": 0, "length_km": 122, "toll": 0, "ne_part": "ne_europe_basic", "label": "N501", "label2": null, "local": "N501", "localtype": null, "localalt": null, "labelrank": 6, "ignore": 0, "add": 0, "rwdb_rd_id": 0, "orig_fid": 0, "prefix": null, "uident": 0, "continent": "Europe", "expressway": 1, "level": null, "min_zoom": 7.6, "min_label": 10.1 }, "geometry": { "type": "LineString", "coordinates": [ [ -5.678002779502364, 40.960237507744452 ], [ -5.682081837687644, 40.951965638589328 ], [ -5.683248532914039, 40.947380526349598 ], [ -5.682819772418338, 40.942987918822226 ], [ -5.680741596546323, 40.938548643485802 ], [ -5.677975070490739, 40.935118559520205 ], [ -5.674391857776676, 40.932528496117612 ], [ -5.669866538667304, 40.930580115089526 ], [ -5.660133383741115, 40.928456729777494 ], [ -5.650069179044436, 40.927972551258542 ], [ -5.629967020293677, 40.929244249055316 ], [ -5.573751269178935, 40.938052798014581 ], [ -5.554715178191291, 40.938554476961926 ], [ -5.515982355044059, 40.935130226472467 ], [ -5.438602752522538, 40.922535751503545 ], [ -5.38014694657312, 40.922226577268553 ], [ -5.317912506459223, 40.929979267047941 ], [ -5.31335364486209, 40.929903431858222 ], [ -5.309033955786369, 40.929133413008799 ], [ -5.295571751242818, 40.924495799483893 ], [ -5.285567339676494, 40.922039906032332 ], [ -5.271782835576655, 40.919869852911233 ], [ -5.214394555759387, 40.918084809214861 ], [ -5.199199808804646, 40.915786419618861 ], [ -5.180343097208059, 40.910635460194328 ], [ -5.171161205776343, 40.907158708419679 ], [ -5.167093814543328, 40.90500615572698 ], [ -5.159147161682554, 40.899826028921794 ], [ -5.140956924734045, 40.884157312031334 ], [ -5.125162788106742, 40.87331871337814 ], [ -5.106962342575002, 40.863716811664915 ], [ -5.102174517039689, 40.862025103586646 ], [ -5.084300746171341, 40.858075840245306 ], [ -5.075493655581102, 40.858087507197567 ], [ -5.066553853408863, 40.860695071028559 ], [ -5.04072905457264, 40.872408691101548 ], [ -5.017023265941358, 40.87908218779652 ], [ -5.007530741905612, 40.880657226352156 ], [ -4.99797696637048, 40.880931399730358 ], [ -4.98899341312725, 40.879408862459911 ], [ -4.984543929207593, 40.877174641101362 ], [ -4.981691359379059, 40.873948728800386 ], [ -4.972125916891667, 40.851431510930993 ], [ -4.969481893834853, 40.846968901690033 ], [ -4.966298274235829, 40.843066306157752 ], [ -4.96253130702361, 40.839817059952239 ], [ -4.954204019845228, 40.83426359067461 ], [ -4.950278090408414, 40.83247854697823 ], [ -4.941695588649257, 40.830215158239028 ], [ -4.937844036033123, 40.82838928020972 ], [ -4.921002790440134, 40.817031502180782 ], [ -4.912146115302772, 40.812277219133222 ], [ -4.902569005863114, 40.808852968643762 ], [ -4.893182942766778, 40.807423766991427 ], [ -4.805709968167921, 40.809663821826106 ], [ -4.78416548244353, 40.807960446795569 ], [ -4.7801724680312, 40.807277930088127 ], [ -4.776084659631724, 40.806047066624281 ], [ -4.772301650360141, 40.80419202121432 ], [ -4.769224491700527, 40.801625291716249 ], [ -4.766369005133932, 40.797681861851039 ], [ -4.755369985887103, 40.775532152977959 ], [ -4.752157198907422, 40.766653602305105 ], [ -4.749959436774706, 40.757500878254049 ], [ -4.748302729553227, 40.738845421584017 ], [ -4.747411666074068, 40.734201974582966 ], [ -4.745610580318324, 40.730223543860966 ], [ -4.741745902380895, 40.724191729540507 ], [ -4.740135862968472, 40.722640024889408 ], [ -4.735913884617961, 40.720049961486808 ], [ -4.733933419471157, 40.718404921217598 ], [ -4.733328196322464, 40.716765714424511 ], [ -4.736790364406787, 40.704702085783609 ], [ -4.737329960948994, 40.70067698725255 ], [ -4.73745538068583, 40.69466267336049 ], [ -4.737204541212158, 40.692655957571091 ], [ -4.73444676537077, 40.685708287497917 ], [ -4.74361990658829, 40.653419997107477 ] ] } },
{ "type": "Feature", "properties": { "scalerank": 9, "featurecla": "Road", "type": "Major Highway", "sov_a3": null, "note": null, "edited": "New in version 2.0.0", "name": null, "namealt": null, "namealtt": null, "routeraw": "A231", "question": 0, "length_km": 73, "toll": 0, "ne_part": "ne_europe_basic", "label": "A231", "label2": null, "local": "A231", "localtype": null, "localalt": null, "labelrank": 6, "ignore": 0, "add": 0, "rwdb_rd_id": 0, "orig_fid": 0, "prefix": null, "uident": 0, "continent": "Europe", "expressway": 1, "level": null, "min_zoom": 7.6, "min_label": 10.1 }, "geometry": { "type": "LineString", "coordinates": [ [ -4.374108569592018, 42.407091258851906 ], [ -4.218744141400286, 42.410387172866464 ], [ -4.139973254821292, 42.403684508790832 ], [ -4.017236917004691, 42.401975300284164 ], [ -4.008743375756545, 42.400767770724855 ], [ -3.991907963639687, 42.396427664482665 ], [ -3.956027710320985, 42.383629017849131 ], [ -3.847150253424903, 42.366630268400577 ], [ -3.797807795562655, 42.351614900836893 ], [ -3.780139654727957, 42.344743065953438 ], [ -3.776238517564703, 42.34275385059243 ], [ -3.773038855906318, 42.34039129275898 ], [ -3.730786988282475, 42.299883634498599 ] ] } },
{ "type": "Feature", "properties": { "scalerank": 8, "featurecla": "Road", "type": "Secondary Highway", "sov_a3": null, "note": null, "edited": "New in version 2.0.0", "name": null, "namealt": null, "namealtt": null, "routeraw": "_untitled_23", "question": 0, "length_km": 111, "toll": 0, "ne_part": "ne_europe_basic", "label": null, "label2": null, "local": null, "localtype": null, "localalt": null, "labelrank": 6, "ignore": 0, "add": 0, "rwdb_rd_id": 0, "orig_fid": 0, "prefix": null, "uident": 0, "continent": "Europe", "expressway": 0, "level": null, "min_zoom": 7.1, "min_label": 9.6 }, "geometry": { "type": "LineString", "coordinates": [ [ -5.380568415223657, 42.494155890121519 ], [ -5.369158135909526, 42.4991143448337 ], [ -5.345046920687071, 42.505431999484614 ], [ -5.333264757269529, 42.509422097158883 ], [ -5.322296363772399, 42.51484139648548 ], [ -5.270597181552834, 42.550740608601615 ], [ -5.231660186740982, 42.584790608783905 ], [ -5.196389531678069, 42.622171523837558 ], [ -5.165132308193954, 42.662609180384358 ], [ -5.13897062611111, 42.705403561288477 ], [ -5.128404742467083, 42.727984947395321 ], [ -5.120901433792341, 42.751587191825266 ], [ -5.117846150668221, 42.776023623342077 ], [ -5.118448457078848, 42.787853912937706 ], [ -5.120675386592225, 42.799515031725512 ], [ -5.124627566671634, 42.810686138518228 ], [ -5.130409999887448, 42.821023058224071 ], [ -5.135886175606334, 42.828011562630174 ], [ -5.160929288640869, 42.852768835334246 ], [ -5.16632962917004, 42.85940733117242 ], [ -5.170728070173542, 42.866687509385116 ], [ -5.173714809953111, 42.874731872971104 ], [ -5.175055051094429, 42.884012933497061 ], [ -5.17455191377805, 42.893626502162547 ], [ -5.172176230623304, 42.902936730069172 ], [ -5.167895917511473, 42.911278600937884 ], [ -5.156094795296504, 42.922093865686548 ], [ -5.141021092971496, 42.927939008770778 ], [ -5.053930211059285, 42.939582627130193 ], [ -5.036095816154827, 42.944004402038217 ], [ -5.019973546495098, 42.949703708219154 ], [ -5.004609628732528, 42.957876408280043 ], [ -4.991856191539014, 42.969152517643138 ], [ -4.983552238265158, 42.984144551302293 ], [ -4.982057410006341, 42.993740619539381 ], [ -4.983385984195397, 43.002945844875626 ], [ -4.986881694767479, 43.01171355950197 ], [ -5.01024914178311, 43.0463527407736 ], [ -5.015125927829434, 43.055977976391347 ], [ -5.027624150442175, 43.091235506132961 ], [ -5.032923863508067, 43.102523282448317 ], [ -5.035598512314575, 43.106840054785977 ], [ -5.066390516077167, 43.143637622226422 ], [ -5.07823684773216, 43.160403032629702 ], [ -5.087262693677349, 43.176853435321846 ], [ -5.12683262064952, 43.310416704839383 ], [ -5.132416715676843, 43.322748673382364 ], [ -5.146441850667127, 43.347301774421815 ], [ -5.149360047102146, 43.353887768974808 ] ] } },
{ "type": "Feature", "properties": { "scalerank": 8, "featurecla": "Road", "type": "Secondary Highway", "sov_a3": null, "note": null, "edited": "New in version 2.0.0", "name": null, "namealt": null, "namealtt": null, "routeraw": "_untitled_192", "question": 0, "length_km": 13, "toll": 0, "ne_part": "ne_europe_basic", "label": null, "label2": null, "local": null, "localtype": null, "localalt": null, "labelrank": 7, "ignore": 0, "add": 0, "rwdb_rd_id": 0, "orig_fid": 0, "prefix": null, "uident": 0, "continent": "Europe", "expressway": 0, "level": null, "min_zoom": 7.1, "min_label": 9.6 }, "geometry": { "type": "LineString", "coordinates": [ [ -3.71667289278118, 40.419182596504442 ], [ -3.734675000124433, 40.431322060335063 ], [ -3.760877516540198, 40.443111515597778 ], [ -3.816174495164155, 40.458809399868898 ], [ -3.832864070377717, 40.461043621227446 ] ] } },
{ "type": "Feature", "properties": { "scalerank": 9, "featurecla": "Road", "type": "Secondary Highway", "sov_a3": null, "note": null, "edited": "New in version 2.0.0", "name": null, "namealt": null, "namealtt": null, "routeraw": "_untitled_193", "question": 0, "length_km": 20, "toll": 0, "ne_part": "ne_europe_basic", "label": null, "label2": null, "local": null, "localtype": null, "localalt": null, "labelrank": 8, "ignore": 0, "add": 0, "rwdb_rd_id": 0, "orig_fid": 0, "prefix": null, "uident": 0, "continent": "Europe", "expressway": 0, "level": null, "min_zoom": 7.6, "min_label": 10.1 }, "geometry": { "type": "LineString", "coordinates": [ [ -3.877113903576756, 40.33380383983696 ], [ -3.866249054280967, 40.340395667866083 ], [ -3.846997124676442, 40.348498366213391 ], [ -3.825610142807612, 40.359336964866586 ], [ -3.817904120837284, 40.364499591243373 ], [ -3.799518462438353, 40.380471648892701 ], [ -3.795169605981972, 40.383295051340575 ], [ -3.787597753962679, 40.387261815110314 ], [ -3.709572093959544, 40.414585817312449 ] ] } },
{ "type": "Feature", "properties": { "scalerank": 9, "featurecla": "Road", "type": "Secondary Highway", "sov_a3": null, "note": null, "edited": "New in version 2.0.0", "name": null, "namealt": null, "namealtt": null, "routeraw": "_untitled_194", "question": 0, "length_km": 11, "toll": 0, "ne_part": "ne_europe_basic", "label": null, "label2": null, "local": null, "localtype": null, "localalt": null, "labelrank": 7, "ignore": 0, "add": 0, "rwdb_rd_id": 0, "orig_fid": 0, "prefix": null, "uident": 0, "continent": "Europe", "expressway": 0, "level": null, "min_zoom": 7.6, "min_label": 10.1 }, "geometry": { "type": "LineString", "coordinates": [ [ -3.530659380992091, 40.393141959051334 ], [ -3.568865732918411, 40.39446032465716 ], [ -3.581433957244737, 40.396484540874951 ], [ -3.6317228966094, 40.409510693077635 ] ] } },
{ "type": "Feature", "properties": { "scalerank": 9, "featurecla": "Road", "type": "Secondary Highway", "sov_a3": null, "note": null, "edited": "New in version 2.0.0", "name": null, "namealt": null, "namealtt": null, "routeraw": "_untitled_195", "question": 0, "length_km": 10, "toll": 0, "ne_part": "ne_europe_basic", "label": null, "label2": null, "local": null, "localtype": null, "localalt": null, "labelrank": 8, "ignore": 0, "add": 0, "rwdb_rd_id": 0, "orig_fid": 0, "prefix": null, "uident": 0, "continent": "Europe", "expressway": 0, "level": null, "min_zoom": 7.6, "min_label": 10.1 }, "geometry": { "type": "LineString", "coordinates": [ [ -3.704056542276767, 40.289807762849662 ], [ -3.701750860835606, 40.354530180533843 ], [ -3.703703616970781, 40.383820064192449 ], [ -3.707966429654217, 40.412870775329651 ] ] } },
{ "type": "Feature", "properties": { "scalerank": 9, "featurecla": "Road", "type": "Secondary Highway", "sov_a3": null, "note": null, "edited": "New in version 2.0.0", "name": null, "namealt": null, "namealtt": null, "routeraw": "_untitled_196", "question": 0, "length_km": 8, "toll": 0, "ne_part": "ne_europe_basic", "label": null, "label2": null, "local": null, "localtype": null, "localalt": null, "labelrank": 7, "ignore": 0, "add": 0, "rwdb_rd_id": 0, "orig_fid": 0, "prefix": null, "uident": 0, "continent": "Europe", "expressway": 1, "level": null, "min_zoom": 7.6, "min_label": 10.1 }, "geometry": { "type": "LineString", "coordinates": [ [ -3.610909053770538, 40.434746310824529 ], [ -3.574715251109744, 40.44131480494913 ], [ -3.560520945311634, 40.442621503602687 ], [ -3.556072919761007, 40.443694863210965 ], [ -3.536434522362736, 40.450380026858205 ] ] } },
{ "type": "Feature", "properties": { "scalerank": 9, "featurecla": "Road", "type": "Secondary Highway", "sov_a3": null, "note": null, "edited": "New in version 2.0.0", "name": null, "namealt": null, "namealtt": null, "routeraw": "_untitled_197", "question": 0, "length_km": 14, "toll": 0, "ne_part": "ne_europe_basic", "label": null, "label2": null, "local": null, "localtype": null, "localalt": null, "labelrank": 8, "ignore": 0, "add": 0, "rwdb_rd_id": 0, "orig_fid": 0, "prefix": null, "uident": 0, "continent": "Europe", "expressway": 0, "level": null, "min_zoom": 7.6, "min_label": 10.1 }, "geometry": { "type": "LineString", "coordinates": [ [ -3.705003023779177, 40.413547458560956 ], [ -3.699044127910373, 40.449259999440869 ], [ -3.6935242011205, 40.466573756600546 ], [ -3.685329625524115, 40.482627482915724 ], [ -3.67626877872214, 40.496458654824622 ], [ -3.671241780665415, 40.503021315473077 ], [ -3.635271108466668, 40.537158817797362 ] ] } },
{ "type": "Feature", "properties": { "scalerank": 9, "featurecla": "Road", "type": "Secondary Highway", "sov_a3": null, "note": null, "edited": "New in version 2.0.0", "name": null, "namealt": null, "namealtt": null, "routeraw": "_untitled_198", "question": 0, "length_km": 8, "toll": 0, "ne_part": "ne_europe_basic", "label": null, "label2": null, "local": null, "localtype": null, "localalt": null, "labelrank": 7, "ignore": 0, "add": 0, "rwdb_rd_id": 0, "orig_fid": 0, "prefix": null, "uident": 0, "continent": "Europe", "expressway": 0, "level": null, "min_zoom": 7.6, "min_label": 10.1 }, "geometry": { "type": "LineString", "coordinates": [ [ -3.761167731977764, 40.280439200181718 ], [ -3.759629152647957, 40.291219464073592 ], [ -3.75940018870978, 40.309559913032501 ], [ -3.758640378443591, 40.314448366031087 ], [ -3.757857234272873, 40.317376771049339 ], [ -3.756525743345751, 40.319966834451932 ], [ -3.754451942580836, 40.321349368295209 ], [ -3.748841596910918, 40.322008551098122 ], [ -3.745854857131349, 40.322591898711316 ], [ -3.743804390270963, 40.323653591367332 ], [ -3.74229643669085, 40.325456135492118 ], [ -3.741554126853057, 40.327019507095486 ], [ -3.741259536308391, 40.328787050363466 ], [ -3.739188652281541, 40.356041050852021 ] ] } },
{ "type": "Feature", "properties": { "scalerank": 9, "featurecla": "Road", "type": "Secondary Highway", "sov_a3": null, "note": null, "edited": "New in version 2.0.0", "name": "801", "namealt": null, "namealtt": null, "routeraw": "E801 IP3", "question": 0, "length_km": 76, "toll": 0, "ne_part": "ne_europe_basic", "label": "E801", "label2": "IP3", "local": "IP3", "localtype": null, "localalt": null, "labelrank": 7, "ignore": 0, "add": 0, "rwdb_rd_id": 0, "orig_fid": 0, "prefix": "E", "uident": 0, "continent": "Europe", "expressway": 0, "level": "E", "min_zoom": 7.6, "min_label": 10.1 }, "geometry": { "type": "LineString", "coordinates": [ [ -7.934821566212248, 40.627134353656828 ], [ -7.944368049902213, 40.617287445946069 ], [ -7.947927928711747, 40.614440709593666 ], [ -7.956823979812997, 40.608525564795855 ], [ -7.966147333040915, 40.60339210579972 ], [ -8.022244956263984, 40.578984841663569 ], [ -8.046359088224506, 40.5643019822394 ], [ -8.062746781048236, 40.550634147662208 ], [ -8.069898622786029, 40.543394803782434 ], [ -8.084135221286097, 40.52452350849552 ], [ -8.09447068262291, 40.503943004701938 ], [ -8.102089202451261, 40.482055802254791 ], [ -8.11353885772928, 40.438526403358047 ], [ -8.120754867704525, 40.417467554521643 ], [ -8.131173456076219, 40.398252084142939 ], [ -8.146164031366343, 40.383044211866903 ], [ -8.161560033247639, 40.374574004523282 ], [ -8.194595008582972, 40.362387872883602 ], [ -8.210365811305747, 40.354676017437143 ], [ -8.217699949172664, 40.349355887204787 ], [ -8.224045312835212, 40.342904062602827 ], [ -8.229006684285451, 40.335402212297119 ], [ -8.232187387146407, 40.326908671048969 ], [ -8.235365173269296, 40.304671460033916 ], [ -8.238171075288772, 40.294171202996367 ], [ -8.24435601835769, 40.284446798284378 ], [ -8.258725328439761, 40.273684034820903 ], [ -8.275379902796528, 40.26881891572684 ], [ -8.29288908140663, 40.269518932862674 ], [ -8.3098178291416, 40.275457411565014 ], [ -8.323261074887721, 40.284050121907406 ], [ -8.34828522912483, 40.303942275517414 ], [ -8.361804310060664, 40.312424149813296 ], [ -8.377525528236319, 40.318082621661304 ], [ -8.394486360090015, 40.320270175210794 ], [ -8.411639696656065, 40.319301818172889 ], [ -8.427928220385553, 40.315486724782581 ], [ -8.442746708129784, 40.308714058993367 ], [ -8.455484103263936, 40.299001321233639 ], [ -8.465673727697451, 40.286663519214528 ], [ -8.472843069863639, 40.272027327599417 ] ] } },
{ "type": "Feature", "properties": { "scalerank": 9, "featurecla": "Road", "type": "Secondary Highway", "sov_a3": null, "note": null, "edited": "New in version 2.0.0", "name": null, "namealt": null, "namealtt": null, "routeraw": "N110", "question": 0, "length_km": 61, "toll": 0, "ne_part": "ne_europe_basic", "label": "N110", "label2": null, "local": "N110", "localtype": null, "localalt": null, "labelrank": 7, "ignore": 0, "add": 0, "rwdb_rd_id": 0, "orig_fid": 0, "prefix": null, "uident": 0, "continent": "Europe", "expressway": 0, "level": null, "min_zoom": 7.6, "min_label": 10.1 }, "geometry": { "type": "LineString", "coordinates": [ [ -3.588683509707739, 41.183297968078641 ], [ -3.608558162889356, 41.185695526768882 ], [ -3.628585944819434, 41.185771361958594 ], [ -3.636939482640411, 41.183898816120234 ], [ -3.645058223047076, 41.179646212020032 ], [ -3.652430278508852, 41.174016907552684 ], [ -3.658539386388053, 41.168014260612885 ], [ -3.691756657852512, 41.128043282156639 ], [ -3.69837036141713, 41.123014825730884 ], [ -3.705837210866051, 41.119444738338117 ], [ -3.71391365857076, 41.117858032830227 ], [ -3.734106236201566, 41.116866341887793 ], [ -3.74399835335235, 41.115291303332157 ], [ -3.753572546053942, 41.1119778888892 ], [ -3.761720453841267, 41.107392776649476 ], [ -3.807011562529866, 41.070321035830816 ], [ -3.815646565574212, 41.06554341887874 ], [ -3.833160119291414, 41.059202430323289 ], [ -3.842247216735984, 41.057289050152008 ], [ -3.851592445499399, 41.056723202967206 ], [ -3.87175439738051, 41.057125712820309 ], [ -3.891528423098848, 41.056029019307502 ], [ -3.910487220527745, 41.051496408352961 ], [ -3.928203487540532, 41.041602832833142 ], [ -3.935237201386652, 41.035116007374398 ], [ -3.947983346735001, 41.020998995135031 ], [ -3.955192064865081, 41.014722174817038 ], [ -3.963526643888628, 41.009361210251754 ], [ -3.981167075711699, 41.0007743333855 ], [ -4.003178239526648, 40.992269125185089 ], [ -4.030519742157182, 40.986044806152279 ], [ -4.067288142216974, 40.981063017535575 ], [ -4.074763741880091, 40.978962966128073 ], [ -4.081402237718269, 40.975777888160017 ], [ -4.08684195421133, 40.971478616250756 ], [ -4.091263729119362, 40.966129318637741 ], [ -4.09486590063085, 40.959794163558428 ] ] } },
{ "type": "Feature", "properties": { "scalerank": 8, "featurecla": "Road", "type": "Secondary Highway", "sov_a3": null, "note": null, "edited": "New in version 2.0.0", "name": null, "namealt": null, "namealtt": null, "routeraw": "N122", "question": 0, "length_km": 85, "toll": 0, "ne_part": "ne_europe_basic", "label": "N122", "label2": null, "local": "N122", "localtype": null, "localalt": null, "labelrank": 7, "ignore": 0, "add": 0, "rwdb_rd_id": 0, "orig_fid": 0, "prefix": null, "uident": 0, "continent": "Europe", "expressway": 0, "level": null, "min_zoom": 7.1, "min_label": 9.6 }, "geometry": { "type": "LineString", "coordinates": [ [ -4.492681263819428, 41.600263175039437 ], [ -4.331846493384944, 41.627272169530443 ], [ -4.311531412755368, 41.628788873324758 ], [ -4.17200049715483, 41.613977677425694 ], [ -4.167905396910186, 41.61298598648326 ], [ -4.16393863314045, 41.611667620877434 ], [ -4.16071709594657, 41.610063414941138 ], [ -4.148151788358312, 41.601418203313564 ], [ -4.143747513878676, 41.59910231328918 ], [ -4.134950631871668, 41.595707230180366 ], [ -4.125574777358562, 41.593193001967492 ], [ -4.115977250752444, 41.592014639788829 ], [ -4.106524102680588, 41.592632988258821 ], [ -4.079421772571468, 41.599434821428702 ], [ -4.070255923199113, 41.600619017083488 ], [ -3.968665936360892, 41.605985815124896 ], [ -3.949682346658438, 41.609386731709833 ], [ -3.875586991199214, 41.630066404597656 ], [ -3.803078341247886, 41.642462541378094 ], [ -3.786923987469436, 41.64714682271206 ], [ -3.771084641402108, 41.65331280698355 ], [ -3.755987605172578, 41.661024662430009 ], [ -3.74205872253847, 41.670358224241163 ] ] } },
{ "type": "Feature", "properties": { "scalerank": 8, "featurecla": "Road", "type": "Secondary Highway", "sov_a3": null, "note": null, "edited": "New in version 2.0.0", "name": null, "namealt": null, "namealtt": null, "routeraw": "N122", "question": 0, "length_km": 138, "toll": 0, "ne_part": "ne_europe_basic", "label": "N122", "label2": null, "local": "N122", "localtype": null, "localalt": null, "labelrank": 6, "ignore": 0, "add": 0, "rwdb_rd_id": 0, "orig_fid": 0, "prefix": null, "uident": 0, "continent": "Europe", "expressway": 0, "level": null, "min_zoom": 7.1, "min_label": 9.6 }, "geometry": { "type": "LineString", "coordinates": [ [ -3.721886562074125, 41.678630093396293 ], [ -3.685420044404161, 41.664174739541281 ], [ -3.666687294175382, 41.659064614449676 ], [ -3.628590319926531, 41.652881129749787 ], [ -3.592699858024599, 41.640969171488308 ], [ -3.574136278603646, 41.63718907895479 ], [ -3.519524733425197, 41.634418177792107 ], [ -3.305716166236312, 41.600899023937821 ], [ -3.216854824318045, 41.578912652396433 ], [ -3.194142184998228, 41.576421758088088 ], [ -3.171487880439731, 41.576515093706192 ], [ -3.149046497760054, 41.579414331343784 ], [ -3.126971165707651, 41.585341143093864 ], [ -3.100329680212955, 41.596273077365169 ], [ -3.097385233135345, 41.596675587218272 ], [ -3.086413922900146, 41.59682725759771 ], [ -3.052530176787613, 41.593916353007856 ], [ -3.033952013676327, 41.5945813692869 ], [ -3.015697608490367, 41.597708112493635 ], [ -2.997912798133029, 41.603979099335504 ], [ -2.960978144003477, 41.623748749946742 ], [ -2.878367371760614, 41.678338419589693 ], [ -2.860941320185393, 41.685980273322571 ], [ -2.856195787352036, 41.687076966835377 ], [ -2.836646350464779, 41.68824366206178 ], [ -2.827406124271743, 41.68972536499929 ], [ -2.818049228556067, 41.692035421547558 ], [ -2.813637662231265, 41.693668794864507 ], [ -2.809402558559459, 41.695733845415219 ], [ -2.805335167326444, 41.69830057491329 ], [ -2.803800963103736, 41.699519771424868 ], [ -2.802310509952019, 41.700925639172674 ], [ -2.799679612216501, 41.703982380665821 ], [ -2.796745373722121, 41.708427489478382 ], [ -2.795041998691584, 41.710609209551734 ], [ -2.793149035686763, 41.71212591334605 ], [ -2.789077269346649, 41.714039293517338 ], [ -2.785090088410449, 41.715474328645797 ], [ -2.780946861987719, 41.71636101701786 ], [ -2.753134306159527, 41.716466019588239 ], [ -2.743336982995888, 41.717959389478018 ], [ -2.733689871842646, 41.721733648535405 ], [ -2.642970567776349, 41.771335696085529 ], [ -2.63619498524907, 41.773225742352281 ], [ -2.628697510050458, 41.772770731213988 ], [ -2.574027630110688, 41.762398810651348 ], [ -2.561027728550599, 41.761908798656265 ], [ -2.554685281626117, 41.76270215141021 ], [ -2.548411378046183, 41.764813869769981 ], [ -2.525164975660292, 41.778219197921246 ] ] } },
{ "type": "Feature", "properties": { "scalerank": 9, "featurecla": "Road", "type": "Secondary Highway", "sov_a3": null, "note": null, "edited": "New in version 2.0.0", "name": null, "namealt": null, "namealtt": null, "routeraw": "N601", "question": 0, "length_km": 146, "toll": 0, "ne_part": "ne_europe_basic", "label": "N601", "label2": null, "local": "N601", "localtype": null, "localalt": null, "labelrank": 6, "ignore": 0, "add": 0, "rwdb_rd_id": 0, "orig_fid": 0, "prefix": null, "uident": 0, "continent": "Europe", "expressway": 0, "level": null, "min_zoom": 7.6, "min_label": 10.1 }, "geometry": { "type": "LineString", "coordinates": [ [ -5.630674329274676, 42.563626757377129 ], [ -5.509362818003307, 42.568824384610707 ], [ -5.499787166932684, 42.568526877327983 ], [ -5.481349007248564, 42.565831811355011 ], [ -5.463642948819011, 42.561666709396789 ], [ -5.447016083473869, 42.55599657059652 ], [ -5.420348347336578, 42.544137113620224 ], [ -5.411272916844268, 42.538916152482116 ], [ -5.403715648515306, 42.532335991405255 ], [ -5.400998707006842, 42.528859239630606 ], [ -5.245917202407508, 42.276783069016005 ], [ -5.238830987276202, 42.260746843129226 ], [ -5.235841330758568, 42.252241634928822 ], [ -5.233808364326578, 42.243456419874079 ], [ -5.233098138607509, 42.234531201392166 ], [ -5.23730407489866, 42.204687137501018 ], [ -5.238149928937794, 42.183534953046504 ], [ -5.237843671440867, 42.17874566914216 ], [ -5.234463172022391, 42.159961875997219 ], [ -5.232209991866419, 42.151269996560586 ], [ -5.230656828846282, 42.146988225079724 ], [ -5.227337580927191, 42.139958886340708 ], [ -5.223316857503232, 42.133442893501297 ], [ -5.218676327240253, 42.127364411371786 ], [ -5.128204945909562, 42.032226249135519 ], [ -5.116330905242943, 42.016429195770151 ], [ -5.090374853193751, 41.960118650668264 ], [ -5.088435222379875, 41.957085243079646 ], [ -4.999967640100515, 41.852934360219493 ], [ -4.997605082267068, 41.849515943206157 ], [ -4.996014001652075, 41.845829186290757 ], [ -4.994947933888959, 41.841944091186861 ], [ -4.992422038723817, 41.828842103794464 ], [ -4.990798873990094, 41.824583666218125 ], [ -4.98806151531517, 41.820803573684614 ], [ -4.973256152892233, 41.807077404346089 ], [ -4.819086128938523, 41.686721124791333 ], [ -4.795256378939435, 41.665073094865598 ], [ -4.79136836709748, 41.662343028035835 ], [ -4.787567857397502, 41.660143807534084 ], [ -4.78318983356046, 41.658020422222052 ], [ -4.779015981388035, 41.656433716714155 ], [ -4.774707959264578, 41.655681198293131 ], [ -4.748781074596046, 41.659175450496178 ], [ -4.730097908914388, 41.660044638439842 ], [ -4.72043329733275, 41.659461290826641 ], [ -4.711544538076662, 41.657757915796111 ], [ -4.702034513612524, 41.654742008635878 ], [ -4.693258048771977, 41.650512738440206 ], [ -4.686542259375049, 41.644165916408625 ], [ -4.683215719610796, 41.634797353740687 ], [ -4.683917195115665, 41.630258909310015 ], [ -4.686281211318143, 41.625638796213494 ], [ -4.697154810828131, 41.609625904231244 ], [ -4.703074330733045, 41.602234889972038 ], [ -4.710070126984309, 41.595514725468014 ], [ -4.713419363048536, 41.593348955813383 ] ] } },
{ "type": "Feature", "properties": { "scalerank": 9, "featurecla": "Road", "type": "Secondary Highway", "sov_a3": null, "note": null, "edited": "New in version 2.0.0", "name": null, "namealt": null, "namealtt": null, "routeraw": "_untitled_213", "question": 0, "length_km": 18, "toll": 0, "ne_part": "ne_europe_basic", "label": null, "label2": null, "local": null, "localtype": null, "localalt": null, "labelrank": 8, "ignore": 0, "add": 0, "rwdb_rd_id": 0, "orig_fid": 0, "prefix": null, "uident": 0, "continent": "Europe", "expressway": 1, "level": null, "min_zoom": 7.6, "min_label": 10.1 }, "geometry": { "type": "LineString", "coordinates": [ [ -3.48448595903853, 39.293065030084847 ], [ -3.462447086211956, 39.324472465579362 ], [ -3.449801568326883, 39.338793649483343 ], [ -3.42789394871328, 39.357659111294126 ], [ -3.411752720256125, 39.368818551134581 ], [ -3.38526873861699, 39.38059633944502 ], [ -3.375981844614898, 39.383612246605253 ], [ -3.366587031304363, 39.385397290301633 ], [ -3.34594235927333, 39.387555676470463 ] ] } },
{ "type": "Feature", "properties": { "scalerank": 9, "featurecla": "Road", "type": "Secondary Highway", "sov_a3": null, "note": null, "edited": "New in version 2.0.0", "name": null, "namealt": null, "namealtt": null, "routeraw": "N420", "question": 0, "length_km": 42, "toll": 0, "ne_part": "ne_europe_basic", "label": "N420", "label2": null, "local": "N420", "localtype": null, "localalt": null, "labelrank": 7, "ignore": 0, "add": 0, "rwdb_rd_id": 0, "orig_fid": 0, "prefix": null, "uident": 0, "continent": "Europe", "expressway": 0, "level": null, "min_zoom": 7.6, "min_label": 10.1 }, "geometry": { "type": "LineString", "coordinates": [ [ -3.204234098706532, 39.393925832406566 ], [ -3.073902574966109, 39.389101547645431 ], [ -3.030559847305589, 39.392403295136127 ], [ -3.009982260250073, 39.395920881243704 ], [ -2.989743014810209, 39.401136008905681 ], [ -2.970164410542292, 39.408334518452534 ], [ -2.951561455157446, 39.417813917166981 ], [ -2.939753041097312, 39.425759111658721 ], [ -2.901753777573674, 39.458654083566884 ], [ -2.844413623934496, 39.491333216858166 ] ] } },
{ "type": "Feature", "properties": { "scalerank": 9, "featurecla": "Road", "type": "Major Highway", "sov_a3": null, "note": null, "edited": "New in version 2.0.0", "name": null, "namealt": null, "namealtt": null, "routeraw": "_untitled_61", "question": 0, "length_km": 12, "toll": 0, "ne_part": "ne_europe_basic", "label": null, "label2": null, "local": null, "localtype": null, "localalt": null, "labelrank": 7, "ignore": 0, "add": 0, "rwdb_rd_id": 0, "orig_fid": 0, "prefix": null, "uident": 0, "continent": "Europe", "expressway": 0, "level": null, "min_zoom": 7.6, "min_label": 10.1 }, "geometry": { "type": "LineString", "coordinates": [ [ -8.22042272415726, 43.535460547058435 ], [ -8.249867194933367, 43.537887273129336 ], [ -8.256940284743379, 43.537548931513683 ], [ -8.263777118770046, 43.536358902382759 ], [ -8.277147446064514, 43.532228801281327 ], [ -8.288693353698713, 43.524936956116363 ], [ -8.297428984206334, 43.514005021845065 ], [ -8.304087897210975, 43.501334711686425 ], [ -8.309390527014934, 43.488839405811753 ] ] } },
{ "type": "Feature", "properties": { "scalerank": 9, "featurecla": "Road", "type": "Secondary Highway", "sov_a3": null, "note": null, "edited": "New in version 2.0.0", "name": null, "namealt": null, "namealtt": null, "routeraw": "_untitled_109", "question": 0, "length_km": 18, "toll": 0, "ne_part": "ne_europe_basic", "label": null, "label2": null, "local": null, "localtype": null, "localalt": null, "labelrank": 8, "ignore": 0, "add": 0, "rwdb_rd_id": 0, "orig_fid": 0, "prefix": null, "uident": 0, "continent": "Europe", "expressway": 0, "level": null, "min_zoom": 7.6, "min_label": 10.1 }, "geometry": { "type": "LineString", "coordinates": [ [ -5.565689405164555, 42.664452558842058 ], [ -5.546013090171428, 42.663589204374532 ], [ -5.53648410690986, 42.662084167532484 ], [ -5.526841370863718, 42.659406601987911 ], [ -5.519069722286901, 42.654698986749409 ], [ -5.512916863336709, 42.647529644583223 ], [ -5.493812229004515, 42.614512169676289 ], [ -5.487970002658347, 42.606957818085384 ], [ -5.481028166061307, 42.599875978061178 ], [ -5.45127597941924, 42.574208683080514 ], [ -5.446473570193596, 42.568340206091762 ], [ -5.442788271647224, 42.562180055296402 ], [ -5.439928409973529, 42.555582393791141 ], [ -5.437603769734938, 42.548389717720426 ] ] } },
{ "type": "Feature", "properties": { "scalerank": 9, "featurecla": "Road", "type": "Secondary Highway", "sov_a3": null, "note": null, "edited": "New in version 2.0.0", "name": null, "namealt": null, "namealtt": null, "routeraw": "_untitled_110", "question": 0, "length_km": 55, "toll": 0, "ne_part": "ne_europe_basic", "label": null, "label2": null, "local": null, "localtype": null, "localalt": null, "labelrank": 7, "ignore": 0, "add": 0, "rwdb_rd_id": 0, "orig_fid": 0, "prefix": null, "uident": 0, "continent": "Europe", "expressway": 0, "level": null, "min_zoom": 7.6, "min_label": 10.1 }, "geometry": { "type": "LineString", "coordinates": [ [ -5.814644666048547, 43.00788096568327 ], [ -5.730396145381633, 43.014058616907022 ], [ -5.726588343836493, 43.013801943957219 ], [ -5.722706165470669, 43.012781085634117 ], [ -5.707385998779088, 43.007350119355259 ], [ -5.703553404960385, 43.005524241325958 ], [ -5.700038735590873, 43.003482524679768 ], [ -5.684181889095154, 42.991786405035171 ], [ -5.677056297999954, 42.985165409625388 ], [ -5.670375509459816, 42.977739394509392 ], [ -5.658572928875813, 42.962607357423067 ], [ -5.6478130821504, 42.945637775355173 ], [ -5.640500819818978, 42.927355661157584 ], [ -5.639039534047921, 42.90825686030152 ], [ -5.639829970063801, 42.904004256201318 ], [ -5.642630038607145, 42.895703219665528 ], [ -5.650999618487486, 42.877181932946527 ], [ -5.652309233879112, 42.872270146043412 ], [ -5.65289695659941, 42.866903348002005 ], [ -5.652828413254859, 42.862026561955673 ], [ -5.651979642477656, 42.857237278051329 ], [ -5.650207724102572, 42.852132986435862 ], [ -5.648483931905574, 42.848819571992905 ], [ -5.646337212689012, 42.845739496595229 ], [ -5.619937816453792, 42.814769571810608 ], [ -5.613621620171902, 42.805669349044734 ], [ -5.60941860061882, 42.796493291089149 ], [ -5.606911664251108, 42.786337209143397 ], [ -5.603952633483164, 42.765832540539527 ], [ -5.599208559018845, 42.74609205730895 ], [ -5.570764529399369, 42.674993650212528 ], [ -5.566746722713475, 42.660182454313457 ], [ -5.561690557276091, 42.629965047949867 ], [ -5.560946789069266, 42.61461133877053 ], [ -5.561482010504374, 42.606864482467273 ], [ -5.562832460228925, 42.599426800399016 ], [ -5.565336479858573, 42.591049928673513 ], [ -5.568477806755638, 42.582877228612624 ], [ -5.570411604093383, 42.579336308600517 ], [ -5.578202211467627, 42.569296896177406 ] ] } },
{ "type": "Feature", "properties": { "scalerank": 8, "featurecla": "Road", "type": "Secondary Highway", "sov_a3": null, "note": null, "edited": "New in version 2.0.0", "name": null, "namealt": null, "namealtt": null, "routeraw": "A6", "question": 0, "length_km": 32, "toll": 0, "ne_part": "ne_europe_basic", "label": "A6", "label2": null, "local": "A6", "localtype": null, "localalt": null, "labelrank": 7, "ignore": 0, "add": 0, "rwdb_rd_id": 0, "orig_fid": 0, "prefix": null, "uident": 0, "continent": "Europe", "expressway": 0, "level": null, "min_zoom": 7.1, "min_label": 9.6 }, "geometry": { "type": "LineString", "coordinates": [ [ -4.029234919039116, 40.61949249992395 ], [ -4.041448759690422, 40.722558356223558 ], [ -4.041463343380752, 40.740700466993978 ], [ -4.039634548613382, 40.758725908241757 ], [ -4.035803413163709, 40.776675514299825 ], [ -4.034501089617248, 40.780373938167493 ], [ -4.032727712873129, 40.784014027273841 ], [ -4.028438649547102, 40.790780859586924 ], [ -4.018897999333266, 40.803632007505648 ], [ -4.016726487843144, 40.808275454506699 ], [ -4.015688129091654, 40.812627227701142 ], [ -4.015488332534133, 40.817078169989834 ], [ -4.016300644085508, 40.821435776660408 ], [ -4.018310276612972, 40.825513376476664 ], [ -4.021674733972084, 40.829684311911016 ], [ -4.025384824792017, 40.833219398446985 ], [ -4.040621864448717, 40.845603868275155 ], [ -4.045726156064188, 40.852049859400978 ], [ -4.048542266666896, 40.859586710563484 ], [ -4.048536433190762, 40.868727767662278 ], [ -4.044925511465074, 40.891734997526754 ], [ -4.045198226474245, 40.896273441957433 ], [ -4.047099939693265, 40.900269373107825 ], [ -4.049974385057293, 40.903769458787011 ], [ -4.053166754870514, 40.906837867232426 ], [ -4.056779134965232, 40.909287927207849 ], [ -4.061062364815132, 40.911061303951968 ], [ -4.092888352222115, 40.919554845200111 ] ] } },
{ "type": "Feature", "properties": { "scalerank": 8, "featurecla": "Road", "type": "Secondary Highway", "sov_a3": null, "note": null, "edited": "New in version 2.0.0", "name": null, "namealt": null, "namealtt": null, "routeraw": "_untitled_127", "question": 0, "length_km": 68, "toll": 0, "ne_part": "ne_europe_basic", "label": null, "label2": null, "local": null, "localtype": null, "localalt": null, "labelrank": 7, "ignore": 0, "add": 0, "rwdb_rd_id": 0, "orig_fid": 0, "prefix": null, "uident": 0, "continent": "Europe", "expressway": 0, "level": null, "min_zoom": 7.1, "min_label": 9.6 }, "geometry": { "type": "LineString", "coordinates": [ [ -5.573669600513089, 43.378563373013037 ], [ -5.554258708683964, 43.377402511262773 ], [ -5.544825977778572, 43.375763304469686 ], [ -5.511758918324514, 43.366418075706278 ], [ -5.487977294503512, 43.361657959182594 ], [ -5.463885038078487, 43.358799555877923 ], [ -5.286472986845983, 43.36280132050446 ], [ -5.19889500967675, 43.349979339966389 ], [ -5.176625714542961, 43.349506828399697 ], [ -5.154793930119073, 43.352849410223314 ], [ -5.133752581711065, 43.361173780663634 ], [ -5.096914179937688, 43.381258438986002 ], [ -4.993450188892073, 43.420821074113007 ], [ -4.982545963632393, 43.426957891003838 ], [ -4.972465716876354, 43.434156400550684 ] ] } },
{ "type": "Feature", "properties": { "scalerank": 8, "featurecla": "Road", "type": "Secondary Highway", "sov_a3": null, "note": null, "edited": "New in version 2.0.0", "name": null, "namealt": null, "namealtt": null, "routeraw": "_untitled_129", "question": 0, "length_km": 40, "toll": 0, "ne_part": "ne_europe_basic", "label": null, "label2": null, "local": null, "localtype": null, "localalt": null, "labelrank": 7, "ignore": 0, "add": 0, "rwdb_rd_id": 0, "orig_fid": 0, "prefix": null, "uident": 0, "continent": "Europe", "expressway": 0, "level": null, "min_zoom": 7.1, "min_label": 9.6 }, "geometry": { "type": "LineString", "coordinates": [ [ -6.440302481630489, 43.533990511073185 ], [ -6.435892373674722, 43.513894185798549 ], [ -6.434420879320434, 43.509239071845244 ], [ -6.423474361358796, 43.487474372396875 ], [ -6.418076937567694, 43.479844185616258 ], [ -6.405933098629969, 43.465797175090479 ], [ -6.391690666653769, 43.452041838371301 ], [ -6.376191120571132, 43.440182381395005 ], [ -6.359577380547286, 43.42988629602209 ], [ -6.341993825116504, 43.420826907589138 ], [ -6.326228855869861, 43.414135910465774 ], [ -6.30973907721382, 43.40874577851983 ], [ -6.292829288276277, 43.404901517748868 ], [ -6.177723137240289, 43.396378809120066 ], [ -6.117718543377833, 43.38699857949986 ] ] } },
{ "type": "Feature", "properties": { "scalerank": 8, "featurecla": "Road", "type": "Secondary Highway", "sov_a3": null, "note": null, "edited": "New in version 2.0.0", "name": null, "namealt": null, "namealtt": null, "routeraw": "N610", "question": 0, "length_km": 111, "toll": 0, "ne_part": "ne_europe_basic", "label": "N610", "label2": null, "local": "N610", "localtype": null, "localalt": null, "labelrank": 6, "ignore": 0, "add": 0, "rwdb_rd_id": 0, "orig_fid": 0, "prefix": null, "uident": 0, "continent": "Europe", "expressway": 0, "level": null, "min_zoom": 7.1, "min_label": 9.6 }, "geometry": { "type": "LineString", "coordinates": [ [ -5.623493320156225, 41.992389440630312 ], [ -5.579802042296819, 42.006063108683648 ], [ -5.533624245236162, 42.008104825329838 ], [ -5.440944893189524, 42.002469687386352 ], [ -5.418504968878874, 42.003519713090107 ], [ -5.396334842839334, 42.007048966149952 ], [ -5.157019401263419, 42.090911019023117 ], [ -5.107178181191887, 42.101125435730197 ], [ -5.056438605796028, 42.105208869022569 ], [ -5.030737768327612, 42.104345514555035 ], [ -5.00523818578575, 42.101312106966418 ], [ -4.980111945716331, 42.096044478019252 ], [ -4.955522385451054, 42.088507626856746 ], [ -4.860493600892266, 42.047218282794674 ], [ -4.806380817923099, 42.032062911803827 ], [ -4.750914668491315, 42.023032690751535 ], [ -4.696790218569884, 42.020010950115179 ], [ -4.669789974293071, 42.021323482244874 ], [ -4.642939942026658, 42.025138575635182 ] ] } },
{ "type": "Feature", "properties": { "scalerank": 8, "featurecla": "Road", "type": "Secondary Highway", "sov_a3": null, "note": null, "edited": "New in version 2.0.0", "name": null, "namealt": null, "namealtt": null, "routeraw": "LU862", "question": 0, "length_km": 101, "toll": 0, "ne_part": "ne_europe_basic", "label": "LU862", "label2": null, "local": "LU862", "localtype": null, "localalt": null, "labelrank": 6, "ignore": 0, "add": 0, "rwdb_rd_id": 0, "orig_fid": 0, "prefix": null, "uident": 0, "continent": "Europe", "expressway": 0, "level": null, "min_zoom": 7.1, "min_label": 9.6 }, "geometry": { "type": "LineString", "coordinates": [ [ -7.279875325340726, 43.550114239101944 ], [ -7.332415986492329, 43.613570792465488 ], [ -7.390539284302221, 43.667921289587028 ], [ -7.397570081410276, 43.673515593197592 ], [ -7.405206101667023, 43.678275709721277 ], [ -7.421218993649273, 43.686442576306028 ], [ -7.426633917868774, 43.688565961618067 ], [ -7.529791651417458, 43.709274801886551 ], [ -7.539182089620894, 43.709741479977112 ], [ -7.54853898533657, 43.709140631935512 ], [ -7.557809837279301, 43.70725641914489 ], [ -7.567230901232428, 43.703890503416744 ], [ -7.576207162630492, 43.699462895032582 ], [ -7.590821478710104, 43.690257669696337 ], [ -7.595905353159115, 43.687591771104024 ], [ -7.610591129321346, 43.685007541177569 ], [ -7.623866662628672, 43.68933598046749 ], [ -7.636019251780592, 43.697712852192993 ], [ -7.654152612336816, 43.712745720185069 ], [ -7.661291328753311, 43.717756676182432 ], [ -7.668841305237109, 43.722073448520092 ], [ -7.676894419037293, 43.725445197724369 ], [ -7.687633848596246, 43.728414437075543 ], [ -7.710066481061727, 43.731885355374061 ], [ -7.742853533661453, 43.734090409351943 ], [ -7.76547429573219, 43.732725375937065 ], [ -7.787007114504316, 43.72716023970716 ], [ -7.805439440712302, 43.715714959536243 ], [ -7.815403017945702, 43.704042173796175 ], [ -7.832721150212482, 43.678724887383439 ], [ -7.844113929098214, 43.668376300725328 ], [ -7.854078964700648, 43.663202007396265 ], [ -7.864946730734506, 43.659666920860296 ], [ -7.887331237021897, 43.655758491851877 ], [ -7.89811441765184, 43.655280146809062 ], [ -7.935030112983966, 43.659340246196905 ], [ -7.940013359969699, 43.659095240199363 ], [ -7.944788060183715, 43.657905211068439 ], [ -7.949246294317572, 43.655431817188486 ], [ -7.954826014237799, 43.650298358192359 ], [ -7.959724675819619, 43.64428987777643 ], [ -7.968445722636911, 43.631631234570058 ], [ -7.980375181326785, 43.617030043811745 ], [ -8.022386418060185, 43.57557152894185 ], [ -8.03822576412751, 43.563397064254431 ], [ -8.055540979656223, 43.553147646690562 ], [ -8.066795213483822, 43.547909185124055 ], [ -8.072783276733286, 43.545873301954003 ], [ -8.078689671316905, 43.54483494320251 ], [ -8.092402715334128, 43.544269096017715 ], [ -8.106093883815856, 43.54486411058317 ] ] } },
{ "type": "Feature", "properties": { "scalerank": 9, "featurecla": "Road", "type": "Secondary Highway", "sov_a3": null, "note": null, "edited": "New in version 2.0.0", "name": null, "namealt": null, "namealtt": null, "routeraw": "_untitled_255", "question": 0, "length_km": 14, "toll": 0, "ne_part": "ne_europe_basic", "label": null, "label2": null, "local": null, "localtype": null, "localalt": null, "labelrank": 7, "ignore": 0, "add": 0, "rwdb_rd_id": 0, "orig_fid": 0, "prefix": null, "uident": 0, "continent": "Europe", "expressway": 0, "level": null, "min_zoom": 7.6, "min_label": 10.1 }, "geometry": { "type": "LineString", "coordinates": [ [ -3.592352766194747, 40.34531912172146 ], [ -3.649679794512629, 40.375898203605239 ], [ -3.704314673595608, 40.411855750482687 ] ] } },
{ "type": "Feature", "properties": { "scalerank": 9, "featurecla": "Road", "type": "Secondary Highway", "sov_a3": null, "note": null, "edited": "New in version 2.0.0", "name": null, "namealt": null, "namealtt": null, "routeraw": "R5", "question": 0, "length_km": 18, "toll": 0, "ne_part": "ne_europe_basic", "label": null, "label2": "R5", "local": "R5", "localtype": null, "localalt": null, "labelrank": 8, "ignore": 0, "add": 0, "rwdb_rd_id": 0, "orig_fid": 0, "prefix": null, "uident": 0, "continent": "Europe", "expressway": 0, "level": null, "min_zoom": 7.6, "min_label": 10.1 }, "geometry": { "type": "LineString", "coordinates": [ [ -4.067005218624573, 40.247760066890436 ], [ -4.038806195002639, 40.252152674417808 ], [ -4.029328254657226, 40.25228684436884 ], [ -4.011056349042871, 40.250665138004152 ], [ -4.002037794942847, 40.249025931211072 ], [ -3.965403564834091, 40.237096472521202 ], [ -3.961657014788333, 40.23644895667055 ], [ -3.957903172897414, 40.236373121480838 ], [ -3.954293709540757, 40.237014803855345 ], [ -3.944076376095616, 40.240829897245661 ], [ -3.911986423893662, 40.257770311932887 ] ] } },
{ "type": "Feature", "properties": { "scalerank": 8, "featurecla": "Road", "type": "Secondary Highway", "sov_a3": null, "note": null, "edited": "New in version 2.0.0", "name": null, "namealt": null, "namealtt": null, "routeraw": "IC8", "question": 0, "length_km": 118, "toll": 0, "ne_part": "ne_europe_basic", "label": "IC8", "label2": null, "local": "IC8", "localtype": null, "localalt": null, "labelrank": 6, "ignore": 0, "add": 0, "rwdb_rd_id": 0, "orig_fid": 0, "prefix": null, "uident": 0, "continent": "Europe", "expressway": 0, "level": null, "min_zoom": 7.1, "min_label": 9.6 }, "geometry": { "type": "LineString", "coordinates": [ [ -8.658715119856529, 39.943310947563035 ], [ -8.651293479847634, 39.936462446584102 ], [ -8.643755170316098, 39.930500633977232 ], [ -8.635570803302947, 39.925553846217326 ], [ -8.626221199432436, 39.921738752827018 ], [ -8.621239410815736, 39.920455388077983 ], [ -8.605812783184748, 39.918034495483219 ], [ -8.601074542196557, 39.916943635446543 ], [ -8.587666297307228, 39.911769342117481 ], [ -8.57941484531856, 39.906647550073615 ], [ -8.572106958094237, 39.899542376144879 ], [ -8.553854011277309, 39.877713508459053 ], [ -8.550553722155648, 39.87521094719844 ], [ -8.546604458814306, 39.873641742118942 ], [ -8.542506441831598, 39.87316923055225 ], [ -8.53835884030177, 39.873495905215648 ], [ -8.534289990699722, 39.874510930062605 ], [ -8.473818718746712, 39.901309919412867 ], [ -8.445470941483414, 39.910071800563081 ], [ -8.427855301933903, 39.912860202154164 ], [ -8.405281207672221, 39.91380522528754 ], [ -8.357260032153862, 39.907907580918121 ], [ -8.348151059173794, 39.908065084773682 ], [ -8.339034794348562, 39.909284281285267 ], [ -8.334036963672498, 39.910573479510433 ], [ -8.315240045206265, 39.918051995911611 ], [ -8.292145313199805, 39.924562155274891 ], [ -8.264010457815324, 39.927204719962674 ], [ -8.254481474553755, 39.926598038444951 ], [ -8.227659151298965, 39.918682011333871 ], [ -8.208515141002881, 39.916651961639943 ], [ -8.169818777081472, 39.916161949644859 ], [ -8.151083110114625, 39.912008514638899 ], [ -8.13240723627813, 39.903759979388298 ], [ -8.12369202293697, 39.898719856010274 ], [ -8.115195564950758, 39.892816378164724 ], [ -8.111651728200588, 39.889841305337413 ], [ -8.108530818469985, 39.886492890037673 ], [ -8.106009298411943, 39.882730297932554 ], [ -8.104253422096221, 39.878483527308475 ], [ -8.104193628965868, 39.873962583306202 ], [ -8.105644706153695, 39.868718288263565 ], [ -8.111764022616128, 39.851795374004723 ], [ -8.113925325523024, 39.842945990712529 ], [ -8.113878657713967, 39.834429115559857 ], [ -8.109741264767369, 39.827843121006865 ], [ -8.075858977023866, 39.80254333502252 ], [ -8.043926528677476, 39.782937021742974 ], [ -8.027241328571014, 39.774980160298966 ], [ -7.954731220250654, 39.754948003261795 ], [ -7.945630997484784, 39.750549562258286 ], [ -7.943233438794545, 39.749161194938878 ], [ -7.941691942726672, 39.747661991572969 ], [ -7.937773305135023, 39.740982661401858 ], [ -7.936119514651612, 39.739010946469257 ], [ -7.927859312448744, 39.733399142430301 ], [ -7.917866567834682, 39.730109061891874 ], [ -7.878401643432888, 39.724071414095292 ], [ -7.855150865939898, 39.722327204731826 ], [ -7.850644505627951, 39.721481350692699 ], [ -7.846337941873529, 39.720046315564232 ], [ -7.842880148896302, 39.717835428110213 ], [ -7.841456780720105, 39.716015383557036 ], [ -7.839231309575759, 39.711704444695513 ], [ -7.837915860707998, 39.709773564095833 ], [ -7.836101649630958, 39.707976853447192 ], [ -7.829951707418829, 39.703105900876992 ], [ -7.821975887177398, 39.697768270216244 ], [ -7.812903373423154, 39.693708170828394 ], [ -7.803375848530617, 39.690768098857887 ], [ -7.794039369981402, 39.688784716973018 ], [ -7.790047813938102, 39.688370540167647 ], [ -7.786218136857467, 39.688434708405097 ], [ -7.744909833997969, 39.693148157119722 ], [ -7.735866487624389, 39.69324149273784 ], [ -7.727721496575128, 39.691444782089192 ], [ -7.723282221238698, 39.686497994329287 ], [ -7.717991258387006, 39.664307451123278 ] ] } },
{ "type": "Feature", "properties": { "scalerank": 9, "featurecla": "Road", "type": "Secondary Highway", "sov_a3": null, "note": null, "edited": "New in version 2.0.0", "name": null, "namealt": null, "namealtt": null, "routeraw": "N110", "question": 0, "length_km": 40, "toll": 0, "ne_part": "ne_europe_basic", "label": "N110", "label2": null, "local": "N110", "localtype": null, "localalt": null, "labelrank": 7, "ignore": 0, "add": 0, "rwdb_rd_id": 0, "orig_fid": 0, "prefix": null, "uident": 0, "continent": "Europe", "expressway": 0, "level": null, "min_zoom": 7.6, "min_label": 10.1 }, "geometry": { "type": "LineString", "coordinates": [ [ -4.113964701486914, 40.900164370537453 ], [ -4.132013476639223, 40.906032847526205 ], [ -4.141363080509734, 40.907345379655908 ], [ -4.150772477510596, 40.906534526473564 ], [ -4.155007581182407, 40.905426166008482 ], [ -4.158882467703066, 40.903979463927755 ], [ -4.162480264107458, 40.901984415090624 ], [ -4.16587826395433, 40.899225180880208 ], [ -4.176607484930049, 40.888579086939359 ], [ -4.188531110143792, 40.880079712215085 ], [ -4.193043303931869, 40.877973827331445 ], [ -4.197667792135487, 40.877244642814951 ], [ -4.212852330507001, 40.877477981860224 ], [ -4.217934746586977, 40.876888800770899 ], [ -4.226787046617236, 40.874234569130856 ], [ -4.235582470255213, 40.869678624271785 ], [ -4.24373183641157, 40.863961817662457 ], [ -4.250654714211183, 40.857789999914836 ], [ -4.289572750225606, 40.811623869806439 ], [ -4.29654521257234, 40.80618707005145 ], [ -4.304952710047541, 40.802430311422462 ], [ -4.331315647056936, 40.796707671337003 ], [ -4.368286760412314, 40.784638209219963 ], [ -4.417067746196864, 40.775724657690319 ], [ -4.429061373124188, 40.770742869073615 ], [ -4.432112281141208, 40.768771154141007 ], [ -4.440184353738818, 40.760557619747196 ] ] } },
{ "type": "Feature", "properties": { "scalerank": 9, "featurecla": "Road", "type": "Secondary Highway", "sov_a3": null, "note": null, "edited": "New in version 2.0.0", "name": null, "namealt": null, "namealtt": null, "routeraw": "N601", "question": 0, "length_km": 59, "toll": 0, "ne_part": "ne_europe_basic", "label": "N601", "label2": null, "local": "N601", "localtype": null, "localalt": null, "labelrank": 6, "ignore": 0, "add": 0, "rwdb_rd_id": 0, "orig_fid": 0, "prefix": null, "uident": 0, "continent": "Europe", "expressway": 0, "level": null, "min_zoom": 7.6, "min_label": 10.1 }, "geometry": { "type": "LineString", "coordinates": [ [ -4.720646219211567, 41.595666395847445 ], [ -4.709965124413934, 41.56840656188276 ], [ -4.707551523664332, 41.558886328835385 ], [ -4.704763122073253, 41.53395405184736 ], [ -4.698362340387451, 41.512831034773498 ], [ -4.66876036575578, 41.445489386306065 ], [ -4.666110509222833, 41.437153348913483 ], [ -4.665257363338533, 41.428385634287139 ], [ -4.666114884329932, 41.419612086184657 ], [ -4.66858973657892, 41.411270215315945 ], [ -4.67071458025999, 41.407093446405455 ], [ -4.678336016826403, 41.395140653811055 ], [ -4.680226063093162, 41.391033886614146 ], [ -4.68183901924365, 41.386763782085545 ], [ -4.683110717040421, 41.382382841510434 ], [ -4.683975529876985, 41.37793773269788 ], [ -4.686427048221443, 41.339693463176701 ], [ -4.68297363035132, 41.268093377132928 ], [ -4.643559748865677, 41.044192896235735 ], [ -4.640863224523677, 41.036691045930027 ], [ -4.63712688306115, 41.029772543237513 ], [ -4.626479330751277, 41.013228804927252 ], [ -4.621978803915464, 41.004653595013259 ], [ -4.618382465880106, 40.995407535344086 ], [ -4.601328298408298, 40.93357852182136 ] ] } },
{ "type": "Feature", "properties": { "scalerank": 8, "featurecla": "Road", "type": "Secondary Highway", "sov_a3": null, "note": null, "edited": "New in version 2.0.0", "name": null, "namealt": null, "namealtt": null, "routeraw": null, "question": 0, "length_km": 101, "toll": 0, "ne_part": "ne_europe_basic", "label": "N110", "label2": null, "local": "N110", "localtype": null, "localalt": null, "labelrank": 6, "ignore": 0, "add": 0, "rwdb_rd_id": 0, "orig_fid": 0, "prefix": null, "uident": 0, "continent": "Europe", "expressway": 0, "level": null, "min_zoom": 7.1, "min_label": 9.6 }, "geometry": { "type": "LineString", "coordinates": [ [ -4.747901678069152, 40.656803413264015 ], [ -4.752820756817435, 40.648438208490774 ], [ -4.761588471443783, 40.641904715222971 ], [ -4.771722677854044, 40.636934593558536 ], [ -4.796390990047104, 40.627472695272488 ], [ -4.859561703080182, 40.610643116631756 ], [ -4.92418349330109, 40.599991189214784 ], [ -5.007953668925179, 40.592226832483135 ], [ -5.032810110723496, 40.587688388052463 ], [ -5.057126955979601, 40.581055725690419 ], [ -5.080545445911387, 40.571687163022474 ], [ -5.346076529224362, 40.44123313628328 ], [ -5.35300524050011, 40.436228013762047 ], [ -5.372884268788823, 40.416335860152046 ], [ -5.380507163724271, 40.410222377165738 ], [ -5.388999246603383, 40.405013082979892 ], [ -5.522186256910405, 40.339899822394869 ], [ -5.526269690202785, 40.338470620742534 ], [ -5.530162077151839, 40.337823104891882 ], [ -5.553754112998551, 40.337076419946996 ], [ -5.558088385764602, 40.336498905809933 ], [ -5.562361407031268, 40.335227208013158 ], [ -5.570547232413453, 40.331878792713411 ], [ -5.572889373080436, 40.330653762725696 ], [ -5.589380610105511, 40.319301818172889 ], [ -5.60741042646039, 40.302466406056027 ] ] } },
{ "type": "Feature", "properties": { "scalerank": 8, "featurecla": "Road", "type": "Secondary Highway", "sov_a3": null, "note": null, "edited": "New in version 2.0.0", "name": null, "namealt": null, "namealtt": null, "routeraw": "N110", "question": 0, "length_km": 61, "toll": 0, "ne_part": "ne_europe_basic", "label": "N110", "label2": null, "local": "N110", "localtype": null, "localalt": null, "labelrank": 7, "ignore": 0, "add": 0, "rwdb_rd_id": 0, "orig_fid": 0, "prefix": null, "uident": 0, "continent": "Europe", "expressway": 0, "level": null, "min_zoom": 7.1, "min_label": 9.6 }, "geometry": { "type": "LineString", "coordinates": [ [ -5.60741042646039, 40.302466406056027 ], [ -5.626337139770559, 40.284050121907406 ], [ -5.638174721211357, 40.275725751467093 ], [ -5.646601177483983, 40.271321476987453 ], [ -5.664577034184642, 40.26660219479669 ], [ -5.673346207180021, 40.263393782924112 ], [ -5.676395656828007, 40.260185371051527 ], [ -5.678244868761841, 40.255232749815484 ], [ -5.68010137254084, 40.245520012055763 ], [ -5.681336611111785, 40.241617416523468 ], [ -5.6832601998663, 40.238794014075602 ], [ -5.686146312182593, 40.237049804712143 ], [ -5.690277871653059, 40.236396455385361 ], [ -5.701168971591443, 40.236023112912918 ], [ -5.706477434871534, 40.235463099204246 ], [ -5.71186610844844, 40.234383906119831 ], [ -5.716088086798951, 40.232867202325522 ], [ -5.737250479836696, 40.221561925581767 ], [ -5.811202915130686, 40.189366970809438 ], [ -5.826801630307568, 40.178557539536897 ], [ -5.833965138997623, 40.172578226501635 ], [ -5.846916914379626, 40.159161231398109 ], [ -5.853868959559897, 40.153817767261224 ], [ -5.985206757933089, 40.084481069956652 ], [ -6.012634304336569, 40.062477197986873 ], [ -6.057658531492127, 40.036179887583963 ], [ -6.103339024712536, 40.016089395785464 ] ] } },
{ "type": "Feature", "properties": { "scalerank": 9, "featurecla": "Road", "type": "Major Highway", "sov_a3": null, "note": null, "edited": "New in version 2.0.0", "name": null, "namealt": null, "namealtt": null, "routeraw": "_untitled_264", "question": 0, "length_km": 33, "toll": 0, "ne_part": "ne_europe_basic", "label": null, "label2": null, "local": null, "localtype": null, "localalt": null, "labelrank": 7, "ignore": 0, "add": 0, "rwdb_rd_id": 0, "orig_fid": 0, "prefix": null, "uident": 0, "continent": "Europe", "expressway": 0, "level": null, "min_zoom": 7.6, "min_label": 10.1 }, "geometry": { "type": "LineString", "coordinates": [ [ -5.872126281483926, 43.578161592344443 ], [ -5.860784545514345, 43.540605673006837 ], [ -5.852842267760671, 43.522527730473868 ], [ -5.841812622764152, 43.50661984106199 ], [ -5.838308161977874, 43.502933084146591 ], [ -5.834652030812162, 43.499678004464947 ], [ -5.830632765757237, 43.496924603730662 ], [ -5.826043278410413, 43.494754550609571 ], [ -5.821106699233734, 43.493307848528843 ], [ -5.795731078059674, 43.490064435799468 ], [ -5.746251533508321, 43.487836047917057 ], [ -5.726543134396469, 43.489142746570614 ], [ -5.707123492353148, 43.492409493204519 ], [ -5.688548245979931, 43.49791629467309 ], [ -5.635120896456272, 43.524161103790817 ], [ -5.626860694253402, 43.527072008380671 ], [ -5.618072562460593, 43.528577045222718 ], [ -5.613663912873861, 43.52888038598158 ] ] } },
{ "type": "Feature", "properties": { "scalerank": 9, "featurecla": "Road", "type": "Secondary Highway", "sov_a3": null, "note": null, "edited": "New in version 2.0.0", "name": null, "namealt": null, "namealtt": null, "routeraw": "N232", "question": 0, "length_km": 102, "toll": 0, "ne_part": "ne_europe_basic", "label": "N232", "label2": null, "local": "N232", "localtype": null, "localalt": null, "labelrank": 6, "ignore": 0, "add": 0, "rwdb_rd_id": 0, "orig_fid": 0, "prefix": null, "uident": 0, "continent": "Europe", "expressway": 0, "level": null, "min_zoom": 7.6, "min_label": 10.1 }, "geometry": { "type": "LineString", "coordinates": [ [ -3.847379217363084, 43.003896701485132 ], [ -3.808315344445361, 42.989143840347388 ], [ -3.733032876593285, 42.953361297753901 ], [ -3.692857726472422, 42.942085188390806 ], [ -3.65916502670321, 42.938917610851149 ], [ -3.654364075846598, 42.938019255526825 ], [ -3.603090737384669, 42.918162102773607 ], [ -3.595110542036135, 42.91424784028905 ], [ -3.587411811910972, 42.908805207057924 ], [ -3.574023984188106, 42.896321568135519 ], [ -3.571175789466672, 42.893177324500385 ], [ -3.568267801614887, 42.889333063729424 ], [ -3.566129832612521, 42.885167961771195 ], [ -3.56559898628451, 42.881061194574286 ], [ -3.56680797421286, 42.875863567340701 ], [ -3.568712604169949, 42.870852611343345 ], [ -3.573264173921917, 42.861087372298428 ], [ -3.576358833009927, 42.852908838761408 ], [ -3.577392816654317, 42.848708735946396 ], [ -3.57798345611268, 42.844356962751945 ], [ -3.577553237247947, 42.839182669422897 ], [ -3.575546521458548, 42.835390909937118 ], [ -3.572275399717547, 42.832316668015565 ], [ -3.562002648249152, 42.825514834845691 ], [ -3.431267156286587, 42.768720111224852 ], [ -3.420514601406339, 42.762904135521282 ], [ -3.411456671342425, 42.757076492865444 ], [ -3.40358585367137, 42.751184681972163 ], [ -3.400186395455464, 42.747894601433728 ], [ -3.397148612759743, 42.744301180136432 ], [ -3.394850223163747, 42.740643590601692 ], [ -3.393543524510186, 42.735440129891977 ], [ -3.39538836133692, 42.732190883686471 ], [ -3.399337624678264, 42.730125833135759 ], [ -3.408305135862129, 42.727045757738075 ], [ -3.412391485892574, 42.725167378423578 ], [ -3.416135119200263, 42.722781486685605 ], [ -3.419064982587546, 42.719847248191229 ], [ -3.421989012498695, 42.715227135094707 ], [ -3.423141124034757, 42.711213703515909 ], [ -3.422411939518263, 42.707153604128067 ], [ -3.419694998009799, 42.702399321080506 ], [ -3.41675638440832, 42.698811733259348 ], [ -3.40965996069378, 42.692336574752865 ], [ -3.397855921740742, 42.683557193174252 ], [ -3.389321546159675, 42.678493735891706 ], [ -3.380391952570665, 42.674171130077923 ], [ -3.371056932390484, 42.670525207495437 ], [ -3.36314382201747, 42.668804332036508 ], [ -3.253152171180183, 42.666721781057397 ], [ -3.248586017737885, 42.665794258352413 ], [ -3.24436258101834, 42.663933379466314 ], [ -3.227783841851288, 42.654453980751867 ], [ -3.209952363684895, 42.646543787116919 ], [ -3.192828194499505, 42.640371969369298 ], [ -3.188588715720595, 42.639333610617811 ], [ -3.184658411176681, 42.63908860462027 ], [ -3.136772863978393, 42.642017009638508 ], [ -3.131368148342123, 42.641702001927385 ], [ -3.126096144287857, 42.641013651743819 ], [ -3.120914559113636, 42.639881957374214 ], [ -3.115769433165241, 42.638236917104997 ], [ -3.11047555357548, 42.635821857986357 ], [ -3.105748979539555, 42.63290511992038 ], [ -3.09661229754786, 42.625928282466546 ] ] } },
{ "type": "Feature", "properties": { "scalerank": 9, "featurecla": "Road", "type": "Secondary Highway", "sov_a3": null, "note": null, "edited": "New in version 2.0.0", "name": null, "namealt": null, "namealtt": null, "routeraw": "N232", "question": 0, "length_km": 29, "toll": 0, "ne_part": "ne_europe_basic", "label": "N232", "label2": null, "local": "N232", "localtype": null, "localalt": null, "labelrank": 7, "ignore": 0, "add": 0, "rwdb_rd_id": 0, "orig_fid": 0, "prefix": null, "uident": 0, "continent": "Europe", "expressway": 0, "level": null, "min_zoom": 7.6, "min_label": 10.1 }, "geometry": { "type": "LineString", "coordinates": [ [ -3.09661229754786, 42.625928282466546 ], [ -3.035010789594278, 42.597344249419905 ], [ -3.025928067256807, 42.59229245908962 ], [ -3.022236935234304, 42.589556558783727 ], [ -3.015375308934075, 42.583466409701956 ], [ -2.999547629819013, 42.572691979286205 ], [ -2.977481047980813, 42.560511681122662 ], [ -2.968067275872851, 42.556428247830283 ], [ -2.958418706350574, 42.55375651576184 ], [ -2.943922518162633, 42.553161501196378 ], [ -2.914698261110509, 42.557116598013849 ], [ -2.900152488375447, 42.557256601441019 ], [ -2.892662305022, 42.55554155945822 ], [ -2.885326708786049, 42.552519818821864 ], [ -2.87136136692612, 42.545443812273788 ], [ -2.868887973046167, 42.544586291282386 ], [ -2.844839467692129, 42.538904485529848 ] ] } },
{ "type": "Feature", "properties": { "scalerank": 9, "featurecla": "Road", "type": "Secondary Highway", "sov_a3": null, "note": null, "edited": "New in version 2.0.0", "name": null, "namealt": null, "namealtt": null, "routeraw": "_untitled_265", "question": 0, "length_km": 52, "toll": 0, "ne_part": "ne_europe_basic", "label": null, "label2": null, "local": null, "localtype": null, "localalt": null, "labelrank": 7, "ignore": 0, "add": 0, "rwdb_rd_id": 0, "orig_fid": 0, "prefix": null, "uident": 0, "continent": "Europe", "expressway": 0, "level": null, "min_zoom": 7.6, "min_label": 10.1 }, "geometry": { "type": "LineString", "coordinates": [ [ -3.908813012877872, 43.434693080354826 ], [ -3.884289079219077, 43.461363733230186 ], [ -3.862181663047952, 43.480439200181721 ], [ -3.8495944799242, 43.488057720010069 ], [ -3.832864070377717, 43.495536236411255 ], [ -3.814576122703997, 43.498727147855433 ], [ -3.795809829987455, 43.498388806239788 ], [ -3.77763125999121, 43.495279563461445 ], [ -3.757782857452192, 43.48973776113607 ], [ -3.74818970595317, 43.48622600850463 ], [ -3.738724890929053, 43.481955903976029 ], [ -3.734514579530803, 43.479587512666455 ], [ -3.730782613175379, 43.476810778027634 ], [ -3.727601910314423, 43.473479863156285 ], [ -3.725052681244751, 43.469448931149088 ], [ -3.724157242658496, 43.465283829190867 ], [ -3.725150391969962, 43.461112893756507 ], [ -3.727533366969872, 43.457402802936578 ], [ -3.730813238925069, 43.454608567869364 ], [ -3.739945545809665, 43.450315129436234 ], [ -3.769201886980518, 43.44359496493221 ], [ -3.78585354459922, 43.438035662178443 ], [ -3.793982493589116, 43.434098065789371 ], [ -3.800960789411985, 43.429302948408889 ], [ -3.832152386289614, 43.402515626010896 ], [ -3.838159408336509, 43.396075468361204 ], [ -3.841081979878624, 43.391828697737125 ], [ -3.842713894826542, 43.389821981947733 ], [ -3.844624358259761, 43.388194442106908 ], [ -3.849151135738168, 43.385546043942995 ], [ -3.858475947335119, 43.381375108508642 ], [ -3.911124527795163, 43.364994707530073 ], [ -3.962936004430269, 43.343725853552925 ] ] } },
{ "type": "Feature", "properties": { "scalerank": 9, "featurecla": "Road", "type": "Secondary Highway", "sov_a3": null, "note": null, "edited": "New in version 2.0.0", "name": null, "namealt": null, "namealtt": null, "routeraw": "_untitled_266", "question": 0, "length_km": 26, "toll": 0, "ne_part": "ne_europe_basic", "label": null, "label2": null, "local": null, "localtype": null, "localalt": null, "labelrank": 7, "ignore": 0, "add": 0, "rwdb_rd_id": 0, "orig_fid": 0, "prefix": null, "uident": 0, "continent": "Europe", "expressway": 0, "level": null, "min_zoom": 7.6, "min_label": 10.1 }, "geometry": { "type": "LineString", "coordinates": [ [ -2.863745763835837, 43.282661025403485 ], [ -2.858947729717293, 43.324586218363933 ], [ -2.858642930589397, 43.338534059795464 ], [ -2.861760923581933, 43.35059768843638 ], [ -2.868876306093902, 43.359662910345456 ], [ -2.878790298780181, 43.36632474008816 ], [ -2.890315789247918, 43.371166525277701 ], [ -2.929903216648484, 43.376089979133077 ], [ -2.967056626132987, 43.365548887762614 ], [ -2.999518462438353, 43.343154172891985 ], [ -3.025029711932483, 43.312528423199154 ] ] } },
{ "type": "Feature", "properties": { "scalerank": 9, "featurecla": "Ferry", "type": "Ferry Route", "sov_a3": null, "note": null, "edited": "New in version 2.0.0", "name": null, "namealt": null, "namealtt": null, "routeraw": "_untitled_104", "question": 0, "length_km": 1178, "toll": 0, "ne_part": "ne_europe_basic", "label": null, "label2": null, "local": null, "localtype": null, "localalt": null, "labelrank": 6, "ignore": 0, "add": 0, "rwdb_rd_id": 0, "orig_fid": 0, "prefix": null, "uident": 0, "continent": "Europe", "expressway": 0, "level": null, "min_zoom": 7.6, "min_label": 10.1 }, "geometry": { "type": "LineString", "coordinates": [ [ -0.824662932120685, 50.533403517537401 ], [ -0.848301635776451, 50.504440308542186 ], [ -0.904234463298792, 50.453164053342185 ], [ -1.040896767011436, 50.36132763859662 ], [ -1.141190263779325, 50.308447177460323 ], [ -1.439833615986384, 50.188884250659513 ], [ -4.528033587548187, 49.43272865726739 ], [ -5.116784458012205, 49.213640794179071 ], [ -5.405461316247795, 49.079415425120558 ], [ -5.679360521072081, 48.925799581399382 ], [ -5.943997624167835, 48.735899516137366 ], [ -6.057868536632878, 48.632191977463243 ], [ -6.163114654636807, 48.515493287443228 ], [ -6.221825675167, 48.437190537323829 ], [ -6.263556905046062, 48.370817245894294 ], [ -6.311172653973252, 48.27657160550622 ], [ -6.337798097408584, 48.207829922767118 ], [ -6.371756220341801, 48.086691957410672 ], [ -6.383790681602051, 48.014531857658227 ], [ -6.398423956479093, 47.854531274310617 ], [ -6.390601264986124, 47.623158110488376 ], [ -6.368143840247082, 47.472829430567565 ], [ -6.309760952749315, 47.241491267602115 ], [ -6.190991378702449, 46.933238721836673 ], [ -5.926990124505082, 46.450361068060772 ], [ -5.605354126123871, 45.979290369975978 ], [ -5.227664255590582, 45.503570391414002 ], [ -3.240961664433403, 43.445590013769348 ] ] } },
{ "type": "Feature", "properties": { "scalerank": 3, "featurecla": "Road", "type": "Major Highway", "sov_a3": null, "note": null, "edited": "New in version 2.0.0", "name": "5", "namealt": null, "namealtt": null, "routeraw": "E5 A4", "question": 0, "length_km": 172, "toll": 0, "ne_part": "ne_europe_basic", "label": "E5", "label2": "A4", "local": "A4", "localtype": null, "localalt": null, "labelrank": 4, "ignore": 0, "add": 0, "rwdb_rd_id": 0, "orig_fid": 0, "prefix": "E", "uident": 0, "continent": "Europe", "expressway": 1, "level": "E", "min_zoom": 3.0, "min_label": 6.0 }, "geometry": { "type": "LineString", "coordinates": [ [ -3.498219700966011, 38.552463936301749 ], [ -3.495200596323922, 38.563460503307368 ], [ -3.418605596342154, 38.748720038306402 ], [ -3.414262573361903, 38.762090365600869 ], [ -3.408383887789913, 38.787681825391815 ], [ -3.404914427860426, 38.813669961559732 ], [ -3.401093500993987, 38.972795523487548 ], [ -3.384834144645158, 39.105139596493501 ], [ -3.384471010755941, 39.128496834925897 ], [ -3.385962922276693, 39.15178990512085 ], [ -3.389928227677398, 39.173694607996389 ], [ -3.396534639396851, 39.194420948693271 ], [ -3.405382564320014, 39.214348103160077 ], [ -3.416078242807977, 39.233855247345375 ], [ -3.48771624644661, 39.339797007378039 ], [ -3.509020101280555, 39.376699577388869 ], [ -3.52211479682779, 39.40677698032529 ], [ -3.531643780089357, 39.438464422674144 ], [ -3.537009119761738, 39.471079387727976 ], [ -3.537621634755592, 39.503933525303218 ], [ -3.53643598073177, 39.519380570100665 ], [ -3.535502624550656, 39.524479028240009 ], [ -3.534195925897095, 39.529134142193321 ], [ -3.523237740983195, 39.556073134970745 ], [ -3.521916458639303, 39.560827418018306 ], [ -3.521416238060986, 39.56538336287737 ], [ -3.522017086102579, 39.56959513264465 ], [ -3.523552748694321, 39.57362023117571 ], [ -3.525865721980644, 39.57759866189771 ], [ -3.531430858210541, 39.585514689008789 ], [ -3.533860501019507, 39.58981396091805 ], [ -3.535275118981509, 39.594282403635134 ], [ -3.536417021934341, 39.604998499289565 ], [ -3.536408271720145, 39.615784596657569 ], [ -3.535679087203647, 39.62399813105138 ], [ -3.520391004630792, 39.700690841758359 ], [ -3.518521375530497, 39.718943788575288 ], [ -3.509266565647131, 39.767501643897788 ], [ -3.507319642988087, 39.787411297936195 ], [ -3.508748844640419, 39.807379286735923 ], [ -3.510374926112206, 39.816899519783291 ], [ -3.511114319211931, 39.826081411215014 ], [ -3.510067210246245, 39.835059130982103 ], [ -3.506335243890817, 39.843978515987885 ], [ -3.50091156945712, 39.852868733613008 ], [ -3.496148536195367, 39.862103126329913 ], [ -3.492985333762807, 39.870870840956258 ], [ -3.491981975868111, 39.87555512229023 ], [ -3.49182593038158, 39.879988564150523 ], [ -3.493087419595117, 39.889946307907792 ], [ -3.494119944870477, 39.894700590955345 ], [ -3.495587064117665, 39.899618211334598 ], [ -3.497528153300578, 39.903934983672251 ], [ -3.500105091381876, 39.907942581774918 ], [ -3.506047945191316, 39.915380263843176 ], [ -3.511298073710087, 39.920607058457421 ], [ -3.664868707991239, 40.019665316654361 ], [ -3.667205015182095, 40.02152619554046 ], [ -3.669198605650195, 40.023667081280891 ], [ -3.672899946255928, 40.032778970999026 ], [ -3.672672440686782, 40.043051722467425 ], [ -3.666141864157041, 40.072114100556888 ], [ -3.664861416146074, 40.081167655513696 ], [ -3.665220174928191, 40.085916105085118 ], [ -3.667054803171695, 40.090209543518249 ], [ -3.672530978890581, 40.098003067630557 ], [ -3.674409358205072, 40.101508986785873 ], [ -3.675767099774788, 40.105639087887305 ], [ -3.676627537504253, 40.109932526320435 ], [ -3.677859859337133, 40.127893799330764 ], [ -3.675659180466347, 40.173879091679062 ], [ -3.676693164110738, 40.177338343025319 ], [ -3.679095097908075, 40.180628423563746 ], [ -3.690019740334218, 40.191916199879103 ], [ -3.695010279165118, 40.198169686292573 ], [ -3.698949333923228, 40.204609843942265 ], [ -3.701825237656291, 40.211627515729027 ], [ -3.703875704516676, 40.218960195226913 ], [ -3.705347198870964, 40.226351209486111 ], [ -3.706990780771147, 40.242218264565068 ], [ -3.704056542276767, 40.289807762849662 ] ] } },
{ "type": "Feature", "properties": { "scalerank": 9, "featurecla": "Road", "type": "Secondary Highway", "sov_a3": null, "note": null, "edited": "New in version 2.0.0", "name": null, "namealt": null, "namealtt": null, "routeraw": "N630", "question": 0, "length_km": 46, "toll": 0, "ne_part": "ne_europe_basic", "label": "N630", "label2": null, "local": "N630", "localtype": null, "localalt": null, "labelrank": 6, "ignore": 0, "add": 0, "rwdb_rd_id": 0, "orig_fid": 0, "prefix": null, "uident": 0, "continent": "Europe", "expressway": 1, "level": null, "min_zoom": 7.6, "min_label": 10.1 }, "geometry": { "type": "LineString", "coordinates": [ [ -5.681978293486303, 40.957122431489985 ], [ -5.728802148028574, 41.228997420096476 ], [ -5.73091094965028, 41.268606723032534 ], [ -5.72887360811119, 41.310181907425076 ], [ -5.720661532086414, 41.371917585329683 ], [ -5.720190478888757, 41.411421885695376 ], [ -5.722566162043499, 41.45043617406597 ], [ -5.731554087587593, 41.493453375155475 ] ] } },
{ "type": "Feature", "properties": { "scalerank": 7, "featurecla": "Road", "type": "Secondary Highway", "sov_a3": null, "note": null, "edited": "New in version 2.0.0", "name": null, "namealt": null, "namealtt": null, "routeraw": "EX382", "question": 0, "length_km": 13, "toll": 0, "ne_part": "ne_europe_basic", "label": "EX382", "label2": null, "local": "EX382", "localtype": null, "localalt": null, "labelrank": 6, "ignore": 0, "add": 0, "rwdb_rd_id": 0, "orig_fid": 0, "prefix": null, "uident": 0, "continent": "Europe", "expressway": 1, "level": null, "min_zoom": 7.0, "min_label": 9.5 }, "geometry": { "type": "LineString", "coordinates": [ [ -5.967226388690682, 39.461396928944666 ], [ -5.866317597625518, 39.533695920528515 ] ] } },
{ "type": "Feature", "properties": { "scalerank": 8, "featurecla": "Road", "type": "Major Highway", "sov_a3": null, "note": null, "edited": "New in version 2.0.0", "name": null, "namealt": null, "namealtt": null, "routeraw": "N400", "question": 0, "length_km": 19, "toll": 0, "ne_part": "ne_europe_basic", "label": "N400", "label2": null, "local": "N400", "localtype": null, "localalt": null, "labelrank": 6, "ignore": 0, "add": 0, "rwdb_rd_id": 0, "orig_fid": 0, "prefix": null, "uident": 0, "continent": "Europe", "expressway": 1, "level": null, "min_zoom": 7.1, "min_label": 9.6 }, "geometry": { "type": "LineString", "coordinates": [ [ -2.995793787928093, 39.988217046826918 ], [ -3.00513609995344, 39.989815419287083 ], [ -3.009706628502837, 39.990188761759526 ], [ -3.019632288141381, 39.989873754048403 ], [ -3.166364997068082, 39.965055050812751 ] ] } },
{ "type": "Feature", "properties": { "scalerank": 9, "featurecla": "Road", "type": "Secondary Highway", "sov_a3": null, "note": null, "edited": "New in version 2.0.0", "name": null, "namealt": null, "namealtt": null, "routeraw": "N601", "question": 0, "length_km": 13, "toll": 0, "ne_part": "ne_europe_basic", "label": "N601", "label2": null, "local": "N601", "localtype": null, "localalt": null, "labelrank": 6, "ignore": 0, "add": 0, "rwdb_rd_id": 0, "orig_fid": 0, "prefix": null, "uident": 0, "continent": "Europe", "expressway": 1, "level": null, "min_zoom": 7.6, "min_label": 10.1 }, "geometry": { "type": "LineString", "coordinates": [ [ -4.713419363048536, 41.593348955813383 ], [ -4.717548643385491, 41.590678773754618 ], [ -4.725970724551019, 41.58819371292239 ], [ -4.735797215095321, 41.58853788801418 ], [ -4.788260582688174, 41.602153221306196 ], [ -4.817514007120959, 41.607315847682983 ], [ -4.827031323430262, 41.610086748845674 ] ] } },
{ "type": "Feature", "properties": { "scalerank": 6, "featurecla": "Road", "type": "Road", "sov_a3": null, "note": null, "edited": "New in version 2.0.0", "name": null, "namealt": null, "namealtt": null, "routeraw": null, "question": 0, "length_km": 102, "toll": 0, "ne_part": "europe_extra", "label": null, "label2": null, "local": null, "localtype": null, "localalt": null, "labelrank": 0, "ignore": 0, "add": 0, "rwdb_rd_id": 21137, "orig_fid": 0, "prefix": null, "uident": 0, "continent": "Europe", "expressway": 0, "level": null, "min_zoom": 6.0, "min_label": 8.5 }, "geometry": { "type": "LineString", "coordinates": [ [ -5.853459714575641, 43.365097977559572 ], [ -5.876251446729943, 43.344936060653843 ], [ -5.878881261978516, 43.335293404742409 ], [ -5.867485395901365, 43.317761303085256 ], [ -5.884140892475663, 43.304612226842387 ], [ -5.884140892475663, 43.284450309936659 ], [ -5.858719345072788, 43.280943889605233 ], [ -5.835927612918486, 43.269548023528081 ], [ -5.809629460432753, 43.274807654025224 ], [ -5.786837728278452, 43.264288393030931 ], [ -5.774565257118443, 43.252892526953779 ], [ -5.771058836787012, 43.243249871042345 ], [ -5.778071677449875, 43.203802642313747 ], [ -5.787714333361309, 43.18977696098802 ], [ -5.809629460432753, 43.180134305076585 ], [ -5.817518906178473, 43.171368254248009 ], [ -5.819272116344189, 43.152082942425139 ], [ -5.812259275681327, 43.133674235685127 ], [ -5.819272116344189, 43.109129293365108 ], [ -5.814012485847043, 43.100363242536531 ], [ -5.788590938444168, 43.091597191707955 ], [ -5.772812046952728, 43.082831140879378 ], [ -5.765799206289866, 43.068805459553651 ], [ -5.775441862201301, 43.033741256239345 ], [ -5.769305626621297, 43.010072919002184 ], [ -5.757033155461288, 42.998677052925032 ], [ -5.726351977561267, 42.996923842759315 ], [ -5.707066665738396, 42.991664212262172 ], [ -5.686904748832668, 42.989911002096456 ], [ -5.676385487838375, 42.983774766516454 ], [ -5.659729991264077, 42.961859639445009 ], [ -5.6509639404355, 42.937314697124989 ], [ -5.639568074358349, 42.91802938530212 ], [ -5.638691469275492, 42.8934844429821 ], [ -5.642197889606923, 42.884718392153523 ], [ -5.667619437009797, 42.876828946407805 ], [ -5.668496042092655, 42.86192665999922 ], [ -5.650087335352643, 42.847900978673501 ], [ -5.641321284524065, 42.834751902430632 ], [ -5.615023132038332, 42.820726221104906 ], [ -5.622035972701195, 42.796181278784893 ], [ -5.617652947286905, 42.786538622873458 ], [ -5.603627265961181, 42.775142756796306 ], [ -5.613269921872617, 42.750597814476286 ], [ -5.607133686292612, 42.700631324753395 ], [ -5.600120845629751, 42.679592802764809 ], [ -5.599244240546893, 42.659430885859081 ], [ -5.575575903309733, 42.601574950390471 ], [ -5.579958928724023, 42.59719192497618 ] ] } },
{ "type": "Feature", "properties": { "scalerank": 9, "featurecla": "Road", "type": "Road", "sov_a3": null, "note": null, "edited": "New in version 2.0.0", "name": null, "namealt": null, "namealtt": null, "routeraw": null, "question": 0, "length_km": 9, "toll": 0, "ne_part": "europe_extra", "label": null, "label2": null, "local": null, "localtype": null, "localalt": null, "labelrank": 0, "ignore": 0, "add": 0, "rwdb_rd_id": 21480, "orig_fid": 0, "prefix": null, "uident": 0, "continent": "Europe", "expressway": 0, "level": null, "min_zoom": 7.6, "min_label": 10.1 }, "geometry": { "type": "LineString", "coordinates": [ [ -3.699641025994142, 42.337716820450289 ], [ -3.714543312402724, 42.330703979787422 ], [ -3.726815783562732, 42.335963610284573 ], [ -3.752237330965607, 42.335087005201714 ], [ -3.777658878368482, 42.337716820450289 ] ] } },
{ "type": "Feature", "properties": { "scalerank": 9, "featurecla": "Road", "type": "Road", "sov_a3": null, "note": null, "edited": "New in version 2.0.0", "name": null, "namealt": null, "namealtt": null, "routeraw": null, "question": 0, "length_km": 2, "toll": 0, "ne_part": "europe_extra", "label": null, "label2": null, "local": null, "localtype": null, "localalt": null, "labelrank": 0, "ignore": 0, "add": 0, "rwdb_rd_id": 21876, "orig_fid": 0, "prefix": null, "uident": 0, "continent": "Europe", "expressway": 0, "level": null, "min_zoom": 7.6, "min_label": 10.1 }, "geometry": { "type": "LineString", "coordinates": [ [ -4.518390173383283, 42.039671092278653 ], [ -4.529786039460434, 42.023015595704351 ] ] } },
{ "type": "Feature", "properties": { "scalerank": 9, "featurecla": "Road", "type": "Road", "sov_a3": null, "note": null, "edited": "New in version 2.0.0", "name": null, "namealt": null, "namealtt": null, "routeraw": null, "question": 0, "length_km": 10, "toll": 0, "ne_part": "europe_extra", "label": null, "label2": null, "local": null, "localtype": null, "localalt": null, "labelrank": 0, "ignore": 0, "add": 0, "rwdb_rd_id": 21999, "orig_fid": 0, "prefix": null, "uident": 0, "continent": "Europe", "expressway": 0, "level": null, "min_zoom": 7.6, "min_label": 10.1 }, "geometry": { "type": "LineString", "coordinates": [ [ -4.438619110843228, 41.991457812721471 ], [ -4.448261766754663, 41.98532157714147 ], [ -4.465793868411818, 41.959900029738598 ], [ -4.495598441228982, 41.937984902667154 ], [ -4.513130542886136, 41.920452801009993 ] ] } },
{ "type": "Feature", "properties": { "scalerank": 9, "featurecla": "Road", "type": "Road", "sov_a3": null, "note": null, "edited": "New in version 2.0.0", "name": null, "namealt": null, "namealtt": null, "routeraw": null, "question": 0, "length_km": 83, "toll": 0, "ne_part": "europe_extra", "label": null, "label2": null, "local": null, "localtype": null, "localalt": null, "labelrank": 0, "ignore": 0, "add": 0, "rwdb_rd_id": 22233, "orig_fid": 0, "prefix": null, "uident": 0, "continent": "Europe", "expressway": 0, "level": null, "min_zoom": 7.6, "min_label": 10.1 }, "geometry": { "type": "LineString", "coordinates": [ [ -6.757239555001984, 41.806494140238492 ], [ -6.783537707487717, 41.803864324989917 ], [ -6.816848700636312, 41.818766611398495 ], [ -6.858925744613484, 41.832792292724221 ], [ -6.876457846270639, 41.846817974049948 ], [ -6.894866553010652, 41.839805133387081 ], [ -6.908015629253518, 41.842434948635656 ], [ -6.934313781739251, 41.838928528304223 ], [ -6.936066991904966, 41.848571184215658 ], [ -6.947462857982117, 41.852954209629949 ], [ -6.952722488479264, 41.84594136896709 ], [ -6.965871564722129, 41.84594136896709 ], [ -6.982527061296427, 41.83366889780708 ], [ -7.001812373119297, 41.837175318138513 ], [ -7.014961449362164, 41.834545502889938 ], [ -7.040382996765039, 41.835422107972796 ], [ -7.057915098422194, 41.841558343552798 ], [ -7.064051334002198, 41.83366889780708 ], [ -7.084213250907927, 41.830162477475646 ], [ -7.092102696653646, 41.806494140238492 ], [ -7.121907269470809, 41.784579013167047 ], [ -7.127166899967956, 41.765293701344177 ], [ -7.16486091853084, 41.738995548858441 ], [ -7.195542096430861, 41.748638204769875 ], [ -7.215704013336589, 41.748638204769875 ], [ -7.247261796319469, 41.760034070847027 ], [ -7.280572789468063, 41.766170306427028 ], [ -7.299858101290933, 41.779319382669897 ], [ -7.345441565599537, 41.786332223332764 ], [ -7.368233297753839, 41.769676726758462 ], [ -7.402420895985291, 41.76354049117846 ], [ -7.419952997642446, 41.75126802001845 ], [ -7.444497939962463, 41.745131784438449 ] ] } },
{ "type": "Feature", "properties": { "scalerank": 9, "featurecla": "Road", "type": "Road", "sov_a3": null, "note": null, "edited": "New in version 2.0.0", "name": null, "namealt": null, "namealtt": null, "routeraw": null, "question": 0, "length_km": 6, "toll": 0, "ne_part": "europe_extra", "label": null, "label2": null, "local": null, "localtype": null, "localalt": null, "labelrank": 0, "ignore": 0, "add": 0, "rwdb_rd_id": 22250, "orig_fid": 0, "prefix": null, "uident": 0, "continent": "Europe", "expressway": 0, "level": null, "min_zoom": 7.6, "min_label": 10.1 }, "geometry": { "type": "LineString", "coordinates": [ [ -7.491834614436781, 41.725846472615572 ], [ -7.462906646702476, 41.730229498029864 ], [ -7.444497939962463, 41.745131784438449 ] ] } },
{ "type": "Feature", "properties": { "scalerank": 9, "featurecla": "Road", "type": "Road", "sov_a3": null, "note": null, "edited": "New in version 2.0.0", "name": null, "namealt": null, "namealtt": null, "routeraw": null, "question": 0, "length_km": 115, "toll": 0, "ne_part": "europe_extra", "label": null, "label2": null, "local": null, "localtype": null, "localalt": null, "labelrank": 0, "ignore": 0, "add": 0, "rwdb_rd_id": 22510, "orig_fid": 0, "prefix": null, "uident": 0, "continent": "Europe", "expressway": 0, "level": null, "min_zoom": 7.6, "min_label": 10.1 }, "geometry": { "type": "LineString", "coordinates": [ [ -8.438568103923155, 41.543512615381161 ], [ -8.414899766685995, 41.552278666209737 ], [ -8.38597179895169, 41.569810767866898 ], [ -8.371946117625965, 41.587342869524051 ], [ -8.339511729560229, 41.588219474606909 ], [ -8.325486048234504, 41.582959844109759 ], [ -8.306200736411634, 41.586466264441192 ], [ -8.272013138180181, 41.605751576264062 ], [ -8.211527387462997, 41.618024047424072 ], [ -8.184352629894407, 41.633802938915508 ], [ -8.153671451994386, 41.647828620241235 ], [ -8.144028796082949, 41.672373562561255 ], [ -8.107211382602925, 41.677633193058398 ], [ -8.06951736404004, 41.680263008306973 ], [ -8.043219211554309, 41.687275848969833 ], [ -8.017797664151434, 41.678509798141256 ], [ -7.997635747245705, 41.677633193058398 ], [ -7.986239881168554, 41.666237326981246 ], [ -7.966954569345684, 41.66273090664982 ], [ -7.95292888801996, 41.665360721898388 ], [ -7.938903206694236, 41.675003377809823 ], [ -7.918741289788508, 41.677633193058398 ], [ -7.904715608462784, 41.687275848969833 ], [ -7.887183506805628, 41.717080421786996 ], [ -7.873157825479904, 41.728476287864147 ], [ -7.871404615314189, 41.743378574272732 ], [ -7.860885354319896, 41.75126802001845 ], [ -7.829327571337017, 41.761787281012744 ], [ -7.817931705259866, 41.774059752172754 ], [ -7.806535839182715, 41.778442777587038 ], [ -7.779361081614125, 41.771429936924179 ], [ -7.760075769791254, 41.773183147089895 ], [ -7.747803298631245, 41.767046911509887 ], [ -7.731147802056948, 41.75126802001845 ], [ -7.712739095316936, 41.747761599687017 ], [ -7.693453783494065, 41.721463447201288 ], [ -7.688194152996918, 41.707437765875561 ], [ -7.654006554765466, 41.704807950626986 ], [ -7.63296803277688, 41.716203816704137 ], [ -7.594397409131139, 41.716203816704137 ], [ -7.583878148136845, 41.710067581124136 ], [ -7.564592836313976, 41.709190976041278 ], [ -7.527775422833949, 41.716203816704137 ], [ -7.491834614436781, 41.725846472615572 ] ] } },
{ "type": "Feature", "properties": { "scalerank": 9, "featurecla": "Road", "type": "Road", "sov_a3": null, "note": null, "edited": "New in version 2.0.0", "name": null, "namealt": null, "namealtt": null, "routeraw": null, "question": 0, "length_km": 2, "toll": 0, "ne_part": "europe_extra", "label": null, "label2": null, "local": null, "localtype": null, "localalt": null, "labelrank": 0, "ignore": 0, "add": 0, "rwdb_rd_id": 22521, "orig_fid": 0, "prefix": null, "uident": 0, "continent": "Europe", "expressway": 0, "level": null, "min_zoom": 7.6, "min_label": 10.1 }, "geometry": { "type": "LineString", "coordinates": [ [ -6.95009267323069, 41.559291506872604 ], [ -6.956228908810695, 41.551402061126879 ], [ -6.957105513893552, 41.537376379801159 ] ] } },
{ "type": "Feature", "properties": { "scalerank": 9, "featurecla": "Road", "type": "Road", "sov_a3": null, "note": null, "edited": "New in version 2.0.0", "name": null, "namealt": null, "namealtt": null, "routeraw": null, "question": 0, "length_km": 1, "toll": 0, "ne_part": "europe_extra", "label": null, "label2": null, "local": null, "localtype": null, "localalt": null, "labelrank": 0, "ignore": 0, "add": 0, "rwdb_rd_id": 23448, "orig_fid": 0, "prefix": null, "uident": 0, "continent": "Europe", "expressway": 0, "level": null, "min_zoom": 7.6, "min_label": 10.1 }, "geometry": { "type": "LineString", "coordinates": [ [ -5.659729991264077, 40.966706470860764 ], [ -5.664113016678367, 40.951804184452179 ] ] } },
{ "type": "Feature", "properties": { "scalerank": 9, "featurecla": "Road", "type": "Road", "sov_a3": null, "note": null, "edited": "New in version 2.0.0", "name": null, "namealt": null, "namealtt": null, "routeraw": null, "question": 0, "length_km": 1, "toll": 0, "ne_part": "europe_extra", "label": null, "label2": null, "local": null, "localtype": null, "localalt": null, "labelrank": 0, "ignore": 0, "add": 0, "rwdb_rd_id": 23976, "orig_fid": 0, "prefix": null, "uident": 0, "continent": "Europe", "expressway": 0, "level": null, "min_zoom": 7.6, "min_label": 10.1 }, "geometry": { "type": "LineString", "coordinates": [ [ -7.913481659291361, 40.645869010534824 ], [ -7.906468818628499, 40.644115800369107 ] ] } },
{ "type": "Feature", "properties": { "scalerank": 9, "featurecla": "Road", "type": "Road", "sov_a3": null, "note": null, "edited": "New in version 2.0.0", "name": null, "namealt": null, "namealtt": null, "routeraw": null, "question": 0, "length_km": 107, "toll": 0, "ne_part": "europe_extra", "label": null, "label2": null, "local": null, "localtype": null, "localalt": null, "labelrank": 0, "ignore": 0, "add": 0, "rwdb_rd_id": 24639, "orig_fid": 0, "prefix": null, "uident": 0, "continent": "Europe", "expressway": 0, "level": null, "min_zoom": 7.6, "min_label": 10.1 }, "geometry": { "type": "LineString", "coordinates": [ [ -7.39102502990814, 40.637102959706247 ], [ -7.419952997642446, 40.605545176723368 ], [ -7.437485099299601, 40.589766285231924 ], [ -7.469919487365338, 40.56609794799477 ], [ -7.491834614436781, 40.555578687000477 ], [ -7.526898817751092, 40.550319056503326 ], [ -7.546184129573962, 40.535416770094749 ], [ -7.567222651562548, 40.535416770094749 ], [ -7.590890988799708, 40.524897509100455 ], [ -7.620695561616872, 40.520514483686163 ], [ -7.65225334459975, 40.501229171863294 ], [ -7.685564337748345, 40.464411758383271 ], [ -7.707479464819789, 40.446003051643252 ], [ -7.722381751228371, 40.424964529654673 ], [ -7.744296878299815, 40.41444526866038 ], [ -7.751309718962677, 40.406555822914655 ], [ -7.758322559625539, 40.380257670428925 ], [ -7.792510157856991, 40.360972358606055 ], [ -7.849489488242745, 40.341687046783186 ], [ -7.879294061059909, 40.320648524794599 ], [ -7.904715608462784, 40.310129263800306 ], [ -7.946792652439956, 40.322401734960316 ], [ -7.959941728682822, 40.322401734960316 ], [ -8.007278403157141, 40.308376053634589 ], [ -8.057244892880032, 40.285584321480286 ], [ -8.08967928094577, 40.280324690983143 ], [ -8.115100828348645, 40.266299009657416 ], [ -8.139645770668661, 40.271558640154566 ], [ -8.152794846911528, 40.270682035071708 ], [ -8.187859050225837, 40.255779748663123 ], [ -8.220293438291575, 40.247890302917405 ], [ -8.217663623043002, 40.22597517584596 ], [ -8.240455355197303, 40.203183443691657 ] ] } },
{ "type": "Feature", "properties": { "scalerank": 9, "featurecla": "Road", "type": "Road", "sov_a3": null, "note": null, "edited": "New in version 2.0.0", "name": null, "namealt": null, "namealtt": null, "routeraw": null, "question": 0, "length_km": 38, "toll": 0, "ne_part": "europe_extra", "label": null, "label2": null, "local": null, "localtype": null, "localalt": null, "labelrank": 0, "ignore": 0, "add": 0, "rwdb_rd_id": 24781, "orig_fid": 0, "prefix": null, "uident": 0, "continent": "Europe", "expressway": 0, "level": null, "min_zoom": 7.6, "min_label": 10.1 }, "geometry": { "type": "LineString", "coordinates": [ [ -8.240455355197303, 40.203183443691657 ], [ -8.271136533097325, 40.178638501371644 ], [ -8.289545239837336, 40.16987245054306 ], [ -8.322856232985931, 40.172502265791636 ], [ -8.343018149891661, 40.185651342034504 ], [ -8.36230346171453, 40.186527947117362 ], [ -8.39736766502884, 40.171625660708777 ], [ -8.408763531105992, 40.175132081040211 ], [ -8.415776371768853, 40.189157762365937 ], [ -8.437691498840298, 40.20143023352594 ], [ -8.447334154751733, 40.197923813194514 ], [ -8.446457549668875, 40.183021526785929 ], [ -8.466619466574603, 40.176885291205927 ], [ -8.464866256408888, 40.156723374300199 ], [ -8.471002491988893, 40.140944482808756 ], [ -8.483274963148901, 40.128672011648746 ], [ -8.511326325800349, 40.113769725240168 ], [ -8.520092376628925, 40.112016515074451 ] ] } },
{ "type": "Feature", "properties": { "scalerank": 9, "featurecla": "Road", "type": "Road", "sov_a3": null, "note": null, "edited": "New in version 2.0.0", "name": null, "namealt": null, "namealtt": null, "routeraw": null, "question": 0, "length_km": 0, "toll": 0, "ne_part": "europe_extra", "label": null, "label2": null, "local": null, "localtype": null, "localalt": null, "labelrank": 0, "ignore": 0, "add": 0, "rwdb_rd_id": 25178, "orig_fid": 0, "prefix": null, "uident": 0, "continent": "Europe", "expressway": 0, "level": null, "min_zoom": 7.6, "min_label": 10.1 }, "geometry": { "type": "LineString", "coordinates": [ [ -4.018725276154364, 39.863060671542847 ], [ -4.018725276154364, 39.857801041045704 ] ] } },
{ "type": "Feature", "properties": { "scalerank": 6, "featurecla": "Road", "type": "Road", "sov_a3": null, "note": null, "edited": "New in version 2.0.0", "name": null, "namealt": null, "namealtt": null, "routeraw": null, "question": 0, "length_km": 16, "toll": 0, "ne_part": "europe_extra", "label": null, "label2": null, "local": null, "localtype": null, "localalt": null, "labelrank": 0, "ignore": 0, "add": 0, "rwdb_rd_id": 25641, "orig_fid": 0, "prefix": null, "uident": 0, "continent": "Europe", "expressway": 0, "level": null, "min_zoom": 6.0, "min_label": 8.5 }, "geometry": { "type": "LineString", "coordinates": [ [ -8.847942677617725, 39.616734643259818 ], [ -8.86196835894345, 39.611475012762675 ], [ -8.874240830103458, 39.600079146685523 ], [ -8.909305033417768, 39.581670439945512 ], [ -8.925960529992066, 39.575534204365511 ], [ -8.940862816400648, 39.552742472211207 ], [ -8.972420599383527, 39.554495682376924 ] ] } },
{ "type": "Feature", "properties": { "scalerank": 9, "featurecla": "Road", "type": "Road", "sov_a3": null, "note": null, "edited": "New in version 2.0.0", "name": null, "namealt": null, "namealtt": null, "routeraw": null, "question": 0, "length_km": 1, "toll": 0, "ne_part": "europe_extra", "label": null, "label2": null, "local": null, "localtype": null, "localalt": null, "labelrank": 0, "ignore": 0, "add": 0, "rwdb_rd_id": 25713, "orig_fid": 0, "prefix": null, "uident": 0, "continent": "Europe", "expressway": 0, "level": null, "min_zoom": 7.6, "min_label": 10.1 }, "geometry": { "type": "LineString", "coordinates": [ [ -6.381175974456008, 39.471218199505437 ], [ -6.386435604953155, 39.474724619836863 ] ] } },
{ "type": "Feature", "properties": { "scalerank": 9, "featurecla": "Road", "type": "Road", "sov_a3": null, "note": null, "edited": "New in version 2.0.0", "name": null, "namealt": null, "namealtt": null, "routeraw": null, "question": 0, "length_km": 2, "toll": 0, "ne_part": "europe_extra", "label": null, "label2": null, "local": null, "localtype": null, "localalt": null, "labelrank": 0, "ignore": 0, "add": 0, "rwdb_rd_id": 25732, "orig_fid": 0, "prefix": null, "uident": 0, "continent": "Europe", "expressway": 0, "level": null, "min_zoom": 7.6, "min_label": 10.1 }, "geometry": { "type": "LineString", "coordinates": [ [ -6.381175974456008, 39.452809492765418 ], [ -6.381175974456008, 39.471218199505437 ] ] } },
{ "type": "Feature", "properties": { "scalerank": 9, "featurecla": "Road", "type": "Road", "sov_a3": null, "note": null, "edited": "New in version 2.0.0", "name": null, "namealt": null, "namealtt": null, "routeraw": null, "question": 0, "length_km": 50, "toll": 0, "ne_part": "europe_extra", "label": null, "label2": null, "local": null, "localtype": null, "localalt": null, "labelrank": 0, "ignore": 0, "add": 0, "rwdb_rd_id": 25778, "orig_fid": 0, "prefix": null, "uident": 0, "continent": "Europe", "expressway": 0, "level": null, "min_zoom": 7.6, "min_label": 10.1 }, "geometry": { "type": "LineString", "coordinates": [ [ -7.611052905705436, 39.412485658953962 ], [ -7.618942351451156, 39.421251709782545 ], [ -7.626831797196876, 39.451932887682567 ], [ -7.637351058191169, 39.479107645251155 ], [ -7.635597848025453, 39.494009931659733 ], [ -7.65225334459975, 39.520308084145469 ], [ -7.651376739516893, 39.560631917956925 ], [ -7.658389580179755, 39.569397968785502 ], [ -7.655759764931181, 39.584300255194087 ], [ -7.665402420842617, 39.613228222928392 ], [ -7.665402420842617, 39.63339013983412 ], [ -7.674168471671194, 39.64566261099413 ], [ -7.672415261505479, 39.661441502485566 ], [ -7.651376739516893, 39.674590578728434 ], [ -7.638227663274026, 39.678973604142719 ], [ -7.627708402279733, 39.697382310882737 ], [ -7.629461612445449, 39.713161202374174 ], [ -7.61718914128544, 39.75348503618563 ], [ -7.592644198965424, 39.771893742925641 ], [ -7.584754753219704, 39.78504281916851 ], [ -7.553196970236824, 39.801698315742804 ], [ -7.519885977088229, 39.808711156405671 ], [ -7.503230480513932, 39.816600602151389 ], [ -7.49621763985107, 39.826243258062824 ] ] } },
{ "type": "Feature", "properties": { "scalerank": 6, "featurecla": "Road", "type": "Road", "sov_a3": null, "note": null, "edited": "New in version 2.0.0", "name": null, "namealt": null, "namealtt": null, "routeraw": null, "question": 0, "length_km": 24, "toll": 0, "ne_part": "europe_extra", "label": null, "label2": null, "local": null, "localtype": null, "localalt": null, "labelrank": 0, "ignore": 0, "add": 0, "rwdb_rd_id": 25789, "orig_fid": 0, "prefix": null, "uident": 0, "continent": "Europe", "expressway": 0, "level": null, "min_zoom": 6.0, "min_label": 8.5 }, "geometry": { "type": "LineString", "coordinates": [ [ -8.972420599383527, 39.554495682376924 ], [ -8.987322885792109, 39.547482841714057 ], [ -8.996965541703544, 39.533457160388338 ], [ -9.014497643360698, 39.527320924808329 ], [ -9.03378295518357, 39.530827345139762 ], [ -9.046932031426437, 39.528197529891187 ], [ -9.054821477172155, 39.519431479062611 ], [ -9.073230183912168, 39.516801663814036 ], [ -9.083749444906461, 39.494009931659733 ], [ -9.098651731315043, 39.477354435085438 ], [ -9.103034756729333, 39.46245214867686 ], [ -9.119690253303629, 39.455439308013993 ], [ -9.131086119380781, 39.40634942337396 ] ] } },
{ "type": "Feature", "properties": { "scalerank": 6, "featurecla": "Road", "type": "Road", "sov_a3": null, "note": null, "edited": "New in version 2.0.0", "name": null, "namealt": null, "namealtt": null, "routeraw": null, "question": 0, "length_km": 8, "toll": 0, "ne_part": "europe_extra", "label": null, "label2": null, "local": null, "localtype": null, "localalt": null, "labelrank": 0, "ignore": 0, "add": 0, "rwdb_rd_id": 25871, "orig_fid": 0, "prefix": null, "uident": 0, "continent": "Europe", "expressway": 0, "level": null, "min_zoom": 6.0, "min_label": 8.5 }, "geometry": { "type": "LineString", "coordinates": [ [ -9.131086119380781, 39.40634942337396 ], [ -9.128456304132207, 39.387064111551091 ], [ -9.153001246452224, 39.359012748899644 ], [ -9.170533348109378, 39.341480647242484 ] ] } },
{ "type": "Feature", "properties": { "scalerank": 9, "featurecla": "Road", "type": "Road", "sov_a3": null, "note": null, "edited": "New in version 2.0.0", "name": null, "namealt": null, "namealtt": null, "routeraw": null, "question": 0, "length_km": 37, "toll": 0, "ne_part": "europe_extra", "label": null, "label2": null, "local": null, "localtype": null, "localalt": null, "labelrank": 0, "ignore": 0, "add": 0, "rwdb_rd_id": 26250, "orig_fid": 0, "prefix": null, "uident": 0, "continent": "Europe", "expressway": 0, "level": null, "min_zoom": 7.6, "min_label": 10.1 }, "geometry": { "type": "LineString", "coordinates": [ [ -8.68226431695761, 39.239794457630985 ], [ -8.70154962878048, 39.212619700062397 ], [ -8.715575310106205, 39.201223833985246 ], [ -8.755022538834805, 39.182815127245235 ], [ -8.790963347231973, 39.153010554428072 ], [ -8.824274340380567, 39.124082586693767 ], [ -8.866351384357738, 39.083758752882311 ], [ -8.892649536843471, 39.067103256308009 ], [ -8.923330714743493, 39.055707390230857 ], [ -8.950505472312082, 39.039051893656563 ], [ -8.966284363803522, 39.020643186916551 ] ] } }
]
}
