{
"type": "FeatureCollection",
"name": "municipios_pt_norte",
"crs": { "type": "name", "properties": { "name": "urn:ogc:def:crs:OGC:1.3:CRS84" } },
"features": [
{ "type": "Feature", "properties": { "GID_2": "PRT.1.1_1", "GID_0": "PRT", "COUNTRY": "Portugal", "GID_1": "PRT.1_1", "NAME_1": "Aveiro", "NL_NAME_1": "NA", "NAME_2": "Águeda", "VARNAME_2": "NA", "NL_NAME_2": "NA", "TYPE_2": "Concelho", "ENGTYPE_2": "Municipality", "CC_2": "0101", "HASC_2": "PT.AV.AG" }, "geometry": { "type": "MultiPolygon", "coordinates": [ [ [ [ -8.4357, 40.5076 ], [ -8.4408, 40.5024 ], [ -8.4502, 40.5022 ], [ -8.4624, 40.5052 ], [ -8.4592, 40.508 ], [ -8.461, 40.5114 ], [ -8.4642, 40.5125 ], [ -8.4624, 40.5189 ], [ -8.4648, 40.523 ], [ -8.4722, 40.5278 ], [ -8.4824, 40.5286 ], [ -8.4984, 40.5398 ], [ -8.5016, 40.5436 ], [ -8.5007, 40.5464 ], [ -8.4956, 40.5502 ], [ -8.4955, 40.554 ], [ -8.5041, 40.5595 ], [ -8.5101, 40.5588 ], [ -8.5187, 40.5525 ], [ -8.5252, 40.5501 ], [ -8.5344, 40.5553 ], [ -8.5458, 40.5561 ], [ -8.5533, 40.5585 ], [ -8.5581, 40.5626 ], [ -8.5501, 40.5676 ], [ -8.5414, 40.5706 ], [ -8.5377, 40.5775 ], [ -8.521, 40.5837 ], [ -8.5221, 40.5878 ], [ -8.5253, 40.5917 ], [ -8.5241, 40.5966 ], [ -8.5217, 40.598 ], [ -8.5234, 40.6094 ], [ -8.5094, 40.6113 ], [ -8.5014, 40.6082 ], [ -8.4979, 40.6125 ], [ -8.4852, 40.6202 ], [ -8.4807, 40.629 ], [ -8.4829, 40.6312 ], [ -8.4835, 40.6366 ], [ -8.4816, 40.6386 ], [ -8.4826, 40.6424 ], [ -8.4765, 40.6489 ], [ -8.4812, 40.6577 ], [ -8.4711, 40.6794 ], [ -8.4495, 40.6789 ], [ -8.4457, 40.6817 ], [ -8.4217, 40.6906 ], [ -8.4164, 40.6913 ], [ -8.4101, 40.6868 ], [ -8.3954, 40.6908 ], [ -8.3885, 40.6897 ], [ -8.3782, 40.6943 ], [ -8.3756, 40.692 ], [ -8.3744, 40.6874 ], [ -8.3747, 40.6799 ], [ -8.3729, 40.675 ], [ -8.3745, 40.6681 ], [ -8.364, 40.6595 ], [ -8.364, 40.6555 ], [ -8.36, 40.6505 ], [ -8.3287, 40.6368 ], [ -8.3258, 40.6395 ], [ -8.3286, 40.6414 ], [ -8.3282, 40.6431 ], [ -8.3223, 40.6426 ], [ -8.3214, 40.6452 ], [ -8.3173, 40.647 ], [ -8.3118, 40.6434 ], [ -8.3074, 40.6457 ], [ -8.3035, 40.6442 ], [ -8.3044, 40.6462 ], [ -8.3019, 40.6503 ], [ -8.3004, 40.65 ], [ -8.2999, 40.6517 ], [ -8.2951, 40.6546 ], [ -8.2944, 40.6526 ], [ -8.2967, 40.6507 ], [ -8.2948, 40.6455 ], [ -8.2954, 40.6374 ], [ -8.2932, 40.6337 ], [ -8.2843, 40.6304 ], [ -8.279, 40.6329 ], [ -8.26, 40.6252 ], [ -8.2454, 40.6164 ], [ -8.2498, 40.6118 ], [ -8.2649, 40.6099 ], [ -8.2761, 40.6045 ], [ -8.2794, 40.6068 ], [ -8.2861, 40.6044 ], [ -8.2905, 40.6057 ], [ -8.2945, 40.6045 ], [ -8.2979, 40.6002 ], [ -8.2986, 40.6026 ], [ -8.3004, 40.6029 ], [ -8.3032, 40.6018 ], [ -8.3034, 40.5993 ], [ -8.3065, 40.5996 ], [ -8.3057, 40.5965 ], [ -8.3084, 40.5964 ], [ -8.3013, 40.5841 ], [ -8.2995, 40.5778 ], [ -8.2892, 40.5688 ], [ -8.288, 40.5653 ], [ -8.2891, 40.5595 ], [ -8.2849, 40.5391 ], [ -8.2785, 40.536 ], [ -8.273, 40.5369 ], [ -8.2639, 40.5292 ], [ -8.2607, 40.5224 ], [ -8.25, 40.5142 ], [ -8.2501, 40.5111 ], [ -8.2526, 40.5107 ], [ -8.2538, 40.5086 ], [ -8.2659, 40.5034 ], [ -8.274, 40.5079 ], [ -8.2828, 40.5092 ], [ -8.2895, 40.5067 ], [ -8.2994, 40.4991 ], [ -8.3115, 40.4959 ], [ -8.3189, 40.4987 ], [ -8.322, 40.5024 ], [ -8.3284, 40.5056 ], [ -8.3321, 40.5106 ], [ -8.34, 40.5125 ], [ -8.3672, 40.5094 ], [ -8.3783, 40.5032 ], [ -8.3928, 40.4999 ], [ -8.4357, 40.5076 ] ] ] ] } },
{ "type": "Feature", "properties": { "GID_2": "PRT.1.2_1", "GID_0": "PRT", "COUNTRY": "Portugal", "GID_1": "PRT.1_1", "NAME_1": "Aveiro", "NL_NAME_1": "NA", "NAME_2": "Albergaria-a-Velha", "VARNAME_2": "NA", "NL_NAME_2": "NA", "TYPE_2": "Concelho", "ENGTYPE_2": "Municipality", "CC_2": "0102", "HASC_2": "PT.AV.AL" }, "geometry": { "type": "MultiPolygon", "coordinates": [ [ [ [ -8.5283, 40.6095 ], [ -8.5343, 40.6138 ], [ -8.5451, 40.6291 ], [ -8.555, 40.6346 ], [ -8.5563, 40.6437 ], [ -8.563, 40.651 ], [ -8.5636, 40.6551 ], [ -8.5674, 40.6538 ], [ -8.5654, 40.6569 ], [ -8.5698, 40.658 ], [ -8.5727, 40.6564 ], [ -8.5724, 40.6633 ], [ -8.57, 40.6627 ], [ -8.5691, 40.6647 ], [ -8.5742, 40.6665 ], [ -8.5748, 40.6696 ], [ -8.5792, 40.6739 ], [ -8.5794, 40.678 ], [ -8.5841, 40.6895 ], [ -8.5879, 40.6921 ], [ -8.5972, 40.693 ], [ -8.6014, 40.6983 ], [ -8.6014, 40.7009 ], [ -8.6046, 40.7033 ], [ -8.6144, 40.7084 ], [ -8.6194, 40.7088 ], [ -8.6241, 40.7131 ], [ -8.6295, 40.7136 ], [ -8.6298, 40.7197 ], [ -8.6319, 40.7226 ], [ -8.6279, 40.7221 ], [ -8.6232, 40.719 ], [ -8.6135, 40.7243 ], [ -8.616, 40.7268 ], [ -8.6051, 40.7235 ], [ -8.6038, 40.723 ], [ -8.6044, 40.7206 ], [ -8.6091, 40.717 ], [ -8.609, 40.713 ], [ -8.6021, 40.7101 ], [ -8.6, 40.7114 ], [ -8.5904, 40.7113 ], [ -8.5826, 40.7085 ], [ -8.5824, 40.7053 ], [ -8.5803, 40.7034 ], [ -8.572, 40.7037 ], [ -8.5667, 40.698 ], [ -8.5673, 40.6951 ], [ -8.565, 40.6904 ], [ -8.5622, 40.6906 ], [ -8.5612, 40.6888 ], [ -8.5465, 40.6893 ], [ -8.5417, 40.6902 ], [ -8.5404, 40.692 ], [ -8.5372, 40.6899 ], [ -8.5231, 40.7075 ], [ -8.5115, 40.714 ], [ -8.5118, 40.7188 ], [ -8.5171, 40.7243 ], [ -8.5177, 40.7297 ], [ -8.5242, 40.731 ], [ -8.5278, 40.7408 ], [ -8.528, 40.7433 ], [ -8.5252, 40.7465 ], [ -8.5278, 40.7491 ], [ -8.5316, 40.7599 ], [ -8.5264, 40.7653 ], [ -8.5189, 40.7633 ], [ -8.5158, 40.7606 ], [ -8.5087, 40.7589 ], [ -8.5031, 40.7594 ], [ -8.4997, 40.7607 ], [ -8.4972, 40.7641 ], [ -8.4977, 40.7711 ], [ -8.4912, 40.7696 ], [ -8.4878, 40.7718 ], [ -8.4789, 40.7724 ], [ -8.4761, 40.7748 ], [ -8.4687, 40.7771 ], [ -8.4606, 40.775 ], [ -8.453, 40.7808 ], [ -8.4455, 40.7778 ], [ -8.4348, 40.7798 ], [ -8.4323, 40.7762 ], [ -8.4333, 40.7751 ], [ -8.4282, 40.7716 ], [ -8.4159, 40.7681 ], [ -8.4162, 40.7671 ], [ -8.409, 40.7662 ], [ -8.4083, 40.7511 ], [ -8.4111, 40.746 ], [ -8.4103, 40.7419 ], [ -8.415, 40.7184 ], [ -8.4164, 40.6913 ], [ -8.4342, 40.6863 ], [ -8.4495, 40.6789 ], [ -8.4711, 40.6794 ], [ -8.4812, 40.6577 ], [ -8.4765, 40.6489 ], [ -8.4826, 40.6424 ], [ -8.4816, 40.6386 ], [ -8.4835, 40.6366 ], [ -8.4829, 40.6312 ], [ -8.4807, 40.629 ], [ -8.4852, 40.6202 ], [ -8.4979, 40.6125 ], [ -8.4996, 40.6093 ], [ -8.5021, 40.6081 ], [ -8.5094, 40.6113 ], [ -8.5283, 40.6095 ] ] ] ] } },
{ "type": "Feature", "properties": { "GID_2": "PRT.1.4_1", "GID_0": "PRT", "COUNTRY": "Portugal", "GID_1": "PRT.1_1", "NAME_1": "Aveiro", "NL_NAME_1": "NA", "NAME_2": "Arouca", "VARNAME_2": "NA", "NL_NAME_2": "NA", "TYPE_2": "Concelho", "ENGTYPE_2": "Municipality", "CC_2": "0104", "HASC_2": "PT.AV.AR" }, "geometry": { "type": "MultiPolygon", "coordinates": [ [ [ [ -8.2511, 40.8574 ], [ -8.2797, 40.8448 ], [ -8.2855, 40.8579 ], [ -8.2914, 40.8661 ], [ -8.298, 40.8716 ], [ -8.3086, 40.8762 ], [ -8.316, 40.8816 ], [ -8.3232, 40.884 ], [ -8.3271, 40.8872 ], [ -8.3372, 40.8871 ], [ -8.3461, 40.8891 ], [ -8.3577, 40.8969 ], [ -8.3642, 40.8957 ], [ -8.3667, 40.898 ], [ -8.3726, 40.899 ], [ -8.3759, 40.9024 ], [ -8.381, 40.9016 ], [ -8.3859, 40.9039 ], [ -8.3851, 40.905 ], [ -8.3865, 40.9058 ], [ -8.3951, 40.9061 ], [ -8.3965, 40.9137 ], [ -8.4081, 40.9275 ], [ -8.4136, 40.9276 ], [ -8.4183, 40.9298 ], [ -8.422, 40.9341 ], [ -8.4318, 40.9357 ], [ -8.4289, 40.9396 ], [ -8.4336, 40.9444 ], [ -8.4293, 40.9456 ], [ -8.4272, 40.9482 ], [ -8.4332, 40.953 ], [ -8.4324, 40.9542 ], [ -8.4342, 40.9561 ], [ -8.4315, 40.9573 ], [ -8.4327, 40.9599 ], [ -8.4283, 40.962 ], [ -8.4289, 40.9633 ], [ -8.4262, 40.9676 ], [ -8.4284, 40.9698 ], [ -8.428, 40.9714 ], [ -8.4268, 40.9726 ], [ -8.4219, 40.9712 ], [ -8.4208, 40.9726 ], [ -8.418, 40.972 ], [ -8.4103, 40.9825 ], [ -8.4053, 40.9834 ], [ -8.3975, 40.9899 ], [ -8.3962, 40.9941 ], [ -8.3904, 40.9982 ], [ -8.3892, 41.0014 ], [ -8.3842, 41.0037 ], [ -8.3788, 41.003 ], [ -8.3759, 41.0045 ], [ -8.3703, 41.0028 ], [ -8.36, 41.0038 ], [ -8.3568, 41.002 ], [ -8.3581, 41.0002 ], [ -8.3542, 41.0003 ], [ -8.3532, 40.9986 ], [ -8.3573, 40.9977 ], [ -8.3614, 40.9916 ], [ -8.3589, 40.9887 ], [ -8.3576, 40.9897 ], [ -8.3591, 40.9913 ], [ -8.358, 40.9926 ], [ -8.3562, 40.9925 ], [ -8.3544, 40.9895 ], [ -8.3533, 40.9924 ], [ -8.3504, 40.9913 ], [ -8.3467, 40.9927 ], [ -8.3452, 40.9901 ], [ -8.3405, 40.9874 ], [ -8.3429, 40.9827 ], [ -8.3383, 40.9841 ], [ -8.338, 40.9813 ], [ -8.3351, 40.9831 ], [ -8.3337, 40.9811 ], [ -8.3268, 40.9839 ], [ -8.3241, 40.9808 ], [ -8.3213, 40.9804 ], [ -8.3209, 40.9787 ], [ -8.3236, 40.9791 ], [ -8.325, 40.9774 ], [ -8.3223, 40.9737 ], [ -8.3239, 40.973 ], [ -8.3228, 40.9712 ], [ -8.3241, 40.9701 ], [ -8.3219, 40.9692 ], [ -8.3206, 40.965 ], [ -8.3096, 40.9623 ], [ -8.296, 40.9628 ], [ -8.2528, 40.9678 ], [ -8.2405, 40.9636 ], [ -8.2442, 40.9721 ], [ -8.2424, 40.9748 ], [ -8.2448, 40.9904 ], [ -8.2431, 41.0005 ], [ -8.2377, 40.9997 ], [ -8.2349, 41.0013 ], [ -8.2341, 41.0022 ], [ -8.2372, 41.0067 ], [ -8.2326, 41.0082 ], [ -8.2347, 41.0118 ], [ -8.2258, 41.0158 ], [ -8.2161, 41.0138 ], [ -8.2155, 41.0118 ], [ -8.208, 41.0135 ], [ -8.2037, 41.0094 ], [ -8.2118, 41.0031 ], [ -8.2088, 41.0002 ], [ -8.2084, 40.9974 ], [ -8.2129, 40.994 ], [ -8.1989, 40.996 ], [ -8.1943, 40.9982 ], [ -8.1781, 40.9882 ], [ -8.1762, 40.9895 ], [ -8.1701, 40.9886 ], [ -8.1695, 40.9872 ], [ -8.1648, 40.9861 ], [ -8.1609, 40.9895 ], [ -8.1575, 40.9886 ], [ -8.1524, 40.9837 ], [ -8.1429, 40.9786 ], [ -8.1331, 40.9787 ], [ -8.1239, 40.9847 ], [ -8.1191, 40.9917 ], [ -8.1184, 40.9971 ], [ -8.11, 40.9998 ], [ -8.1057, 41.0035 ], [ -8.1038, 41.0021 ], [ -8.0991, 41.0134 ], [ -8.0966, 41.0134 ], [ -8.0911, 41.009 ], [ -8.0904, 41.0006 ], [ -8.0921, 40.9977 ], [ -8.0892, 40.9876 ], [ -8.1002, 40.98 ], [ -8.1015, 40.9735 ], [ -8.1049, 40.9735 ], [ -8.1167, 40.9651 ], [ -8.1222, 40.9547 ], [ -8.1301, 40.9518 ], [ -8.1326, 40.9479 ], [ -8.1303, 40.9352 ], [ -8.127, 40.9324 ], [ -8.1272, 40.9284 ], [ -8.1229, 40.9249 ], [ -8.1204, 40.9179 ], [ -8.1227, 40.9164 ], [ -8.1248, 40.9036 ], [ -8.1269, 40.9023 ], [ -8.128, 40.8981 ], [ -8.1246, 40.8944 ], [ -8.1156, 40.8903 ], [ -8.1157, 40.8863 ], [ -8.1111, 40.882 ], [ -8.112, 40.8784 ], [ -8.1101, 40.8736 ], [ -8.103, 40.8669 ], [ -8.1064, 40.8552 ], [ -8.1249, 40.8494 ], [ -8.1337, 40.8492 ], [ -8.1427, 40.8543 ], [ -8.1492, 40.8552 ], [ -8.1674, 40.8662 ], [ -8.1905, 40.8461 ], [ -8.2063, 40.8485 ], [ -8.231, 40.8647 ], [ -8.2511, 40.8574 ] ] ] ] } },
{ "type": "Feature", "properties": { "GID_2": "PRT.1.5_1", "GID_0": "PRT", "COUNTRY": "Portugal", "GID_1": "PRT.1_1", "NAME_1": "Aveiro", "NL_NAME_1": "NA", "NAME_2": "Aveiro", "VARNAME_2": "NA", "NL_NAME_2": "NA", "TYPE_2": "Concelho", "ENGTYPE_2": "Municipality", "CC_2": "0105", "HASC_2": "PT.AV.AV" }, "geometry": { "type": "MultiPolygon", "coordinates": [ [ [ [ -8.5701, 40.5537 ], [ -8.5703, 40.549 ], [ -8.5724, 40.5457 ], [ -8.5721, 40.5417 ], [ -8.5771, 40.5359 ], [ -8.5813, 40.5362 ], [ -8.5818, 40.5341 ], [ -8.5893, 40.5326 ], [ -8.5923, 40.5297 ], [ -8.5964, 40.5285 ], [ -8.6016, 40.5312 ], [ -8.6009, 40.5335 ], [ -8.6028, 40.5346 ], [ -8.6038, 40.5418 ], [ -8.6113, 40.5546 ], [ -8.6108, 40.5594 ], [ -8.6079, 40.5633 ], [ -8.6086, 40.5706 ], [ -8.6151, 40.5742 ], [ -8.622, 40.5743 ], [ -8.6184, 40.5871 ], [ -8.622, 40.5864 ], [ -8.6269, 40.5915 ], [ -8.6372, 40.5938 ], [ -8.644, 40.6023 ], [ -8.6543, 40.6097 ], [ -8.6547, 40.6124 ], [ -8.6612, 40.6172 ], [ -8.6628, 40.6216 ], [ -8.6718, 40.6282 ], [ -8.6853, 40.631 ], [ -8.6895, 40.6376 ], [ -8.6771, 40.6387 ], [ -8.674, 40.6407 ], [ -8.6793, 40.6415 ], [ -8.689, 40.6393 ], [ -8.6985, 40.6543 ], [ -8.6985, 40.6593 ], [ -8.6971, 40.6593 ], [ -8.6943, 40.6654 ], [ -8.6882, 40.666 ], [ -8.6799, 40.6754 ], [ -8.6718, 40.6768 ], [ -8.6637, 40.6813 ], [ -8.6626, 40.6846 ], [ -8.6663, 40.6807 ], [ -8.6699, 40.6799 ], [ -8.6687, 40.6815 ], [ -8.6696, 40.6824 ], [ -8.6743, 40.6796 ], [ -8.6726, 40.6846 ], [ -8.6737, 40.6882 ], [ -8.6715, 40.6913 ], [ -8.6663, 40.6926 ], [ -8.664, 40.6899 ], [ -8.6621, 40.6899 ], [ -8.6637, 40.6915 ], [ -8.6624, 40.6921 ], [ -8.6568, 40.6893 ], [ -8.6588, 40.6926 ], [ -8.6546, 40.6943 ], [ -8.6599, 40.6937 ], [ -8.6613, 40.6954 ], [ -8.6668, 40.6943 ], [ -8.6685, 40.699 ], [ -8.6674, 40.7021 ], [ -8.6693, 40.7021 ], [ -8.6676, 40.7065 ], [ -8.6704, 40.7051 ], [ -8.6721, 40.7107 ], [ -8.6654, 40.7151 ], [ -8.6626, 40.7188 ], [ -8.6504, 40.721 ], [ -8.6471, 40.7193 ], [ -8.6449, 40.7201 ], [ -8.6449, 40.7218 ], [ -8.6485, 40.7229 ], [ -8.6493, 40.7263 ], [ -8.6446, 40.7257 ], [ -8.6371, 40.721 ], [ -8.6319, 40.7226 ], [ -8.6298, 40.7197 ], [ -8.6295, 40.7136 ], [ -8.6241, 40.7131 ], [ -8.6194, 40.7088 ], [ -8.6144, 40.7084 ], [ -8.6046, 40.7033 ], [ -8.6014, 40.7009 ], [ -8.6014, 40.6983 ], [ -8.5972, 40.693 ], [ -8.5879, 40.6921 ], [ -8.5841, 40.6895 ], [ -8.5794, 40.678 ], [ -8.5792, 40.6739 ], [ -8.5748, 40.6696 ], [ -8.5742, 40.6665 ], [ -8.5691, 40.6647 ], [ -8.57, 40.6627 ], [ -8.5724, 40.6633 ], [ -8.5727, 40.6564 ], [ -8.5707, 40.658 ], [ -8.5658, 40.6573 ], [ -8.5674, 40.6538 ], [ -8.5636, 40.6551 ], [ -8.563, 40.651 ], [ -8.5563, 40.6437 ], [ -8.555, 40.6346 ], [ -8.5451, 40.6291 ], [ -8.5312, 40.6106 ], [ -8.5233, 40.6091 ], [ -8.5217, 40.598 ], [ -8.5241, 40.5966 ], [ -8.5253, 40.5917 ], [ -8.5221, 40.5878 ], [ -8.521, 40.5837 ], [ -8.5377, 40.5775 ], [ -8.5414, 40.5706 ], [ -8.5501, 40.5676 ], [ -8.558, 40.5626 ], [ -8.566, 40.5636 ], [ -8.5688, 40.5542 ], [ -8.5701, 40.5537 ] ] ], [ [ [ -8.669, 40.6982 ], [ -8.6676, 40.6943 ], [ -8.6726, 40.6932 ], [ -8.6715, 40.6979 ], [ -8.669, 40.6982 ] ] ], [ [ [ -8.6699, 40.7174 ], [ -8.6657, 40.716 ], [ -8.671, 40.7124 ], [ -8.6726, 40.7124 ], [ -8.6735, 40.7146 ], [ -8.6757, 40.7135 ], [ -8.6776, 40.7149 ], [ -8.6746, 40.7182 ], [ -8.6699, 40.7174 ] ] ], [ [ [ -8.6896, 40.6379 ], [ -8.6896, 40.6378 ], [ -8.6897, 40.6379 ], [ -8.6896, 40.6379 ] ] ], [ [ [ -8.7174, 40.7018 ], [ -8.7207, 40.6924 ], [ -8.7179, 40.6785 ], [ -8.7237, 40.6699 ], [ -8.726, 40.6688 ], [ -8.7249, 40.6651 ], [ -8.7265, 40.6624 ], [ -8.7365, 40.6565 ], [ -8.7404, 40.6468 ], [ -8.754, 40.6463 ], [ -8.7632, 40.6432 ], [ -8.7601, 40.6457 ], [ -8.7535, 40.6471 ], [ -8.7515, 40.6512 ], [ -8.7437, 40.6718 ], [ -8.7338, 40.7066 ], [ -8.7165, 40.7027 ], [ -8.7174, 40.7018 ] ] ], [ [ [ -8.6821, 40.6935 ], [ -8.6779, 40.6913 ], [ -8.6793, 40.6879 ], [ -8.6782, 40.6846 ], [ -8.6868, 40.6813 ], [ -8.6904, 40.6749 ], [ -8.6926, 40.6749 ], [ -8.6932, 40.6715 ], [ -8.6799, 40.6813 ], [ -8.6785, 40.6815 ], [ -8.6765, 40.6787 ], [ -8.6851, 40.6765 ], [ -8.6885, 40.6704 ], [ -8.6938, 40.6696 ], [ -8.7007, 40.6629 ], [ -8.7151, 40.6618 ], [ -8.716, 40.664 ], [ -8.7138, 40.6657 ], [ -8.7104, 40.6646 ], [ -8.7126, 40.6679 ], [ -8.7124, 40.6746 ], [ -8.7065, 40.6771 ], [ -8.6949, 40.6785 ], [ -8.6882, 40.6882 ], [ -8.6863, 40.6876 ], [ -8.6874, 40.6901 ], [ -8.6854, 40.6935 ], [ -8.6835, 40.6946 ], [ -8.6821, 40.6935 ] ] ], [ [ [ -8.6799, 40.7074 ], [ -8.6774, 40.7071 ], [ -8.6749, 40.7024 ], [ -8.6799, 40.7007 ], [ -8.6893, 40.7007 ], [ -8.6912, 40.6951 ], [ -8.6951, 40.6924 ], [ -8.6946, 40.6899 ], [ -8.6962, 40.6899 ], [ -8.6921, 40.6885 ], [ -8.696, 40.6824 ], [ -8.6985, 40.6838 ], [ -8.7024, 40.6801 ], [ -8.7126, 40.6793 ], [ -8.7112, 40.6857 ], [ -8.7065, 40.6851 ], [ -8.7046, 40.6901 ], [ -8.6976, 40.6907 ], [ -8.7054, 40.6915 ], [ -8.7074, 40.6868 ], [ -8.7112, 40.6865 ], [ -8.7118, 40.6929 ], [ -8.7104, 40.6954 ], [ -8.699, 40.6999 ], [ -8.6976, 40.7026 ], [ -8.6987, 40.7043 ], [ -8.686, 40.7071 ], [ -8.6874, 40.7062 ], [ -8.6865, 40.7057 ], [ -8.6835, 40.7082 ], [ -8.6799, 40.7074 ] ] ], [ [ [ -8.6849, 40.699 ], [ -8.6846, 40.6971 ], [ -8.6796, 40.6971 ], [ -8.6796, 40.6963 ], [ -8.6868, 40.6957 ], [ -8.6896, 40.6899 ], [ -8.6935, 40.6913 ], [ -8.6879, 40.6999 ], [ -8.6849, 40.699 ] ] ], [ [ [ -8.7032, 40.7038 ], [ -8.7029, 40.7015 ], [ -8.7007, 40.7004 ], [ -8.7082, 40.6976 ], [ -8.7104, 40.6979 ], [ -8.7096, 40.6999 ], [ -8.7118, 40.6999 ], [ -8.7101, 40.7029 ], [ -8.7076, 40.7012 ], [ -8.7043, 40.7054 ], [ -8.7032, 40.7038 ] ] ], [ [ [ -8.6996, 40.711 ], [ -8.7029, 40.7096 ], [ -8.7032, 40.7071 ], [ -8.7065, 40.7071 ], [ -8.7015, 40.7124 ], [ -8.6974, 40.7129 ], [ -8.6996, 40.711 ] ] ] ] } },
{ "type": "Feature", "properties": { "GID_2": "PRT.1.6_1", "GID_0": "PRT", "COUNTRY": "Portugal", "GID_1": "PRT.1_1", "NAME_1": "Aveiro", "NL_NAME_1": "NA", "NAME_2": "CastelodePaiva", "VARNAME_2": "NA", "NL_NAME_2": "NA", "TYPE_2": "Concelho", "ENGTYPE_2": "Municipality", "CC_2": "0106", "HASC_2": "PT.AV.CP" }, "geometry": { "type": "MultiPolygon", "coordinates": [ [ [ [ -8.2367, 41.0054 ], [ -8.2342, 41.0021 ], [ -8.2377, 40.9997 ], [ -8.2431, 41.0005 ], [ -8.2448, 40.9904 ], [ -8.2424, 40.9748 ], [ -8.2442, 40.9721 ], [ -8.2405, 40.9636 ], [ -8.2528, 40.9678 ], [ -8.296, 40.9628 ], [ -8.3096, 40.9623 ], [ -8.3206, 40.965 ], [ -8.3219, 40.9692 ], [ -8.3241, 40.9701 ], [ -8.3228, 40.9712 ], [ -8.3239, 40.973 ], [ -8.3223, 40.9737 ], [ -8.325, 40.9774 ], [ -8.3208, 40.9793 ], [ -8.3264, 40.9838 ], [ -8.3308, 40.9833 ], [ -8.3337, 40.9811 ], [ -8.3351, 40.9831 ], [ -8.338, 40.9813 ], [ -8.3383, 40.9841 ], [ -8.3429, 40.9827 ], [ -8.3405, 40.9874 ], [ -8.3452, 40.9901 ], [ -8.3467, 40.9927 ], [ -8.3504, 40.9913 ], [ -8.3533, 40.9924 ], [ -8.3544, 40.9895 ], [ -8.3562, 40.9925 ], [ -8.358, 40.9926 ], [ -8.3591, 40.9913 ], [ -8.3576, 40.9897 ], [ -8.359, 40.9888 ], [ -8.3611, 40.9921 ], [ -8.3573, 40.9977 ], [ -8.3532, 40.9991 ], [ -8.3543, 41.0004 ], [ -8.3581, 41.0002 ], [ -8.3568, 41.002 ], [ -8.36, 41.0038 ], [ -8.3842, 41.0037 ], [ -8.385, 41.0109 ], [ -8.3878, 41.0134 ], [ -8.3854, 41.0156 ], [ -8.386, 41.0192 ], [ -8.3832, 41.0209 ], [ -8.3834, 41.0235 ], [ -8.3898, 41.0263 ], [ -8.3957, 41.0262 ], [ -8.4007, 41.0324 ], [ -8.4001, 41.0381 ], [ -8.3982, 41.0397 ], [ -8.3991, 41.0439 ], [ -8.3963, 41.0461 ], [ -8.3989, 41.0519 ], [ -8.3814, 41.0493 ], [ -8.3705, 41.0507 ], [ -8.3564, 41.0412 ], [ -8.3473, 41.0406 ], [ -8.3428, 41.0429 ], [ -8.3336, 41.0533 ], [ -8.327, 41.0579 ], [ -8.3134, 41.059 ], [ -8.3007, 41.0697 ], [ -8.2967, 41.0786 ], [ -8.2941, 41.0801 ], [ -8.2893, 41.0798 ], [ -8.2856, 41.0774 ], [ -8.2827, 41.0704 ], [ -8.2782, 41.0666 ], [ -8.2686, 41.0642 ], [ -8.2613, 41.0655 ], [ -8.2521, 41.0588 ], [ -8.2415, 41.0601 ], [ -8.2371, 41.0577 ], [ -8.2381, 41.049 ], [ -8.2307, 41.0461 ], [ -8.2299, 41.0359 ], [ -8.2309, 41.0324 ], [ -8.234, 41.0301 ], [ -8.2308, 41.0273 ], [ -8.2316, 41.0262 ], [ -8.233, 41.0258 ], [ -8.2349, 41.0283 ], [ -8.241, 41.0254 ], [ -8.2335, 41.0231 ], [ -8.235, 41.0199 ], [ -8.2381, 41.0187 ], [ -8.2339, 41.0165 ], [ -8.2351, 41.0128 ], [ -8.2326, 41.0085 ], [ -8.2368, 41.0074 ], [ -8.2367, 41.0054 ] ] ] ] } },
{ "type": "Feature", "properties": { "GID_2": "PRT.1.7_1", "GID_0": "PRT", "COUNTRY": "Portugal", "GID_1": "PRT.1_1", "NAME_1": "Aveiro", "NL_NAME_1": "NA", "NAME_2": "Espinho", "VARNAME_2": "NA", "NL_NAME_2": "NA", "TYPE_2": "Concelho", "ENGTYPE_2": "Municipality", "CC_2": "0107", "HASC_2": "PT.AV.EN" }, "geometry": { "type": "MultiPolygon", "coordinates": [ [ [ [ -8.6531, 40.9649 ], [ -8.6502, 40.9733 ], [ -8.6528, 40.9739 ], [ -8.6507, 40.9747 ], [ -8.6493, 40.9806 ], [ -8.6521, 40.9819 ], [ -8.649, 40.9826 ], [ -8.6478, 40.9888 ], [ -8.65, 40.9895 ], [ -8.6472, 40.9907 ], [ -8.6464, 40.9958 ], [ -8.6478, 40.9983 ], [ -8.6497, 40.998 ], [ -8.6512, 40.9984 ], [ -8.6479, 40.999 ], [ -8.6463, 41.0054 ], [ -8.6473, 41.0091 ], [ -8.6498, 41.0086 ], [ -8.6469, 41.01 ], [ -8.6456, 41.016 ], [ -8.6354, 41.0153 ], [ -8.631, 41.0184 ], [ -8.623, 41.0187 ], [ -8.6228, 41.0198 ], [ -8.6183, 41.0202 ], [ -8.6058, 41.0258 ], [ -8.594, 41.0142 ], [ -8.6028, 41.0102 ], [ -8.6011, 41.0037 ], [ -8.6029, 41.0016 ], [ -8.6028, 40.9893 ], [ -8.6067, 40.9881 ], [ -8.6074, 40.9848 ], [ -8.613, 40.9856 ], [ -8.6107, 40.9736 ], [ -8.6148, 40.9705 ], [ -8.6224, 40.968 ], [ -8.6531, 40.9649 ] ] ] ] } },
{ "type": "Feature", "properties": { "GID_2": "PRT.1.8_1", "GID_0": "PRT", "COUNTRY": "Portugal", "GID_1": "PRT.1_1", "NAME_1": "Aveiro", "NL_NAME_1": "NA", "NAME_2": "Estarreja", "VARNAME_2": "NA", "NL_NAME_2": "NA", "TYPE_2": "Concelho", "ENGTYPE_2": "Municipality", "CC_2": "0108", "HASC_2": "PT.AV.ER" }, "geometry": { "type": "MultiPolygon", "coordinates": [ [ [ [ -8.5231, 40.7075 ], [ -8.5372, 40.6899 ], [ -8.5404, 40.692 ], [ -8.5417, 40.6902 ], [ -8.5465, 40.6893 ], [ -8.5612, 40.6888 ], [ -8.5622, 40.6906 ], [ -8.565, 40.6904 ], [ -8.5673, 40.6951 ], [ -8.5667, 40.698 ], [ -8.572, 40.7037 ], [ -8.5803, 40.7034 ], [ -8.5824, 40.7053 ], [ -8.5826, 40.7085 ], [ -8.5904, 40.7113 ], [ -8.6, 40.7114 ], [ -8.6021, 40.7101 ], [ -8.6085, 40.7126 ], [ -8.6094, 40.7164 ], [ -8.6053, 40.7194 ], [ -8.6038, 40.723 ], [ -8.6126, 40.726 ], [ -8.6107, 40.7276 ], [ -8.6207, 40.7279 ], [ -8.6146, 40.7296 ], [ -8.6118, 40.7321 ], [ -8.6154, 40.7324 ], [ -8.6176, 40.7362 ], [ -8.6197, 40.7371 ], [ -8.6176, 40.7406 ], [ -8.6235, 40.7425 ], [ -8.6303, 40.7496 ], [ -8.6286, 40.7552 ], [ -8.6301, 40.758 ], [ -8.6289, 40.7604 ], [ -8.6234, 40.7635 ], [ -8.6116, 40.7661 ], [ -8.6077, 40.7688 ], [ -8.6051, 40.7733 ], [ -8.5937, 40.7711 ], [ -8.5996, 40.7773 ], [ -8.6044, 40.7758 ], [ -8.607, 40.7763 ], [ -8.6078, 40.778 ], [ -8.6161, 40.7793 ], [ -8.6178, 40.7782 ], [ -8.6291, 40.7877 ], [ -8.6326, 40.7875 ], [ -8.6342, 40.7899 ], [ -8.6393, 40.7921 ], [ -8.6473, 40.7918 ], [ -8.6512, 40.7933 ], [ -8.6544, 40.7899 ], [ -8.6646, 40.7926 ], [ -8.6424, 40.8104 ], [ -8.6401, 40.8107 ], [ -8.6401, 40.8124 ], [ -8.636, 40.814 ], [ -8.6357, 40.8157 ], [ -8.6237, 40.8134 ], [ -8.6147, 40.8155 ], [ -8.5967, 40.8162 ], [ -8.5806, 40.8203 ], [ -8.5742, 40.8238 ], [ -8.5728, 40.8217 ], [ -8.5659, 40.8215 ], [ -8.56, 40.8257 ], [ -8.5442, 40.8273 ], [ -8.5426, 40.8286 ], [ -8.5449, 40.8318 ], [ -8.5396, 40.833 ], [ -8.5251, 40.8317 ], [ -8.5351, 40.8251 ], [ -8.5323, 40.8187 ], [ -8.5434, 40.8183 ], [ -8.5429, 40.8171 ], [ -8.5489, 40.8151 ], [ -8.5491, 40.7997 ], [ -8.5445, 40.799 ], [ -8.5475, 40.7966 ], [ -8.5462, 40.7925 ], [ -8.5491, 40.7918 ], [ -8.5473, 40.7874 ], [ -8.539, 40.7837 ], [ -8.5323, 40.7834 ], [ -8.5297, 40.7806 ], [ -8.5306, 40.7797 ], [ -8.5208, 40.7804 ], [ -8.5159, 40.776 ], [ -8.5188, 40.7689 ], [ -8.5262, 40.7655 ], [ -8.5316, 40.7599 ], [ -8.5278, 40.7491 ], [ -8.5252, 40.7465 ], [ -8.5282, 40.7426 ], [ -8.5242, 40.731 ], [ -8.5177, 40.7297 ], [ -8.5171, 40.7243 ], [ -8.5118, 40.7188 ], [ -8.5115, 40.714 ], [ -8.5231, 40.7075 ] ] ] ] } },
{ "type": "Feature", "properties": { "GID_2": "PRT.1.9_1", "GID_0": "PRT", "COUNTRY": "Portugal", "GID_1": "PRT.1_1", "NAME_1": "Aveiro", "NL_NAME_1": "NA", "NAME_2": "Ílhavo", "VARNAME_2": "NA", "NL_NAME_2": "NA", "TYPE_2": "Concelho", "ENGTYPE_2": "Municipality", "CC_2": "0110", "HASC_2": "PT.AV.IL" }, "geometry": { "type": "MultiPolygon", "coordinates": [ [ [ [ -8.666, 40.6236 ], [ -8.6623, 40.6211 ], [ -8.6612, 40.6172 ], [ -8.6547, 40.6123 ], [ -8.6542, 40.6095 ], [ -8.644, 40.6023 ], [ -8.6372, 40.5938 ], [ -8.6269, 40.5915 ], [ -8.622, 40.5864 ], [ -8.6184, 40.5871 ], [ -8.622, 40.5743 ], [ -8.624, 40.5739 ], [ -8.6248, 40.5717 ], [ -8.6338, 40.5713 ], [ -8.6383, 40.5661 ], [ -8.6485, 40.5658 ], [ -8.6512, 40.5676 ], [ -8.6576, 40.5656 ], [ -8.6675, 40.5684 ], [ -8.6769, 40.5624 ], [ -8.6813, 40.5655 ], [ -8.6797, 40.5734 ], [ -8.6835, 40.5781 ], [ -8.7444, 40.5779 ], [ -8.7661, 40.5829 ], [ -8.7541, 40.6151 ], [ -8.7494, 40.6352 ], [ -8.7498, 40.6402 ], [ -8.7587, 40.6421 ], [ -8.7499, 40.6407 ], [ -8.7471, 40.6443 ], [ -8.7399, 40.6437 ], [ -8.7315, 40.6507 ], [ -8.7299, 40.6507 ], [ -8.7254, 40.6446 ], [ -8.7229, 40.6446 ], [ -8.7237, 40.6482 ], [ -8.7218, 40.651 ], [ -8.726, 40.6549 ], [ -8.7226, 40.6557 ], [ -8.7224, 40.6579 ], [ -8.7138, 40.6596 ], [ -8.7076, 40.6585 ], [ -8.7021, 40.6543 ], [ -8.701, 40.6507 ], [ -8.6971, 40.6479 ], [ -8.6957, 40.6424 ], [ -8.6899, 40.6382 ], [ -8.6853, 40.631 ], [ -8.6718, 40.6282 ], [ -8.666, 40.6236 ] ] ], [ [ [ -8.7404, 40.6465 ], [ -8.7414, 40.6465 ], [ -8.7404, 40.6468 ], [ -8.7404, 40.6465 ] ] ] ] } },
{ "type": "Feature", "properties": { "GID_2": "PRT.1.11_1", "GID_0": "PRT", "COUNTRY": "Portugal", "GID_1": "PRT.1_1", "NAME_1": "Aveiro", "NL_NAME_1": "NA", "NAME_2": "Murtosa", "VARNAME_2": "NA", "NL_NAME_2": "NA", "TYPE_2": "Concelho", "ENGTYPE_2": "Municipality", "CC_2": "0112", "HASC_2": "PT.AV.MU" }, "geometry": { "type": "MultiPolygon", "coordinates": [ [ [ [ -8.6297, 40.7494 ], [ -8.6235, 40.7425 ], [ -8.6176, 40.7406 ], [ -8.6198, 40.7376 ], [ -8.6172, 40.7356 ], [ -8.6285, 40.7304 ], [ -8.6282, 40.7271 ], [ -8.6299, 40.7251 ], [ -8.6379, 40.7232 ], [ -8.6476, 40.7301 ], [ -8.6538, 40.7293 ], [ -8.6607, 40.7304 ], [ -8.6624, 40.7321 ], [ -8.6621, 40.7285 ], [ -8.6685, 40.7274 ], [ -8.6743, 40.7335 ], [ -8.679, 40.7432 ], [ -8.6765, 40.7499 ], [ -8.6768, 40.756 ], [ -8.679, 40.7596 ], [ -8.6799, 40.7676 ], [ -8.6838, 40.7682 ], [ -8.6826, 40.7793 ], [ -8.6796, 40.7832 ], [ -8.6726, 40.7874 ], [ -8.6724, 40.789 ], [ -8.6646, 40.7926 ], [ -8.6544, 40.7899 ], [ -8.6512, 40.7933 ], [ -8.6473, 40.7918 ], [ -8.6438, 40.7927 ], [ -8.6344, 40.79 ], [ -8.6326, 40.7875 ], [ -8.6291, 40.7877 ], [ -8.6173, 40.778 ], [ -8.6161, 40.7793 ], [ -8.6078, 40.778 ], [ -8.607, 40.7763 ], [ -8.6044, 40.7758 ], [ -8.5996, 40.7773 ], [ -8.5937, 40.7711 ], [ -8.6051, 40.7733 ], [ -8.6077, 40.7688 ], [ -8.6116, 40.7661 ], [ -8.6234, 40.7635 ], [ -8.6289, 40.7604 ], [ -8.6301, 40.758 ], [ -8.6286, 40.7552 ], [ -8.6297, 40.7494 ] ] ], [ [ [ -8.7173, 40.7029 ], [ -8.7338, 40.7068 ], [ -8.7143, 40.7554 ], [ -8.7138, 40.7604 ], [ -8.6976, 40.8037 ], [ -8.6946, 40.8161 ], [ -8.6739, 40.8132 ], [ -8.6693, 40.8201 ], [ -8.6676, 40.8201 ], [ -8.6679, 40.8149 ], [ -8.6735, 40.8015 ], [ -8.6729, 40.7949 ], [ -8.6746, 40.7904 ], [ -8.6874, 40.7824 ], [ -8.694, 40.7718 ], [ -8.6943, 40.7674 ], [ -8.6968, 40.7663 ], [ -8.7015, 40.7571 ], [ -8.7015, 40.7526 ], [ -8.6962, 40.739 ], [ -8.6962, 40.7332 ], [ -8.6996, 40.7268 ], [ -8.6985, 40.7185 ], [ -8.7065, 40.7137 ], [ -8.7173, 40.7029 ] ] ] ] } },
{ "type": "Feature", "properties": { "GID_2": "PRT.1.12_1", "GID_0": "PRT", "COUNTRY": "Portugal", "GID_1": "PRT.1_1", "NAME_1": "Aveiro", "NL_NAME_1": "NA", "NAME_2": "OliveiradeAzeméis", "VARNAME_2": "NA", "NL_NAME_2": "NA", "TYPE_2": "Concelho", "ENGTYPE_2": "Municipality", "CC_2": "0113", "HASC_2": "PT.AV.OA" }, "geometry": { "type": "MultiPolygon", "coordinates": [ [ [ [ -8.4688, 40.777 ], [ -8.4761, 40.7748 ], [ -8.4789, 40.7724 ], [ -8.4878, 40.7718 ], [ -8.4912, 40.7696 ], [ -8.4977, 40.7711 ], [ -8.4972, 40.7641 ], [ -8.4997, 40.7607 ], [ -8.5031, 40.7594 ], [ -8.5087, 40.7589 ], [ -8.5158, 40.7606 ], [ -8.5189, 40.7633 ], [ -8.5264, 40.7653 ], [ -8.5188, 40.7689 ], [ -8.5159, 40.776 ], [ -8.5208, 40.7804 ], [ -8.5306, 40.7797 ], [ -8.5297, 40.7806 ], [ -8.5323, 40.7834 ], [ -8.539, 40.7837 ], [ -8.5473, 40.7874 ], [ -8.5491, 40.7918 ], [ -8.5462, 40.7925 ], [ -8.5475, 40.7966 ], [ -8.5445, 40.799 ], [ -8.5491, 40.7997 ], [ -8.5489, 40.8151 ], [ -8.5429, 40.8171 ], [ -8.5434, 40.8183 ], [ -8.5323, 40.8187 ], [ -8.5351, 40.8251 ], [ -8.5251, 40.8317 ], [ -8.5282, 40.833 ], [ -8.5381, 40.8322 ], [ -8.5404, 40.8407 ], [ -8.5489, 40.8442 ], [ -8.5508, 40.849 ], [ -8.5454, 40.8535 ], [ -8.5265, 40.8619 ], [ -8.5282, 40.8655 ], [ -8.5244, 40.8669 ], [ -8.5239, 40.8684 ], [ -8.5291, 40.8733 ], [ -8.5243, 40.8813 ], [ -8.5251, 40.885 ], [ -8.5232, 40.8907 ], [ -8.512, 40.8929 ], [ -8.4994, 40.881 ], [ -8.4849, 40.8788 ], [ -8.4819, 40.8815 ], [ -8.4807, 40.88 ], [ -8.4766, 40.8874 ], [ -8.4744, 40.8878 ], [ -8.4764, 40.8906 ], [ -8.4738, 40.8944 ], [ -8.4775, 40.8989 ], [ -8.4762, 40.9025 ], [ -8.4733, 40.9035 ], [ -8.474, 40.9048 ], [ -8.4727, 40.9054 ], [ -8.4687, 40.9049 ], [ -8.4653, 40.9079 ], [ -8.4663, 40.9101 ], [ -8.4651, 40.9126 ], [ -8.4603, 40.913 ], [ -8.4526, 40.9193 ], [ -8.4576, 40.9241 ], [ -8.4538, 40.9269 ], [ -8.4557, 40.9304 ], [ -8.4514, 40.9329 ], [ -8.4398, 40.9302 ], [ -8.4365, 40.9327 ], [ -8.4358, 40.9374 ], [ -8.4284, 40.9343 ], [ -8.422, 40.9341 ], [ -8.4183, 40.9298 ], [ -8.4136, 40.9276 ], [ -8.4083, 40.9277 ], [ -8.4015, 40.9209 ], [ -8.3965, 40.9137 ], [ -8.3951, 40.9061 ], [ -8.3851, 40.905 ], [ -8.3869, 40.8998 ], [ -8.3939, 40.8975 ], [ -8.4014, 40.8898 ], [ -8.4021, 40.8879 ], [ -8.4002, 40.8835 ], [ -8.3947, 40.8799 ], [ -8.3994, 40.873 ], [ -8.4038, 40.8708 ], [ -8.4065, 40.873 ], [ -8.4075, 40.8715 ], [ -8.4136, 40.8743 ], [ -8.4148, 40.8733 ], [ -8.4144, 40.8691 ], [ -8.4245, 40.8673 ], [ -8.4246, 40.8626 ], [ -8.4212, 40.8561 ], [ -8.4229, 40.8426 ], [ -8.4184, 40.8397 ], [ -8.4146, 40.8402 ], [ -8.409, 40.8325 ], [ -8.4103, 40.8198 ], [ -8.4065, 40.8173 ], [ -8.398, 40.8174 ], [ -8.4026, 40.8114 ], [ -8.4019, 40.8018 ], [ -8.4079, 40.8055 ], [ -8.4168, 40.8061 ], [ -8.4276, 40.8048 ], [ -8.4347, 40.8006 ], [ -8.4272, 40.7948 ], [ -8.4265, 40.792 ], [ -8.4223, 40.7899 ], [ -8.4061, 40.788 ], [ -8.4086, 40.7817 ], [ -8.4071, 40.7762 ], [ -8.4152, 40.7726 ], [ -8.4158, 40.7681 ], [ -8.4172, 40.768 ], [ -8.4282, 40.7716 ], [ -8.4333, 40.7751 ], [ -8.4323, 40.7762 ], [ -8.4352, 40.7799 ], [ -8.4455, 40.7778 ], [ -8.4534, 40.7808 ], [ -8.4606, 40.775 ], [ -8.4688, 40.777 ] ] ] ] } },
{ "type": "Feature", "properties": { "GID_2": "PRT.1.14_1", "GID_0": "PRT", "COUNTRY": "Portugal", "GID_1": "PRT.1_1", "NAME_1": "Aveiro", "NL_NAME_1": "NA", "NAME_2": "Ovar", "VARNAME_2": "NA", "NL_NAME_2": "NA", "TYPE_2": "Concelho", "ENGTYPE_2": "Municipality", "CC_2": "0115", "HASC_2": "PT.AV.OV" }, "geometry": { "type": "MultiPolygon", "coordinates": [ [ [ [ -8.542, 40.8324 ], [ -8.5449, 40.8318 ], [ -8.5426, 40.8286 ], [ -8.5441, 40.8273 ], [ -8.56, 40.8257 ], [ -8.5655, 40.8216 ], [ -8.5728, 40.8217 ], [ -8.5739, 40.8239 ], [ -8.5806, 40.8203 ], [ -8.5948, 40.8165 ], [ -8.6147, 40.8155 ], [ -8.6244, 40.8134 ], [ -8.6324, 40.8174 ], [ -8.6304, 40.8235 ], [ -8.6357, 40.8213 ], [ -8.6382, 40.8221 ], [ -8.631, 40.826 ], [ -8.6396, 40.8243 ], [ -8.6421, 40.8179 ], [ -8.6465, 40.8218 ], [ -8.6488, 40.8296 ], [ -8.6457, 40.8318 ], [ -8.646, 40.8338 ], [ -8.6437, 40.8349 ], [ -8.6421, 40.8385 ], [ -8.644, 40.8407 ], [ -8.6471, 40.8368 ], [ -8.6476, 40.8332 ], [ -8.6504, 40.8326 ], [ -8.6515, 40.8304 ], [ -8.651, 40.8251 ], [ -8.6465, 40.8168 ], [ -8.6471, 40.8138 ], [ -8.656, 40.8051 ], [ -8.6676, 40.8004 ], [ -8.669, 40.8018 ], [ -8.6687, 40.8115 ], [ -8.6663, 40.8129 ], [ -8.6649, 40.8187 ], [ -8.6588, 40.8268 ], [ -8.6582, 40.8307 ], [ -8.6593, 40.831 ], [ -8.6604, 40.839 ], [ -8.6579, 40.8435 ], [ -8.6585, 40.846 ], [ -8.6543, 40.8488 ], [ -8.6546, 40.8596 ], [ -8.656, 40.8607 ], [ -8.6582, 40.859 ], [ -8.6588, 40.8482 ], [ -8.6615, 40.846 ], [ -8.6637, 40.8396 ], [ -8.6618, 40.8296 ], [ -8.6657, 40.8271 ], [ -8.6676, 40.8201 ], [ -8.6693, 40.8201 ], [ -8.6726, 40.8142 ], [ -8.6748, 40.8132 ], [ -8.6946, 40.8161 ], [ -8.684, 40.8446 ], [ -8.6843, 40.8471 ], [ -8.6818, 40.8504 ], [ -8.679, 40.864 ], [ -8.6771, 40.8662 ], [ -8.6778, 40.8728 ], [ -8.6792, 40.8733 ], [ -8.6726, 40.8868 ], [ -8.6675, 40.9028 ], [ -8.6607, 40.9292 ], [ -8.661, 40.9311 ], [ -8.6629, 40.9314 ], [ -8.6592, 40.9394 ], [ -8.6613, 40.9401 ], [ -8.6571, 40.949 ], [ -8.6593, 40.9501 ], [ -8.657, 40.9515 ], [ -8.6557, 40.9572 ], [ -8.6575, 40.9577 ], [ -8.6562, 40.9578 ], [ -8.6531, 40.9647 ], [ -8.6216, 40.9682 ], [ -8.6145, 40.9706 ], [ -8.6107, 40.9736 ], [ -8.6108, 40.9762 ], [ -8.603, 40.9727 ], [ -8.5998, 40.9673 ], [ -8.6035, 40.9556 ], [ -8.6042, 40.9476 ], [ -8.6027, 40.9413 ], [ -8.5992, 40.9386 ], [ -8.5944, 40.931 ], [ -8.5954, 40.9266 ], [ -8.5933, 40.9244 ], [ -8.594, 40.9225 ], [ -8.5819, 40.911 ], [ -8.5812, 40.9082 ], [ -8.5802, 40.8951 ], [ -8.5813, 40.8929 ], [ -8.5874, 40.8905 ], [ -8.5778, 40.8838 ], [ -8.5701, 40.8743 ], [ -8.5668, 40.8747 ], [ -8.5649, 40.8731 ], [ -8.5599, 40.8749 ], [ -8.554, 40.8719 ], [ -8.5385, 40.8821 ], [ -8.5346, 40.8889 ], [ -8.5309, 40.8916 ], [ -8.5232, 40.8907 ], [ -8.5251, 40.885 ], [ -8.5243, 40.8813 ], [ -8.5291, 40.8733 ], [ -8.5239, 40.8684 ], [ -8.5244, 40.8669 ], [ -8.5282, 40.8655 ], [ -8.5265, 40.8619 ], [ -8.5454, 40.8535 ], [ -8.5508, 40.849 ], [ -8.5489, 40.8442 ], [ -8.5404, 40.8407 ], [ -8.5389, 40.833 ], [ -8.542, 40.8324 ] ] ] ] } },
{ "type": "Feature", "properties": { "GID_2": "PRT.1.15_1", "GID_0": "PRT", "COUNTRY": "Portugal", "GID_1": "PRT.1_1", "NAME_1": "Aveiro", "NL_NAME_1": "NA", "NAME_2": "SantaMariadaFeira", "VARNAME_2": "Feira", "NL_NAME_2": "NA", "TYPE_2": "Concelho", "ENGTYPE_2": "Municipality", "CC_2": "0109", "HASC_2": "PT.AV.SM" }, "geometry": { "type": "MultiPolygon", "coordinates": [ [ [ [ -8.5864, 40.8912 ], [ -8.5813, 40.8929 ], [ -8.5802, 40.8951 ], [ -8.5819, 40.911 ], [ -8.594, 40.9225 ], [ -8.5933, 40.9244 ], [ -8.5954, 40.9266 ], [ -8.5944, 40.931 ], [ -8.5992, 40.9386 ], [ -8.6027, 40.9413 ], [ -8.6042, 40.9476 ], [ -8.6035, 40.9556 ], [ -8.5998, 40.9673 ], [ -8.6032, 40.9729 ], [ -8.6108, 40.9762 ], [ -8.613, 40.9856 ], [ -8.6074, 40.9848 ], [ -8.6067, 40.9881 ], [ -8.6028, 40.9893 ], [ -8.6029, 41.0016 ], [ -8.6011, 41.0037 ], [ -8.6022, 41.0056 ], [ -8.6013, 41.009 ], [ -8.5887, 41.0134 ], [ -8.5659, 41.0138 ], [ -8.5572, 41.0156 ], [ -8.5575, 41.0183 ], [ -8.5541, 41.0231 ], [ -8.5549, 41.0264 ], [ -8.5415, 41.0359 ], [ -8.5418, 41.0374 ], [ -8.5357, 41.0364 ], [ -8.5284, 41.0405 ], [ -8.5277, 41.0357 ], [ -8.5153, 41.0157 ], [ -8.5056, 41.0096 ], [ -8.4976, 41.0117 ], [ -8.4947, 41.0104 ], [ -8.4887, 41.0129 ], [ -8.4917, 41.0224 ], [ -8.4775, 41.0248 ], [ -8.475, 41.0285 ], [ -8.4666, 41.0303 ], [ -8.4696, 41.0323 ], [ -8.4759, 41.0315 ], [ -8.4757, 41.034 ], [ -8.4817, 41.0349 ], [ -8.4926, 41.0396 ], [ -8.4895, 41.0492 ], [ -8.4862, 41.0527 ], [ -8.4769, 41.0529 ], [ -8.4772, 41.0517 ], [ -8.466, 41.0483 ], [ -8.4568, 41.0424 ], [ -8.4514, 41.0474 ], [ -8.4516, 41.05 ], [ -8.4487, 41.0535 ], [ -8.432, 41.0379 ], [ -8.4284, 41.0366 ], [ -8.4292, 41.0332 ], [ -8.433, 41.0293 ], [ -8.4286, 41.0235 ], [ -8.43, 41.0225 ], [ -8.419, 41.0184 ], [ -8.4152, 41.0151 ], [ -8.3968, 41.0124 ], [ -8.3888, 41.0045 ], [ -8.3902, 40.9985 ], [ -8.3962, 40.9941 ], [ -8.3975, 40.9899 ], [ -8.4053, 40.9834 ], [ -8.4103, 40.9825 ], [ -8.418, 40.972 ], [ -8.4208, 40.9726 ], [ -8.4219, 40.9712 ], [ -8.4268, 40.9726 ], [ -8.428, 40.9714 ], [ -8.4284, 40.9698 ], [ -8.4262, 40.9676 ], [ -8.4289, 40.9633 ], [ -8.4283, 40.962 ], [ -8.4327, 40.9599 ], [ -8.4315, 40.9573 ], [ -8.4342, 40.9561 ], [ -8.4324, 40.9542 ], [ -8.4332, 40.953 ], [ -8.4272, 40.9482 ], [ -8.4293, 40.9456 ], [ -8.4336, 40.9444 ], [ -8.429, 40.9398 ], [ -8.4291, 40.9381 ], [ -8.4318, 40.9357 ], [ -8.4336, 40.9356 ], [ -8.4337, 40.936 ], [ -8.4354, 40.9374 ], [ -8.4358, 40.9374 ], [ -8.4365, 40.9327 ], [ -8.4398, 40.9302 ], [ -8.4514, 40.9329 ], [ -8.4557, 40.9304 ], [ -8.4538, 40.9269 ], [ -8.4576, 40.9241 ], [ -8.4526, 40.9193 ], [ -8.4603, 40.913 ], [ -8.4651, 40.9126 ], [ -8.4663, 40.9101 ], [ -8.4653, 40.9079 ], [ -8.4687, 40.9049 ], [ -8.4727, 40.9054 ], [ -8.474, 40.9048 ], [ -8.4733, 40.9035 ], [ -8.4762, 40.9025 ], [ -8.4818, 40.9138 ], [ -8.4891, 40.9166 ], [ -8.491, 40.9152 ], [ -8.4915, 40.9109 ], [ -8.4985, 40.9077 ], [ -8.5024, 40.9006 ], [ -8.5089, 40.8943 ], [ -8.522, 40.8907 ], [ -8.5309, 40.8916 ], [ -8.5346, 40.8889 ], [ -8.5385, 40.8821 ], [ -8.554, 40.8719 ], [ -8.5599, 40.8749 ], [ -8.5649, 40.8731 ], [ -8.5668, 40.8747 ], [ -8.5701, 40.8743 ], [ -8.5797, 40.8855 ], [ -8.5864, 40.8893 ], [ -8.5874, 40.8905 ], [ -8.5864, 40.8912 ] ] ] ] } },
{ "type": "Feature", "properties": { "GID_2": "PRT.1.16_1", "GID_0": "PRT", "COUNTRY": "Portugal", "GID_1": "PRT.1_1", "NAME_1": "Aveiro", "NL_NAME_1": "NA", "NAME_2": "SãoJoãodaMadeira", "VARNAME_2": "NA", "NL_NAME_2": "NA", "TYPE_2": "Concelho", "ENGTYPE_2": "Municipality", "CC_2": "0116", "HASC_2": "PT.AV.SJ" }, "geometry": { "type": "MultiPolygon", "coordinates": [ [ [ [ -8.4762, 40.9025 ], [ -8.4775, 40.8989 ], [ -8.4738, 40.8944 ], [ -8.4764, 40.8906 ], [ -8.4744, 40.8878 ], [ -8.4766, 40.8874 ], [ -8.4807, 40.88 ], [ -8.4826, 40.8815 ], [ -8.4849, 40.8788 ], [ -8.4994, 40.881 ], [ -8.512, 40.8929 ], [ -8.5025, 40.9005 ], [ -8.4985, 40.9077 ], [ -8.4915, 40.9109 ], [ -8.491, 40.9152 ], [ -8.4891, 40.9166 ], [ -8.4818, 40.9138 ], [ -8.4762, 40.9025 ] ] ] ] } },
{ "type": "Feature", "properties": { "GID_2": "PRT.1.17_1", "GID_0": "PRT", "COUNTRY": "Portugal", "GID_1": "PRT.1_1", "NAME_1": "Aveiro", "NL_NAME_1": "NA", "NAME_2": "SeverdoVouga", "VARNAME_2": "NA", "NL_NAME_2": "NA", "TYPE_2": "Concelho", "ENGTYPE_2": "Municipality", "CC_2": "0117", "HASC_2": "PT.AV.SV" }, "geometry": { "type": "MultiPolygon", "coordinates": [ [ [ [ -8.3745, 40.6684 ], [ -8.3729, 40.675 ], [ -8.3747, 40.6799 ], [ -8.3744, 40.6874 ], [ -8.3779, 40.6941 ], [ -8.3885, 40.6897 ], [ -8.3954, 40.6908 ], [ -8.4101, 40.6868 ], [ -8.4134, 40.6903 ], [ -8.4164, 40.6906 ], [ -8.415, 40.7184 ], [ -8.4103, 40.7419 ], [ -8.4111, 40.746 ], [ -8.4083, 40.7511 ], [ -8.4079, 40.7576 ], [ -8.409, 40.7662 ], [ -8.4162, 40.7671 ], [ -8.4161, 40.771 ], [ -8.4071, 40.7762 ], [ -8.4086, 40.7817 ], [ -8.4061, 40.788 ], [ -8.3988, 40.788 ], [ -8.3936, 40.7962 ], [ -8.3947, 40.7992 ], [ -8.3861, 40.7959 ], [ -8.3837, 40.7986 ], [ -8.3716, 40.7994 ], [ -8.37, 40.7967 ], [ -8.3673, 40.7969 ], [ -8.3571, 40.7871 ], [ -8.35, 40.7866 ], [ -8.3467, 40.7813 ], [ -8.3393, 40.7771 ], [ -8.3319, 40.7841 ], [ -8.3187, 40.7871 ], [ -8.3144, 40.7861 ], [ -8.3083, 40.7797 ], [ -8.304, 40.7794 ], [ -8.2963, 40.7818 ], [ -8.2846, 40.7817 ], [ -8.2811, 40.7778 ], [ -8.2804, 40.7801 ], [ -8.2711, 40.7651 ], [ -8.2736, 40.7631 ], [ -8.2749, 40.7652 ], [ -8.2768, 40.7639 ], [ -8.2766, 40.7621 ], [ -8.2721, 40.7603 ], [ -8.2729, 40.7567 ], [ -8.2791, 40.7582 ], [ -8.2874, 40.7519 ], [ -8.2938, 40.7508 ], [ -8.2958, 40.7478 ], [ -8.3046, 40.7456 ], [ -8.3088, 40.7426 ], [ -8.3155, 40.7415 ], [ -8.3212, 40.7427 ], [ -8.3254, 40.7394 ], [ -8.332, 40.7401 ], [ -8.3336, 40.737 ], [ -8.3316, 40.7298 ], [ -8.3273, 40.7268 ], [ -8.3235, 40.7195 ], [ -8.3258, 40.7106 ], [ -8.3212, 40.7056 ], [ -8.3138, 40.7038 ], [ -8.3101, 40.6954 ], [ -8.3071, 40.6926 ], [ -8.2975, 40.6941 ], [ -8.2966, 40.6902 ], [ -8.2989, 40.6817 ], [ -8.2981, 40.6758 ], [ -8.2917, 40.6689 ], [ -8.2888, 40.669 ], [ -8.293, 40.6525 ], [ -8.2953, 40.6546 ], [ -8.3004, 40.65 ], [ -8.3019, 40.6503 ], [ -8.3044, 40.6462 ], [ -8.3039, 40.6441 ], [ -8.3074, 40.6457 ], [ -8.3118, 40.6434 ], [ -8.3173, 40.647 ], [ -8.3214, 40.6452 ], [ -8.3223, 40.6426 ], [ -8.3279, 40.6432 ], [ -8.3286, 40.6414 ], [ -8.3258, 40.6395 ], [ -8.329, 40.6368 ], [ -8.3611, 40.6512 ], [ -8.364, 40.6555 ], [ -8.364, 40.6595 ], [ -8.3745, 40.6684 ] ] ] ] } },
{ "type": "Feature", "properties": { "GID_2": "PRT.1.19_1", "GID_0": "PRT", "COUNTRY": "Portugal", "GID_1": "PRT.1_1", "NAME_1": "Aveiro", "NL_NAME_1": "NA", "NAME_2": "ValedeCambra", "VARNAME_2": "NA", "NL_NAME_2": "NA", "TYPE_2": "Concelho", "ENGTYPE_2": "Municipality", "CC_2": "0119", "HASC_2": "PT.AV.VC" }, "geometry": { "type": "MultiPolygon", "coordinates": [ [ [ [ -8.318, 40.7871 ], [ -8.3319, 40.7841 ], [ -8.3393, 40.7771 ], [ -8.3467, 40.7813 ], [ -8.35, 40.7866 ], [ -8.3571, 40.7871 ], [ -8.3673, 40.7969 ], [ -8.37, 40.7967 ], [ -8.3716, 40.7994 ], [ -8.3837, 40.7986 ], [ -8.3861, 40.7959 ], [ -8.3947, 40.7992 ], [ -8.3936, 40.7962 ], [ -8.3988, 40.788 ], [ -8.4072, 40.788 ], [ -8.4223, 40.7899 ], [ -8.4265, 40.792 ], [ -8.4272, 40.7948 ], [ -8.4347, 40.8006 ], [ -8.4276, 40.8048 ], [ -8.4168, 40.8061 ], [ -8.4079, 40.8055 ], [ -8.4017, 40.8021 ], [ -8.4026, 40.8114 ], [ -8.398, 40.8174 ], [ -8.4065, 40.8173 ], [ -8.4103, 40.8198 ], [ -8.409, 40.8325 ], [ -8.4146, 40.8402 ], [ -8.4184, 40.8397 ], [ -8.4229, 40.8426 ], [ -8.4212, 40.8561 ], [ -8.4246, 40.8626 ], [ -8.4245, 40.8673 ], [ -8.4144, 40.8691 ], [ -8.4148, 40.8733 ], [ -8.4136, 40.8743 ], [ -8.4075, 40.8715 ], [ -8.4065, 40.873 ], [ -8.4038, 40.8708 ], [ -8.3994, 40.873 ], [ -8.3947, 40.8799 ], [ -8.4002, 40.8835 ], [ -8.4021, 40.8879 ], [ -8.4014, 40.8898 ], [ -8.3939, 40.8975 ], [ -8.3869, 40.8998 ], [ -8.3859, 40.9039 ], [ -8.381, 40.9016 ], [ -8.3759, 40.9024 ], [ -8.3726, 40.899 ], [ -8.3667, 40.898 ], [ -8.3642, 40.8957 ], [ -8.3577, 40.8969 ], [ -8.344, 40.8884 ], [ -8.3271, 40.8872 ], [ -8.298, 40.8716 ], [ -8.2914, 40.8661 ], [ -8.2855, 40.8579 ], [ -8.2797, 40.8448 ], [ -8.2551, 40.8559 ], [ -8.2495, 40.8495 ], [ -8.2473, 40.8432 ], [ -8.2368, 40.8275 ], [ -8.2395, 40.8182 ], [ -8.2443, 40.8115 ], [ -8.2434, 40.8073 ], [ -8.2473, 40.8042 ], [ -8.2518, 40.8039 ], [ -8.2523, 40.8021 ], [ -8.2564, 40.7997 ], [ -8.2573, 40.7969 ], [ -8.2549, 40.7917 ], [ -8.2566, 40.7884 ], [ -8.2595, 40.7871 ], [ -8.2584, 40.7856 ], [ -8.2613, 40.7856 ], [ -8.2681, 40.7805 ], [ -8.265, 40.7774 ], [ -8.2687, 40.7718 ], [ -8.2675, 40.77 ], [ -8.2711, 40.7651 ], [ -8.2804, 40.7801 ], [ -8.2811, 40.7778 ], [ -8.2846, 40.7817 ], [ -8.2963, 40.7818 ], [ -8.304, 40.7794 ], [ -8.3083, 40.7797 ], [ -8.3144, 40.7861 ], [ -8.318, 40.7871 ] ] ] ] } },
{ "type": "Feature", "properties": { "GID_2": "PRT.4.1_1", "GID_0": "PRT", "COUNTRY": "Portugal", "GID_1": "PRT.4_1", "NAME_1": "Braga", "NL_NAME_1": "NA", "NAME_2": "Amares", "VARNAME_2": "NA", "NL_NAME_2": "NA", "TYPE_2": "Concelho", "ENGTYPE_2": "Municipality", "CC_2": "0301", "HASC_2": "PT.BR.AM" }, "geometry": { "type": "MultiPolygon", "coordinates": [ [ [ [ -8.4083, 41.6101 ], [ -8.4173, 41.6034 ], [ -8.428, 41.6065 ], [ -8.4338, 41.6048 ], [ -8.4315, 41.6092 ], [ -8.428, 41.6105 ], [ -8.427, 41.6167 ], [ -8.4248, 41.6193 ], [ -8.4266, 41.6205 ], [ -8.4263, 41.6235 ], [ -8.4198, 41.6277 ], [ -8.4209, 41.6345 ], [ -8.4169, 41.639 ], [ -8.4182, 41.6439 ], [ -8.4159, 41.6467 ], [ -8.4118, 41.6483 ], [ -8.4069, 41.6479 ], [ -8.4044, 41.65 ], [ -8.408, 41.6561 ], [ -8.4075, 41.6625 ], [ -8.4016, 41.6656 ], [ -8.3972, 41.6645 ], [ -8.3968, 41.6629 ], [ -8.3934, 41.6665 ], [ -8.3844, 41.6709 ], [ -8.3771, 41.6816 ], [ -8.3778, 41.6831 ], [ -8.3762, 41.6858 ], [ -8.3644, 41.6925 ], [ -8.3593, 41.6886 ], [ -8.3464, 41.6862 ], [ -8.3443, 41.6814 ], [ -8.338, 41.6819 ], [ -8.3265, 41.6796 ], [ -8.3074, 41.6891 ], [ -8.3008, 41.6856 ], [ -8.2967, 41.6889 ], [ -8.2868, 41.6889 ], [ -8.2787, 41.6968 ], [ -8.2722, 41.7001 ], [ -8.2678, 41.6941 ], [ -8.2699, 41.6916 ], [ -8.2785, 41.6904 ], [ -8.2771, 41.6856 ], [ -8.2731, 41.6819 ], [ -8.2642, 41.678 ], [ -8.2594, 41.6832 ], [ -8.2566, 41.6822 ], [ -8.252, 41.6673 ], [ -8.2419, 41.6569 ], [ -8.2463, 41.6524 ], [ -8.2503, 41.6539 ], [ -8.253, 41.6529 ], [ -8.2601, 41.654 ], [ -8.2619, 41.6559 ], [ -8.2738, 41.651 ], [ -8.2825, 41.6525 ], [ -8.2924, 41.6486 ], [ -8.2967, 41.6501 ], [ -8.3054, 41.6472 ], [ -8.3088, 41.6429 ], [ -8.3142, 41.6453 ], [ -8.3194, 41.6356 ], [ -8.3179, 41.6297 ], [ -8.3202, 41.6257 ], [ -8.3253, 41.6223 ], [ -8.3357, 41.6203 ], [ -8.3401, 41.6167 ], [ -8.3496, 41.6134 ], [ -8.3543, 41.6142 ], [ -8.3554, 41.617 ], [ -8.357, 41.6172 ], [ -8.3653, 41.6165 ], [ -8.3732, 41.6135 ], [ -8.3887, 41.6137 ], [ -8.3909, 41.6124 ], [ -8.3925, 41.6075 ], [ -8.3977, 41.6053 ], [ -8.4083, 41.6101 ] ] ] ] } },
{ "type": "Feature", "properties": { "GID_2": "PRT.4.2_1", "GID_0": "PRT", "COUNTRY": "Portugal", "GID_1": "PRT.4_1", "NAME_1": "Braga", "NL_NAME_1": "NA", "NAME_2": "Barcelos", "VARNAME_2": "NA", "NL_NAME_2": "NA", "TYPE_2": "Concelho", "ENGTYPE_2": "Municipality", "CC_2": "0302", "HASC_2": "PT.BR.BA" }, "geometry": { "type": "MultiPolygon", "coordinates": [ [ [ [ -8.6346, 41.4186 ], [ -8.6403, 41.4176 ], [ -8.6501, 41.4197 ], [ -8.651, 41.4258 ], [ -8.6574, 41.4363 ], [ -8.6624, 41.4415 ], [ -8.6681, 41.4446 ], [ -8.6832, 41.4492 ], [ -8.7007, 41.4421 ], [ -8.7086, 41.4502 ], [ -8.7093, 41.4535 ], [ -8.7198, 41.4553 ], [ -8.7295, 41.4536 ], [ -8.7304, 41.4552 ], [ -8.7339, 41.4556 ], [ -8.7395, 41.4606 ], [ -8.7402, 41.4637 ], [ -8.7459, 41.4679 ], [ -8.7416, 41.4809 ], [ -8.7351, 41.4868 ], [ -8.7332, 41.4915 ], [ -8.7229, 41.4947 ], [ -8.7156, 41.4859 ], [ -8.7078, 41.4868 ], [ -8.701, 41.4961 ], [ -8.7007, 41.5013 ], [ -8.7032, 41.5068 ], [ -8.7109, 41.5124 ], [ -8.7094, 41.5152 ], [ -8.7152, 41.5287 ], [ -8.7325, 41.527 ], [ -8.7312, 41.5373 ], [ -8.7253, 41.5385 ], [ -8.7228, 41.5455 ], [ -8.7262, 41.55 ], [ -8.7233, 41.5749 ], [ -8.7368, 41.5846 ], [ -8.7295, 41.5985 ], [ -8.7308, 41.6005 ], [ -8.7278, 41.6023 ], [ -8.7285, 41.6078 ], [ -8.7239, 41.609 ], [ -8.7219, 41.6127 ], [ -8.7255, 41.6195 ], [ -8.7324, 41.6217 ], [ -8.725, 41.6335 ], [ -8.7138, 41.6348 ], [ -8.7063, 41.6321 ], [ -8.702, 41.638 ], [ -8.6968, 41.6407 ], [ -8.6786, 41.6394 ], [ -8.664, 41.6423 ], [ -8.6611, 41.6389 ], [ -8.6552, 41.6365 ], [ -8.6549, 41.6333 ], [ -8.6523, 41.6336 ], [ -8.6513, 41.6313 ], [ -8.6463, 41.6328 ], [ -8.6459, 41.6391 ], [ -8.6478, 41.6468 ], [ -8.6436, 41.6505 ], [ -8.6433, 41.6544 ], [ -8.6271, 41.6508 ], [ -8.6299, 41.6493 ], [ -8.629, 41.6445 ], [ -8.6301, 41.6439 ], [ -8.6164, 41.644 ], [ -8.605, 41.6366 ], [ -8.6041, 41.6343 ], [ -8.5858, 41.6438 ], [ -8.5773, 41.643 ], [ -8.5687, 41.6267 ], [ -8.5628, 41.6237 ], [ -8.5633, 41.6262 ], [ -8.5524, 41.6271 ], [ -8.5407, 41.6313 ], [ -8.5404, 41.6155 ], [ -8.5385, 41.6097 ], [ -8.5452, 41.6093 ], [ -8.5467, 41.6016 ], [ -8.5458, 41.5985 ], [ -8.5329, 41.5819 ], [ -8.5143, 41.5823 ], [ -8.5074, 41.5847 ], [ -8.499, 41.5725 ], [ -8.4997, 41.5689 ], [ -8.5097, 41.5651 ], [ -8.4967, 41.554 ], [ -8.4946, 41.5458 ], [ -8.496, 41.5376 ], [ -8.4988, 41.5332 ], [ -8.5152, 41.5221 ], [ -8.5058, 41.5136 ], [ -8.5076, 41.51 ], [ -8.5227, 41.5021 ], [ -8.5261, 41.4962 ], [ -8.5199, 41.4824 ], [ -8.5137, 41.4777 ], [ -8.5181, 41.4785 ], [ -8.5203, 41.4761 ], [ -8.5265, 41.476 ], [ -8.5296, 41.4714 ], [ -8.536, 41.4722 ], [ -8.5393, 41.477 ], [ -8.5426, 41.473 ], [ -8.5542, 41.4714 ], [ -8.5565, 41.4684 ], [ -8.564, 41.4708 ], [ -8.5625, 41.4677 ], [ -8.5578, 41.4662 ], [ -8.5511, 41.4602 ], [ -8.5505, 41.4576 ], [ -8.5482, 41.4575 ], [ -8.5431, 41.4529 ], [ -8.5478, 41.4454 ], [ -8.5526, 41.4429 ], [ -8.5517, 41.44 ], [ -8.5603, 41.4299 ], [ -8.5763, 41.4234 ], [ -8.579, 41.4241 ], [ -8.5844, 41.4301 ], [ -8.5991, 41.4327 ], [ -8.6014, 41.4307 ], [ -8.6073, 41.4312 ], [ -8.6227, 41.4149 ], [ -8.6293, 41.4141 ], [ -8.6346, 41.4186 ] ] ] ] } },
{ "type": "Feature", "properties": { "GID_2": "PRT.4.3_1", "GID_0": "PRT", "COUNTRY": "Portugal", "GID_1": "PRT.4_1", "NAME_1": "Braga", "NL_NAME_1": "NA", "NAME_2": "Braga", "VARNAME_2": "NA", "NL_NAME_2": "NA", "TYPE_2": "Concelho", "ENGTYPE_2": "Municipality", "CC_2": "0303", "HASC_2": "PT.BR.BR" }, "geometry": { "type": "MultiPolygon", "coordinates": [ [ [ [ -8.4617, 41.4659 ], [ -8.473, 41.4739 ], [ -8.4812, 41.4751 ], [ -8.4903, 41.4788 ], [ -8.5137, 41.4777 ], [ -8.5199, 41.4824 ], [ -8.5236, 41.4885 ], [ -8.5261, 41.4962 ], [ -8.5227, 41.5021 ], [ -8.5091, 41.5086 ], [ -8.5057, 41.5132 ], [ -8.5151, 41.5224 ], [ -8.4988, 41.5332 ], [ -8.4948, 41.5412 ], [ -8.4948, 41.5483 ], [ -8.4967, 41.554 ], [ -8.5098, 41.5655 ], [ -8.5023, 41.5686 ], [ -8.4909, 41.5701 ], [ -8.4882, 41.5753 ], [ -8.488, 41.5806 ], [ -8.4787, 41.5857 ], [ -8.4754, 41.5916 ], [ -8.4552, 41.5979 ], [ -8.4456, 41.6039 ], [ -8.4377, 41.604 ], [ -8.4286, 41.6066 ], [ -8.418, 41.6032 ], [ -8.4077, 41.6101 ], [ -8.3971, 41.6053 ], [ -8.3925, 41.6075 ], [ -8.3909, 41.6124 ], [ -8.3887, 41.6137 ], [ -8.3732, 41.6135 ], [ -8.3653, 41.6165 ], [ -8.357, 41.6172 ], [ -8.3554, 41.617 ], [ -8.3546, 41.6143 ], [ -8.3507, 41.6132 ], [ -8.3397, 41.617 ], [ -8.3376, 41.6145 ], [ -8.3348, 41.6016 ], [ -8.3361, 41.5952 ], [ -8.3438, 41.5919 ], [ -8.3432, 41.5859 ], [ -8.3283, 41.5803 ], [ -8.3207, 41.5809 ], [ -8.3169, 41.579 ], [ -8.3119, 41.5743 ], [ -8.3108, 41.568 ], [ -8.2966, 41.5625 ], [ -8.2955, 41.5568 ], [ -8.2977, 41.5513 ], [ -8.3055, 41.5432 ], [ -8.3174, 41.5422 ], [ -8.3189, 41.5478 ], [ -8.331, 41.5639 ], [ -8.3343, 41.5731 ], [ -8.3357, 41.5697 ], [ -8.3523, 41.5581 ], [ -8.3439, 41.5493 ], [ -8.3422, 41.5391 ], [ -8.3487, 41.5384 ], [ -8.3514, 41.5361 ], [ -8.364, 41.5378 ], [ -8.3744, 41.5344 ], [ -8.3788, 41.5321 ], [ -8.3834, 41.5251 ], [ -8.3919, 41.5189 ], [ -8.3918, 41.5123 ], [ -8.3938, 41.5101 ], [ -8.3892, 41.5036 ], [ -8.3922, 41.4987 ], [ -8.3944, 41.4901 ], [ -8.4045, 41.4869 ], [ -8.41, 41.478 ], [ -8.4353, 41.4637 ], [ -8.4495, 41.4729 ], [ -8.4617, 41.4659 ] ] ] ] } },
{ "type": "Feature", "properties": { "GID_2": "PRT.4.4_1", "GID_0": "PRT", "COUNTRY": "Portugal", "GID_1": "PRT.4_1", "NAME_1": "Braga", "NL_NAME_1": "NA", "NAME_2": "CabeceirasdeBasto", "VARNAME_2": "NA", "NL_NAME_2": "NA", "TYPE_2": "Concelho", "ENGTYPE_2": "Municipality", "CC_2": "0304", "HASC_2": "PT.BR.CB" }, "geometry": { "type": "MultiPolygon", "coordinates": [ [ [ [ -7.9384, 41.4612 ], [ -7.9438, 41.4526 ], [ -7.9387, 41.447 ], [ -7.9482, 41.4469 ], [ -7.9599, 41.4525 ], [ -7.9853, 41.4596 ], [ -8.0026, 41.4666 ], [ -8.0071, 41.4716 ], [ -8.0052, 41.4755 ], [ -8.0074, 41.4789 ], [ -8.0166, 41.4778 ], [ -8.0224, 41.4749 ], [ -8.0244, 41.4749 ], [ -8.0296, 41.4792 ], [ -8.0326, 41.4792 ], [ -8.038, 41.4762 ], [ -8.0475, 41.4828 ], [ -8.0528, 41.4809 ], [ -8.0559, 41.4817 ], [ -8.0665, 41.4881 ], [ -8.0607, 41.4978 ], [ -8.0559, 41.5009 ], [ -8.0576, 41.5127 ], [ -8.0552, 41.5305 ], [ -8.0598, 41.5409 ], [ -8.0688, 41.5518 ], [ -8.0685, 41.5571 ], [ -8.0635, 41.557 ], [ -8.0613, 41.5585 ], [ -8.0608, 41.5604 ], [ -8.0664, 41.565 ], [ -8.0649, 41.5689 ], [ -8.0608, 41.5712 ], [ -8.0612, 41.5748 ], [ -8.056, 41.5779 ], [ -8.0538, 41.584 ], [ -8.0434, 41.593 ], [ -8.0272, 41.5975 ], [ -8.017, 41.6076 ], [ -8.0109, 41.6106 ], [ -8.0082, 41.6144 ], [ -8.0023, 41.6168 ], [ -8.0004, 41.6155 ], [ -7.9996, 41.6081 ], [ -7.9966, 41.6031 ], [ -7.9834, 41.6007 ], [ -7.9776, 41.603 ], [ -7.9655, 41.6038 ], [ -7.9535, 41.5932 ], [ -7.9467, 41.5961 ], [ -7.9405, 41.5945 ], [ -7.9308, 41.5952 ], [ -7.9146, 41.5879 ], [ -7.9042, 41.5869 ], [ -7.9003, 41.5873 ], [ -7.8913, 41.5934 ], [ -7.8837, 41.5881 ], [ -7.8765, 41.5896 ], [ -7.8659, 41.5955 ], [ -7.8641, 41.599 ], [ -7.8573, 41.6014 ], [ -7.8509, 41.6151 ], [ -7.8395, 41.611 ], [ -7.8295, 41.6022 ], [ -7.82, 41.5897 ], [ -7.8202, 41.5879 ], [ -7.8151, 41.5854 ], [ -7.82, 41.5805 ], [ -7.8178, 41.5793 ], [ -7.8162, 41.5813 ], [ -7.8121, 41.5785 ], [ -7.8107, 41.5733 ], [ -7.8138, 41.5653 ], [ -7.8197, 41.5627 ], [ -7.8221, 41.5589 ], [ -7.8207, 41.5562 ], [ -7.8328, 41.5569 ], [ -7.8391, 41.5535 ], [ -7.8374, 41.5514 ], [ -7.8373, 41.5474 ], [ -7.8335, 41.549 ], [ -7.8316, 41.5461 ], [ -7.8372, 41.5449 ], [ -7.8418, 41.5417 ], [ -7.8378, 41.5393 ], [ -7.8371, 41.5365 ], [ -7.8405, 41.5369 ], [ -7.8445, 41.5336 ], [ -7.8505, 41.5326 ], [ -7.8529, 41.5272 ], [ -7.864, 41.5244 ], [ -7.8613, 41.5118 ], [ -7.8716, 41.5096 ], [ -7.8886, 41.509 ], [ -7.8927, 41.5107 ], [ -7.8923, 41.5138 ], [ -7.8934, 41.5137 ], [ -7.898, 41.5064 ], [ -7.8943, 41.5003 ], [ -7.9026, 41.4893 ], [ -7.91, 41.4885 ], [ -7.915, 41.4918 ], [ -7.9271, 41.4878 ], [ -7.9381, 41.4776 ], [ -7.937, 41.4713 ], [ -7.9384, 41.4612 ] ] ] ] } },
{ "type": "Feature", "properties": { "GID_2": "PRT.4.5_1", "GID_0": "PRT", "COUNTRY": "Portugal", "GID_1": "PRT.4_1", "NAME_1": "Braga", "NL_NAME_1": "NA", "NAME_2": "CeloricodeBasto", "VARNAME_2": "NA", "NL_NAME_2": "NA", "TYPE_2": "Concelho", "ENGTYPE_2": "Municipality", "CC_2": "0305", "HASC_2": "PT.BR.CL" }, "geometry": { "type": "MultiPolygon", "coordinates": [ [ [ [ -8.0048, 41.3409 ], [ -8.0089, 41.3354 ], [ -8.0087, 41.332 ], [ -8.0223, 41.3288 ], [ -8.0227, 41.3274 ], [ -8.0199, 41.3247 ], [ -8.0227, 41.322 ], [ -8.0281, 41.3193 ], [ -8.0357, 41.3188 ], [ -8.0463, 41.3266 ], [ -8.049, 41.3318 ], [ -8.0577, 41.3331 ], [ -8.0633, 41.3392 ], [ -8.0656, 41.3388 ], [ -8.0654, 41.3433 ], [ -8.07, 41.3433 ], [ -8.0771, 41.3382 ], [ -8.078, 41.3335 ], [ -8.0802, 41.331 ], [ -8.0892, 41.3298 ], [ -8.0883, 41.3323 ], [ -8.0906, 41.3356 ], [ -8.0936, 41.3352 ], [ -8.0924, 41.3369 ], [ -8.1062, 41.3393 ], [ -8.1155, 41.3464 ], [ -8.1197, 41.3432 ], [ -8.1205, 41.3458 ], [ -8.1301, 41.3486 ], [ -8.1315, 41.3523 ], [ -8.1307, 41.3553 ], [ -8.1351, 41.3572 ], [ -8.1378, 41.3605 ], [ -8.1464, 41.3603 ], [ -8.146, 41.3647 ], [ -8.1418, 41.3722 ], [ -8.1332, 41.3728 ], [ -8.1186, 41.3776 ], [ -8.1167, 41.3767 ], [ -8.1168, 41.3853 ], [ -8.1128, 41.3882 ], [ -8.1179, 41.3914 ], [ -8.1098, 41.3931 ], [ -8.1118, 41.3974 ], [ -8.11, 41.399 ], [ -8.1091, 41.4052 ], [ -8.1058, 41.4109 ], [ -8.1067, 41.4143 ], [ -8.1091, 41.4155 ], [ -8.1103, 41.4217 ], [ -8.1059, 41.4251 ], [ -8.104, 41.4241 ], [ -8.099, 41.4259 ], [ -8.1003, 41.4362 ], [ -8.0983, 41.4404 ], [ -8.0817, 41.4476 ], [ -8.0789, 41.4502 ], [ -8.0798, 41.4528 ], [ -8.07, 41.4597 ], [ -8.0701, 41.4661 ], [ -8.0735, 41.4737 ], [ -8.0662, 41.4829 ], [ -8.0663, 41.4879 ], [ -8.0559, 41.4817 ], [ -8.0528, 41.4809 ], [ -8.0475, 41.4828 ], [ -8.038, 41.4762 ], [ -8.0326, 41.4792 ], [ -8.0296, 41.4792 ], [ -8.0244, 41.4749 ], [ -8.0224, 41.4749 ], [ -8.0166, 41.4778 ], [ -8.0074, 41.4789 ], [ -8.0052, 41.4755 ], [ -8.0071, 41.4716 ], [ -8.0026, 41.4666 ], [ -7.9853, 41.4596 ], [ -7.9599, 41.4525 ], [ -7.9482, 41.4469 ], [ -7.9387, 41.447 ], [ -7.937, 41.4453 ], [ -7.9388, 41.4431 ], [ -7.939, 41.4364 ], [ -7.9417, 41.43 ], [ -7.9611, 41.418 ], [ -7.9664, 41.4131 ], [ -7.9632, 41.4013 ], [ -7.9678, 41.4001 ], [ -7.9754, 41.4026 ], [ -7.9741, 41.397 ], [ -7.9811, 41.3949 ], [ -7.977, 41.3903 ], [ -7.9696, 41.3929 ], [ -7.9677, 41.3924 ], [ -7.9672, 41.3898 ], [ -7.9696, 41.381 ], [ -7.9808, 41.367 ], [ -7.9811, 41.3613 ], [ -7.9876, 41.3562 ], [ -7.9887, 41.3472 ], [ -7.997, 41.3428 ], [ -8.0048, 41.3409 ] ] ] ] } },
{ "type": "Feature", "properties": { "GID_2": "PRT.4.6_1", "GID_0": "PRT", "COUNTRY": "Portugal", "GID_1": "PRT.4_1", "NAME_1": "Braga", "NL_NAME_1": "NA", "NAME_2": "Esposende", "VARNAME_2": "NA", "NL_NAME_2": "NA", "TYPE_2": "Concelho", "ENGTYPE_2": "Municipality", "CC_2": "0306", "HASC_2": "PT.BR.ES" }, "geometry": { "type": "MultiPolygon", "coordinates": [ [ [ [ -8.7375, 41.4848 ], [ -8.7416, 41.4809 ], [ -8.7457, 41.4686 ], [ -8.7502, 41.4664 ], [ -8.7688, 41.4688 ], [ -8.7751, 41.4712 ], [ -8.7762, 41.4824 ], [ -8.7793, 41.4837 ], [ -8.784, 41.4893 ], [ -8.7849, 41.4954 ], [ -8.7879, 41.4993 ], [ -8.7863, 41.514 ], [ -8.7899, 41.5224 ], [ -8.7907, 41.5301 ], [ -8.7893, 41.5299 ], [ -8.7887, 41.526 ], [ -8.7863, 41.5235 ], [ -8.7854, 41.5351 ], [ -8.7882, 41.5418 ], [ -8.7924, 41.5424 ], [ -8.7915, 41.5496 ], [ -8.7935, 41.5571 ], [ -8.799, 41.5732 ], [ -8.8012, 41.5749 ], [ -8.8051, 41.5838 ], [ -8.8046, 41.5926 ], [ -8.8065, 41.5954 ], [ -8.8099, 41.6115 ], [ -8.809, 41.6137 ], [ -8.8066, 41.6092 ], [ -8.8007, 41.6064 ], [ -8.7879, 41.6128 ], [ -8.7826, 41.6119 ], [ -8.7821, 41.6138 ], [ -8.7761, 41.616 ], [ -8.7743, 41.6136 ], [ -8.7712, 41.6162 ], [ -8.7694, 41.6134 ], [ -8.7639, 41.6134 ], [ -8.7624, 41.6151 ], [ -8.7568, 41.6144 ], [ -8.757, 41.6212 ], [ -8.7482, 41.6249 ], [ -8.7419, 41.6191 ], [ -8.733, 41.6218 ], [ -8.7261, 41.6199 ], [ -8.7241, 41.6178 ], [ -8.7219, 41.6127 ], [ -8.7239, 41.609 ], [ -8.7285, 41.6078 ], [ -8.7278, 41.6023 ], [ -8.7308, 41.6005 ], [ -8.7295, 41.5985 ], [ -8.7368, 41.5846 ], [ -8.7233, 41.5749 ], [ -8.7262, 41.55 ], [ -8.7228, 41.5455 ], [ -8.7253, 41.5385 ], [ -8.7312, 41.5373 ], [ -8.7325, 41.527 ], [ -8.7152, 41.5287 ], [ -8.7094, 41.5152 ], [ -8.7109, 41.5124 ], [ -8.7032, 41.5068 ], [ -8.7007, 41.5013 ], [ -8.701, 41.4961 ], [ -8.7078, 41.4868 ], [ -8.7156, 41.4859 ], [ -8.7229, 41.4947 ], [ -8.7333, 41.4914 ], [ -8.7346, 41.4874 ], [ -8.7375, 41.4848 ] ] ] ] } },
{ "type": "Feature", "properties": { "GID_2": "PRT.4.7_1", "GID_0": "PRT", "COUNTRY": "Portugal", "GID_1": "PRT.4_1", "NAME_1": "Braga", "NL_NAME_1": "NA", "NAME_2": "Fafe", "VARNAME_2": "NA", "NL_NAME_2": "NA", "TYPE_2": "Concelho", "ENGTYPE_2": "Municipality", "CC_2": "0307", "HASC_2": "PT.BR.FA" }, "geometry": { "type": "MultiPolygon", "coordinates": [ [ [ [ -8.1662, 41.4003 ], [ -8.1748, 41.3997 ], [ -8.1794, 41.3973 ], [ -8.1805, 41.4025 ], [ -8.1855, 41.41 ], [ -8.2006, 41.4088 ], [ -8.2154, 41.4119 ], [ -8.2258, 41.4079 ], [ -8.2272, 41.4098 ], [ -8.2289, 41.4091 ], [ -8.2351, 41.4119 ], [ -8.2442, 41.4105 ], [ -8.2479, 41.415 ], [ -8.2378, 41.4201 ], [ -8.2335, 41.4184 ], [ -8.2213, 41.4214 ], [ -8.2227, 41.4297 ], [ -8.2267, 41.4339 ], [ -8.2343, 41.4373 ], [ -8.2383, 41.4432 ], [ -8.2372, 41.4458 ], [ -8.2389, 41.4464 ], [ -8.2338, 41.4567 ], [ -8.2343, 41.4613 ], [ -8.2189, 41.4747 ], [ -8.2176, 41.4797 ], [ -8.2181, 41.4923 ], [ -8.2238, 41.5004 ], [ -8.2338, 41.502 ], [ -8.2368, 41.5049 ], [ -8.2349, 41.511 ], [ -8.2354, 41.5173 ], [ -8.2298, 41.5301 ], [ -8.229, 41.5376 ], [ -8.2203, 41.5443 ], [ -8.2191, 41.5428 ], [ -8.2175, 41.5443 ], [ -8.2144, 41.5436 ], [ -8.2072, 41.5473 ], [ -8.1884, 41.5478 ], [ -8.1808, 41.5435 ], [ -8.1685, 41.5417 ], [ -8.1582, 41.5495 ], [ -8.1478, 41.5491 ], [ -8.1454, 41.5464 ], [ -8.1345, 41.5522 ], [ -8.117, 41.5465 ], [ -8.1083, 41.554 ], [ -8.0945, 41.5555 ], [ -8.0909, 41.5611 ], [ -8.0825, 41.5616 ], [ -8.0762, 41.5659 ], [ -8.0727, 41.5652 ], [ -8.066, 41.5597 ], [ -8.0685, 41.5571 ], [ -8.0688, 41.5518 ], [ -8.0598, 41.5409 ], [ -8.0552, 41.5305 ], [ -8.0576, 41.5127 ], [ -8.0559, 41.5009 ], [ -8.0607, 41.4978 ], [ -8.0665, 41.4881 ], [ -8.0663, 41.4827 ], [ -8.0735, 41.4737 ], [ -8.0701, 41.4661 ], [ -8.07, 41.4597 ], [ -8.0798, 41.4528 ], [ -8.0789, 41.4502 ], [ -8.0817, 41.4476 ], [ -8.0983, 41.4404 ], [ -8.1003, 41.4362 ], [ -8.099, 41.4259 ], [ -8.104, 41.4241 ], [ -8.1059, 41.4251 ], [ -8.1103, 41.4217 ], [ -8.1091, 41.4155 ], [ -8.1067, 41.4143 ], [ -8.1058, 41.4109 ], [ -8.1091, 41.4052 ], [ -8.11, 41.399 ], [ -8.1118, 41.3974 ], [ -8.1098, 41.3931 ], [ -8.1179, 41.3914 ], [ -8.1128, 41.3882 ], [ -8.1168, 41.3853 ], [ -8.1165, 41.377 ], [ -8.1245, 41.3761 ], [ -8.1332, 41.3728 ], [ -8.1397, 41.3729 ], [ -8.1384, 41.3742 ], [ -8.1404, 41.3784 ], [ -8.1446, 41.3771 ], [ -8.1455, 41.3789 ], [ -8.1588, 41.3812 ], [ -8.1604, 41.3863 ], [ -8.1599, 41.3921 ], [ -8.1619, 41.3929 ], [ -8.1662, 41.4003 ] ] ] ] } },
{ "type": "Feature", "properties": { "GID_2": "PRT.4.8_1", "GID_0": "PRT", "COUNTRY": "Portugal", "GID_1": "PRT.4_1", "NAME_1": "Braga", "NL_NAME_1": "NA", "NAME_2": "Guimarães", "VARNAME_2": "NA", "NL_NAME_2": "NA", "TYPE_2": "Concelho", "ENGTYPE_2": "Municipality", "CC_2": "0308", "HASC_2": "PT.BR.GU" }, "geometry": { "type": "MultiPolygon", "coordinates": [ [ [ [ -8.3239, 41.3844 ], [ -8.3204, 41.3795 ], [ -8.316, 41.3771 ], [ -8.3156, 41.3733 ], [ -8.3198, 41.3737 ], [ -8.3253, 41.3769 ], [ -8.3299, 41.377 ], [ -8.3356, 41.3745 ], [ -8.3424, 41.3756 ], [ -8.3452, 41.3715 ], [ -8.3575, 41.365 ], [ -8.3614, 41.3661 ], [ -8.3652, 41.3635 ], [ -8.3756, 41.3624 ], [ -8.3788, 41.3683 ], [ -8.3828, 41.3672 ], [ -8.384, 41.3648 ], [ -8.3942, 41.3619 ], [ -8.3956, 41.3692 ], [ -8.3941, 41.3735 ], [ -8.3843, 41.3809 ], [ -8.3788, 41.3822 ], [ -8.3768, 41.3851 ], [ -8.3793, 41.3937 ], [ -8.3809, 41.3948 ], [ -8.3798, 41.3958 ], [ -8.3842, 41.3962 ], [ -8.386, 41.4009 ], [ -8.3831, 41.4061 ], [ -8.383, 41.412 ], [ -8.3782, 41.4128 ], [ -8.3771, 41.422 ], [ -8.3779, 41.4234 ], [ -8.3901, 41.4239 ], [ -8.3938, 41.4265 ], [ -8.4037, 41.4286 ], [ -8.406, 41.4304 ], [ -8.3992, 41.4377 ], [ -8.3984, 41.44 ], [ -8.4, 41.443 ], [ -8.402, 41.4442 ], [ -8.4048, 41.443 ], [ -8.4107, 41.4436 ], [ -8.4137, 41.4491 ], [ -8.4213, 41.4503 ], [ -8.4227, 41.4541 ], [ -8.4269, 41.4551 ], [ -8.4357, 41.4633 ], [ -8.41, 41.478 ], [ -8.4045, 41.4869 ], [ -8.3942, 41.4903 ], [ -8.3922, 41.4987 ], [ -8.3892, 41.5037 ], [ -8.3938, 41.5101 ], [ -8.3918, 41.5123 ], [ -8.3919, 41.5188 ], [ -8.3834, 41.5251 ], [ -8.3788, 41.5321 ], [ -8.364, 41.5378 ], [ -8.3514, 41.5361 ], [ -8.3487, 41.5384 ], [ -8.3422, 41.5391 ], [ -8.3439, 41.5493 ], [ -8.3523, 41.5581 ], [ -8.3357, 41.5697 ], [ -8.3343, 41.5731 ], [ -8.331, 41.5639 ], [ -8.3189, 41.5478 ], [ -8.3174, 41.5422 ], [ -8.3055, 41.5432 ], [ -8.2989, 41.5372 ], [ -8.2947, 41.5252 ], [ -8.2812, 41.5301 ], [ -8.2729, 41.5309 ], [ -8.2727, 41.5359 ], [ -8.2639, 41.5371 ], [ -8.2635, 41.5407 ], [ -8.2617, 41.5412 ], [ -8.259, 41.534 ], [ -8.2602, 41.5282 ], [ -8.2551, 41.5236 ], [ -8.2494, 41.521 ], [ -8.2487, 41.5219 ], [ -8.2438, 41.5186 ], [ -8.2379, 41.5232 ], [ -8.2358, 41.5321 ], [ -8.2328, 41.5348 ], [ -8.2292, 41.5425 ], [ -8.2242, 41.5446 ], [ -8.2319, 41.5455 ], [ -8.2327, 41.5497 ], [ -8.2289, 41.5538 ], [ -8.2179, 41.5559 ], [ -8.2126, 41.5613 ], [ -8.2095, 41.5609 ], [ -8.2068, 41.5584 ], [ -8.2066, 41.5601 ], [ -8.2014, 41.564 ], [ -8.205, 41.5661 ], [ -8.1972, 41.567 ], [ -8.1959, 41.5693 ], [ -8.1932, 41.568 ], [ -8.1936, 41.5577 ], [ -8.1971, 41.5558 ], [ -8.1972, 41.5536 ], [ -8.1884, 41.5478 ], [ -8.2072, 41.5473 ], [ -8.2191, 41.5428 ], [ -8.2203, 41.5443 ], [ -8.229, 41.5376 ], [ -8.2298, 41.5301 ], [ -8.2354, 41.5173 ], [ -8.2349, 41.511 ], [ -8.2368, 41.5049 ], [ -8.2338, 41.502 ], [ -8.2238, 41.5004 ], [ -8.2181, 41.4923 ], [ -8.2174, 41.4815 ], [ -8.2189, 41.4747 ], [ -8.2343, 41.4613 ], [ -8.2338, 41.4567 ], [ -8.2389, 41.4464 ], [ -8.2372, 41.4458 ], [ -8.2383, 41.4432 ], [ -8.2343, 41.4373 ], [ -8.2267, 41.4339 ], [ -8.2227, 41.4297 ], [ -8.2213, 41.4214 ], [ -8.2335, 41.4184 ], [ -8.2378, 41.4201 ], [ -8.2479, 41.415 ], [ -8.2434, 41.4103 ], [ -8.2359, 41.412 ], [ -8.2289, 41.4091 ], [ -8.2272, 41.4098 ], [ -8.2258, 41.4079 ], [ -8.2207, 41.4089 ], [ -8.2241, 41.4059 ], [ -8.2204, 41.3977 ], [ -8.2228, 41.395 ], [ -8.2222, 41.3936 ], [ -8.2263, 41.3926 ], [ -8.2286, 41.3952 ], [ -8.2346, 41.3928 ], [ -8.2443, 41.393 ], [ -8.246, 41.3942 ], [ -8.2471, 41.392 ], [ -8.2503, 41.396 ], [ -8.2543, 41.394 ], [ -8.2567, 41.3955 ], [ -8.2598, 41.3941 ], [ -8.2645, 41.3981 ], [ -8.267, 41.3968 ], [ -8.2682, 41.3938 ], [ -8.2658, 41.3906 ], [ -8.2684, 41.3881 ], [ -8.2659, 41.3875 ], [ -8.2659, 41.3849 ], [ -8.2691, 41.3821 ], [ -8.2736, 41.3851 ], [ -8.2754, 41.3847 ], [ -8.2772, 41.3865 ], [ -8.279, 41.3854 ], [ -8.2851, 41.3884 ], [ -8.2878, 41.3888 ], [ -8.2903, 41.387 ], [ -8.2933, 41.3902 ], [ -8.3015, 41.3938 ], [ -8.3019, 41.3993 ], [ -8.2985, 41.4042 ], [ -8.3069, 41.4058 ], [ -8.3089, 41.4042 ], [ -8.3117, 41.405 ], [ -8.3265, 41.3953 ], [ -8.324, 41.3942 ], [ -8.3219, 41.3904 ], [ -8.3239, 41.3844 ] ] ] ] } },
{ "type": "Feature", "properties": { "GID_2": "PRT.4.9_1", "GID_0": "PRT", "COUNTRY": "Portugal", "GID_1": "PRT.4_1", "NAME_1": "Braga", "NL_NAME_1": "NA", "NAME_2": "PóvoadeLanhoso", "VARNAME_2": "NA", "NL_NAME_2": "NA", "TYPE_2": "Concelho", "ENGTYPE_2": "Municipality", "CC_2": "0309", "HASC_2": "PT.BR.PL" }, "geometry": { "type": "MultiPolygon", "coordinates": [ [ [ [ -8.2261, 41.5452 ], [ -8.2242, 41.5446 ], [ -8.228, 41.5438 ], [ -8.2358, 41.5321 ], [ -8.2379, 41.5232 ], [ -8.2438, 41.5186 ], [ -8.2487, 41.5219 ], [ -8.2494, 41.521 ], [ -8.2551, 41.5236 ], [ -8.2602, 41.5282 ], [ -8.259, 41.534 ], [ -8.2617, 41.5412 ], [ -8.2635, 41.5407 ], [ -8.2639, 41.5371 ], [ -8.2727, 41.5359 ], [ -8.2729, 41.5309 ], [ -8.2812, 41.5301 ], [ -8.2947, 41.5252 ], [ -8.2989, 41.5372 ], [ -8.3055, 41.5432 ], [ -8.2959, 41.5541 ], [ -8.2966, 41.5625 ], [ -8.3108, 41.568 ], [ -8.3119, 41.5743 ], [ -8.3194, 41.5805 ], [ -8.3283, 41.5803 ], [ -8.3434, 41.5862 ], [ -8.3438, 41.5919 ], [ -8.3361, 41.5952 ], [ -8.3348, 41.6016 ], [ -8.3376, 41.6145 ], [ -8.3397, 41.617 ], [ -8.336, 41.6202 ], [ -8.3253, 41.6223 ], [ -8.3194, 41.6264 ], [ -8.3178, 41.6304 ], [ -8.3198, 41.6342 ], [ -8.3143, 41.6453 ], [ -8.3088, 41.6429 ], [ -8.3054, 41.6472 ], [ -8.2967, 41.6501 ], [ -8.2924, 41.6486 ], [ -8.2825, 41.6525 ], [ -8.2738, 41.651 ], [ -8.2615, 41.6559 ], [ -8.2594, 41.6539 ], [ -8.2574, 41.6419 ], [ -8.2464, 41.628 ], [ -8.2346, 41.6265 ], [ -8.2328, 41.6293 ], [ -8.2277, 41.6292 ], [ -8.2262, 41.6326 ], [ -8.2128, 41.6347 ], [ -8.2048, 41.6246 ], [ -8.1978, 41.6212 ], [ -8.1968, 41.6151 ], [ -8.2053, 41.6103 ], [ -8.2021, 41.6026 ], [ -8.2021, 41.597 ], [ -8.2035, 41.5949 ], [ -8.2009, 41.5902 ], [ -8.1805, 41.593 ], [ -8.1669, 41.5932 ], [ -8.1562, 41.5914 ], [ -8.1512, 41.5888 ], [ -8.1502, 41.5828 ], [ -8.1529, 41.5801 ], [ -8.1525, 41.578 ], [ -8.1577, 41.5765 ], [ -8.158, 41.5718 ], [ -8.1553, 41.5673 ], [ -8.1571, 41.5627 ], [ -8.1469, 41.5485 ], [ -8.1582, 41.5495 ], [ -8.1685, 41.5417 ], [ -8.1838, 41.5447 ], [ -8.1969, 41.553 ], [ -8.1971, 41.5558 ], [ -8.1936, 41.5577 ], [ -8.1927, 41.5675 ], [ -8.1959, 41.5693 ], [ -8.1972, 41.567 ], [ -8.205, 41.5661 ], [ -8.2014, 41.564 ], [ -8.2066, 41.5601 ], [ -8.2068, 41.5584 ], [ -8.2095, 41.5609 ], [ -8.2126, 41.5613 ], [ -8.2179, 41.5559 ], [ -8.2289, 41.5538 ], [ -8.2327, 41.5497 ], [ -8.2319, 41.5455 ], [ -8.2261, 41.5452 ] ] ] ] } },
{ "type": "Feature", "properties": { "GID_2": "PRT.4.10_1", "GID_0": "PRT", "COUNTRY": "Portugal", "GID_1": "PRT.4_1", "NAME_1": "Braga", "NL_NAME_1": "NA", "NAME_2": "TerrasdeBouro", "VARNAME_2": "NA", "NL_NAME_2": "NA", "TYPE_2": "Concelho", "ENGTYPE_2": "Municipality", "CC_2": "0310", "HASC_2": "PT.BR.TB" }, "geometry": { "type": "MultiPolygon", "coordinates": [ [ [ [ -8.2476, 41.6628 ], [ -8.252, 41.6673 ], [ -8.2566, 41.6822 ], [ -8.2594, 41.6832 ], [ -8.2642, 41.678 ], [ -8.2731, 41.6819 ], [ -8.2771, 41.6856 ], [ -8.2785, 41.6904 ], [ -8.2699, 41.6916 ], [ -8.2678, 41.6941 ], [ -8.2727, 41.7002 ], [ -8.279, 41.6966 ], [ -8.2868, 41.6889 ], [ -8.2967, 41.6889 ], [ -8.3008, 41.6856 ], [ -8.3074, 41.6891 ], [ -8.3265, 41.6796 ], [ -8.338, 41.6819 ], [ -8.3443, 41.6814 ], [ -8.3464, 41.6862 ], [ -8.3593, 41.6886 ], [ -8.3629, 41.6923 ], [ -8.3576, 41.6981 ], [ -8.3517, 41.6977 ], [ -8.3382, 41.7021 ], [ -8.3356, 41.7045 ], [ -8.3344, 41.7086 ], [ -8.3259, 41.7109 ], [ -8.3248, 41.7157 ], [ -8.3203, 41.7159 ], [ -8.3205, 41.7179 ], [ -8.3175, 41.7196 ], [ -8.3069, 41.721 ], [ -8.3068, 41.7252 ], [ -8.3114, 41.7288 ], [ -8.3159, 41.7383 ], [ -8.3096, 41.7476 ], [ -8.3118, 41.7524 ], [ -8.3081, 41.7554 ], [ -8.3083, 41.7611 ], [ -8.3036, 41.763 ], [ -8.2993, 41.7684 ], [ -8.2982, 41.7763 ], [ -8.2951, 41.7805 ], [ -8.2915, 41.7819 ], [ -8.2783, 41.7749 ], [ -8.275, 41.7709 ], [ -8.2716, 41.7712 ], [ -8.2609, 41.7784 ], [ -8.2454, 41.7829 ], [ -8.2406, 41.7889 ], [ -8.2292, 41.788 ], [ -8.214, 41.8023 ], [ -8.2056, 41.8042 ], [ -8.2037, 41.8071 ], [ -8.2003, 41.8082 ], [ -8.1961, 41.8125 ], [ -8.1899, 41.8099 ], [ -8.1835, 41.8128 ], [ -8.1767, 41.8081 ], [ -8.1673, 41.8076 ], [ -8.165, 41.8181 ], [ -8.1543, 41.818 ], [ -8.1309, 41.8089 ], [ -8.1244, 41.8086 ], [ -8.1166, 41.8127 ], [ -8.1045, 41.8118 ], [ -8.0939, 41.808 ], [ -8.0933, 41.8111 ], [ -8.0904, 41.8124 ], [ -8.0873, 41.8129 ], [ -8.0839, 41.8107 ], [ -8.0789, 41.8136 ], [ -8.0734, 41.8132 ], [ -8.0655, 41.8174 ], [ -8.0576, 41.8157 ], [ -8.0552, 41.8168 ], [ -8.0534, 41.8206 ], [ -8.0504, 41.8188 ], [ -8.0489, 41.814 ], [ -8.0451, 41.8104 ], [ -8.0451, 41.8039 ], [ -8.0487, 41.7997 ], [ -8.0573, 41.7981 ], [ -8.0587, 41.793 ], [ -8.0615, 41.7897 ], [ -8.0608, 41.7873 ], [ -8.0642, 41.7861 ], [ -8.0606, 41.7776 ], [ -8.0636, 41.7737 ], [ -8.0618, 41.7706 ], [ -8.0618, 41.7606 ], [ -8.0641, 41.7581 ], [ -8.0706, 41.7558 ], [ -8.071, 41.7527 ], [ -8.0774, 41.7491 ], [ -8.0786, 41.743 ], [ -8.0766, 41.7407 ], [ -8.0793, 41.7394 ], [ -8.0786, 41.7357 ], [ -8.0808, 41.7353 ], [ -8.0821, 41.7325 ], [ -8.0819, 41.7246 ], [ -8.0845, 41.7224 ], [ -8.0878, 41.7132 ], [ -8.0926, 41.7108 ], [ -8.0947, 41.7069 ], [ -8.1091, 41.7032 ], [ -8.1185, 41.6923 ], [ -8.1194, 41.6892 ], [ -8.1303, 41.6895 ], [ -8.137, 41.6831 ], [ -8.1433, 41.6842 ], [ -8.1529, 41.6818 ], [ -8.1699, 41.6809 ], [ -8.1726, 41.6751 ], [ -8.1779, 41.6753 ], [ -8.181, 41.6736 ], [ -8.1839, 41.6675 ], [ -8.184, 41.6631 ], [ -8.1897, 41.657 ], [ -8.198, 41.6539 ], [ -8.2204, 41.6508 ], [ -8.2308, 41.6529 ], [ -8.2394, 41.6495 ], [ -8.2463, 41.6524 ], [ -8.2419, 41.6569 ], [ -8.2476, 41.6628 ] ] ] ] } },
{ "type": "Feature", "properties": { "GID_2": "PRT.4.11_1", "GID_0": "PRT", "COUNTRY": "Portugal", "GID_1": "PRT.4_1", "NAME_1": "Braga", "NL_NAME_1": "NA", "NAME_2": "VieiradoMinho", "VARNAME_2": "NA", "NL_NAME_2": "NA", "TYPE_2": "Concelho", "ENGTYPE_2": "Municipality", "CC_2": "0311", "HASC_2": "PT.BR.VM" }, "geometry": { "type": "MultiPolygon", "coordinates": [ [ [ [ -8.1257, 41.5499 ], [ -8.1345, 41.5522 ], [ -8.1372, 41.5498 ], [ -8.1415, 41.5495 ], [ -8.144, 41.5467 ], [ -8.1465, 41.5469 ], [ -8.149, 41.5527 ], [ -8.157, 41.5621 ], [ -8.1553, 41.5673 ], [ -8.158, 41.5718 ], [ -8.1577, 41.5765 ], [ -8.1525, 41.578 ], [ -8.1529, 41.5801 ], [ -8.1502, 41.5828 ], [ -8.1512, 41.5888 ], [ -8.1562, 41.5914 ], [ -8.1669, 41.5932 ], [ -8.1805, 41.593 ], [ -8.2009, 41.5902 ], [ -8.2035, 41.5949 ], [ -8.2021, 41.597 ], [ -8.2021, 41.6026 ], [ -8.2053, 41.6103 ], [ -8.1968, 41.6151 ], [ -8.1978, 41.6212 ], [ -8.2048, 41.6246 ], [ -8.2128, 41.6347 ], [ -8.2262, 41.6326 ], [ -8.2277, 41.6292 ], [ -8.2328, 41.6293 ], [ -8.2346, 41.6265 ], [ -8.2464, 41.628 ], [ -8.2574, 41.6419 ], [ -8.2594, 41.6539 ], [ -8.2499, 41.6539 ], [ -8.239, 41.6495 ], [ -8.2308, 41.6529 ], [ -8.2204, 41.6508 ], [ -8.198, 41.6539 ], [ -8.1897, 41.657 ], [ -8.184, 41.6631 ], [ -8.1839, 41.6675 ], [ -8.181, 41.6736 ], [ -8.1779, 41.6753 ], [ -8.1726, 41.6751 ], [ -8.1718, 41.6789 ], [ -8.1691, 41.6812 ], [ -8.1529, 41.6818 ], [ -8.1433, 41.6842 ], [ -8.1376, 41.683 ], [ -8.1335, 41.6852 ], [ -8.1303, 41.6895 ], [ -8.1172, 41.6886 ], [ -8.1159, 41.6898 ], [ -8.1128, 41.6877 ], [ -8.1087, 41.691 ], [ -8.1047, 41.6889 ], [ -8.1011, 41.6909 ], [ -8.0983, 41.6901 ], [ -8.0863, 41.6924 ], [ -8.0809, 41.6952 ], [ -8.0742, 41.6956 ], [ -8.0653, 41.6918 ], [ -8.0583, 41.6931 ], [ -8.0499, 41.6923 ], [ -8.0381, 41.7007 ], [ -8.029, 41.6977 ], [ -8.0242, 41.6979 ], [ -8.018, 41.6892 ], [ -8.0093, 41.6906 ], [ -8.0035, 41.6867 ], [ -8.0023, 41.6883 ], [ -7.9992, 41.6866 ], [ -7.9973, 41.6878 ], [ -7.9921, 41.6846 ], [ -7.9891, 41.6849 ], [ -7.9887, 41.6816 ], [ -7.9851, 41.6821 ], [ -7.9817, 41.679 ], [ -7.9856, 41.67 ], [ -7.9887, 41.6665 ], [ -7.9947, 41.6636 ], [ -7.9985, 41.655 ], [ -7.9989, 41.6529 ], [ -7.994, 41.6503 ], [ -7.9943, 41.648 ], [ -7.9976, 41.6449 ], [ -7.9974, 41.6426 ], [ -8.0012, 41.6409 ], [ -8.003, 41.6209 ], [ -8.0009, 41.6162 ], [ -8.0082, 41.6144 ], [ -8.0109, 41.6106 ], [ -8.017, 41.6076 ], [ -8.0272, 41.5975 ], [ -8.0434, 41.593 ], [ -8.0524, 41.5855 ], [ -8.056, 41.5779 ], [ -8.0612, 41.5748 ], [ -8.0608, 41.5712 ], [ -8.0659, 41.5672 ], [ -8.0661, 41.5647 ], [ -8.0608, 41.5604 ], [ -8.0615, 41.558 ], [ -8.0658, 41.5568 ], [ -8.067, 41.5575 ], [ -8.0662, 41.5599 ], [ -8.0727, 41.5652 ], [ -8.0759, 41.5659 ], [ -8.0825, 41.5616 ], [ -8.0856, 41.5624 ], [ -8.091, 41.561 ], [ -8.0945, 41.5555 ], [ -8.1083, 41.554 ], [ -8.1168, 41.5466 ], [ -8.121, 41.547 ], [ -8.1257, 41.5499 ] ] ] ] } },
{ "type": "Feature", "properties": { "GID_2": "PRT.4.12_1", "GID_0": "PRT", "COUNTRY": "Portugal", "GID_1": "PRT.4_1", "NAME_1": "Braga", "NL_NAME_1": "NA", "NAME_2": "VilaNovadeFamalicão", "VARNAME_2": "NA", "NL_NAME_2": "NA", "TYPE_2": "Concelho", "ENGTYPE_2": "Municipality", "CC_2": "0312", "HASC_2": "PT.BR.VF" }, "geometry": { "type": "MultiPolygon", "coordinates": [ [ [ [ -8.5136, 41.3579 ], [ -8.5173, 41.354 ], [ -8.5142, 41.3494 ], [ -8.5162, 41.3463 ], [ -8.5184, 41.3457 ], [ -8.5289, 41.3467 ], [ -8.5372, 41.343 ], [ -8.5439, 41.3468 ], [ -8.5502, 41.3479 ], [ -8.5589, 41.3443 ], [ -8.5687, 41.3464 ], [ -8.5978, 41.3469 ], [ -8.6026, 41.3454 ], [ -8.6037, 41.3386 ], [ -8.6106, 41.3411 ], [ -8.6128, 41.3513 ], [ -8.6163, 41.3548 ], [ -8.6154, 41.3646 ], [ -8.6233, 41.3827 ], [ -8.617, 41.3872 ], [ -8.6101, 41.3888 ], [ -8.6102, 41.3913 ], [ -8.5917, 41.3939 ], [ -8.5907, 41.4001 ], [ -8.5958, 41.4007 ], [ -8.6052, 41.4127 ], [ -8.6134, 41.4082 ], [ -8.6158, 41.4105 ], [ -8.6224, 41.4098 ], [ -8.6226, 41.4152 ], [ -8.6073, 41.4312 ], [ -8.6014, 41.4307 ], [ -8.5971, 41.4327 ], [ -8.5844, 41.4301 ], [ -8.579, 41.4241 ], [ -8.5763, 41.4234 ], [ -8.5603, 41.4299 ], [ -8.5517, 41.44 ], [ -8.5526, 41.4429 ], [ -8.5478, 41.4454 ], [ -8.5431, 41.4529 ], [ -8.5482, 41.4575 ], [ -8.5505, 41.4576 ], [ -8.5511, 41.4602 ], [ -8.5578, 41.4662 ], [ -8.5625, 41.4677 ], [ -8.564, 41.4708 ], [ -8.5565, 41.4684 ], [ -8.5542, 41.4714 ], [ -8.5426, 41.473 ], [ -8.5393, 41.477 ], [ -8.536, 41.4722 ], [ -8.5315, 41.4712 ], [ -8.5294, 41.4716 ], [ -8.5265, 41.476 ], [ -8.5203, 41.4761 ], [ -8.5181, 41.4785 ], [ -8.4907, 41.4788 ], [ -8.4812, 41.4751 ], [ -8.473, 41.4739 ], [ -8.4624, 41.4658 ], [ -8.4571, 41.4674 ], [ -8.4495, 41.4729 ], [ -8.4353, 41.4637 ], [ -8.4269, 41.4551 ], [ -8.4227, 41.4541 ], [ -8.4213, 41.4503 ], [ -8.4137, 41.4491 ], [ -8.4107, 41.4436 ], [ -8.4048, 41.443 ], [ -8.402, 41.4442 ], [ -8.4, 41.443 ], [ -8.3984, 41.44 ], [ -8.3992, 41.4377 ], [ -8.406, 41.4304 ], [ -8.4037, 41.4286 ], [ -8.3938, 41.4265 ], [ -8.3901, 41.4239 ], [ -8.3779, 41.4234 ], [ -8.3771, 41.422 ], [ -8.3782, 41.4128 ], [ -8.383, 41.412 ], [ -8.3831, 41.4061 ], [ -8.386, 41.4009 ], [ -8.3842, 41.3962 ], [ -8.3798, 41.3958 ], [ -8.3809, 41.3948 ], [ -8.3793, 41.3937 ], [ -8.3768, 41.3851 ], [ -8.3788, 41.3822 ], [ -8.3843, 41.3809 ], [ -8.4031, 41.3839 ], [ -8.4065, 41.381 ], [ -8.4063, 41.3785 ], [ -8.4119, 41.3759 ], [ -8.4178, 41.3694 ], [ -8.4227, 41.3659 ], [ -8.4317, 41.3629 ], [ -8.4417, 41.3626 ], [ -8.4445, 41.3669 ], [ -8.4489, 41.3698 ], [ -8.4493, 41.374 ], [ -8.4551, 41.3756 ], [ -8.4637, 41.3738 ], [ -8.4682, 41.3712 ], [ -8.4712, 41.3729 ], [ -8.4752, 41.3724 ], [ -8.4832, 41.3685 ], [ -8.4911, 41.3701 ], [ -8.4959, 41.3682 ], [ -8.5014, 41.3683 ], [ -8.5028, 41.3635 ], [ -8.5076, 41.3638 ], [ -8.5096, 41.3604 ], [ -8.5136, 41.3579 ] ] ] ] } },
{ "type": "Feature", "properties": { "GID_2": "PRT.4.13_1", "GID_0": "PRT", "COUNTRY": "Portugal", "GID_1": "PRT.4_1", "NAME_1": "Braga", "NL_NAME_1": "NA", "NAME_2": "VilaVerde", "VARNAME_2": "NA", "NL_NAME_2": "NA", "TYPE_2": "Concelho", "ENGTYPE_2": "Municipality", "CC_2": "0313", "HASC_2": "PT.BR.VV" }, "geometry": { "type": "MultiPolygon", "coordinates": [ [ [ [ -8.4998, 41.5706 ], [ -8.4993, 41.5734 ], [ -8.508, 41.5853 ], [ -8.5143, 41.5823 ], [ -8.5329, 41.5819 ], [ -8.5449, 41.5971 ], [ -8.5467, 41.6016 ], [ -8.5452, 41.6093 ], [ -8.5385, 41.6097 ], [ -8.5404, 41.6155 ], [ -8.5406, 41.6327 ], [ -8.5428, 41.6385 ], [ -8.5363, 41.6507 ], [ -8.5379, 41.6554 ], [ -8.5419, 41.6581 ], [ -8.5409, 41.6601 ], [ -8.5473, 41.6633 ], [ -8.5428, 41.6714 ], [ -8.5358, 41.6734 ], [ -8.5354, 41.6774 ], [ -8.5332, 41.6795 ], [ -8.5217, 41.6796 ], [ -8.5137, 41.7213 ], [ -8.5192, 41.7231 ], [ -8.5183, 41.7263 ], [ -8.5067, 41.733 ], [ -8.5016, 41.7386 ], [ -8.4935, 41.7416 ], [ -8.4873, 41.7398 ], [ -8.4877, 41.7297 ], [ -8.486, 41.7272 ], [ -8.4615, 41.7323 ], [ -8.4542, 41.7357 ], [ -8.4528, 41.7417 ], [ -8.4461, 41.7439 ], [ -8.443, 41.7474 ], [ -8.4372, 41.7478 ], [ -8.4314, 41.7516 ], [ -8.4306, 41.7536 ], [ -8.4247, 41.7552 ], [ -8.4243, 41.7574 ], [ -8.4205, 41.7566 ], [ -8.4095, 41.7595 ], [ -8.3988, 41.7578 ], [ -8.3946, 41.7611 ], [ -8.3831, 41.7612 ], [ -8.3749, 41.7704 ], [ -8.3712, 41.7706 ], [ -8.3645, 41.7629 ], [ -8.3506, 41.7598 ], [ -8.3374, 41.7647 ], [ -8.3341, 41.7635 ], [ -8.33, 41.765 ], [ -8.3083, 41.7611 ], [ -8.3081, 41.7554 ], [ -8.3118, 41.7524 ], [ -8.3096, 41.7476 ], [ -8.3159, 41.7383 ], [ -8.3114, 41.7288 ], [ -8.3068, 41.7252 ], [ -8.3069, 41.721 ], [ -8.3142, 41.7209 ], [ -8.3202, 41.7181 ], [ -8.3203, 41.7159 ], [ -8.3245, 41.7159 ], [ -8.3258, 41.711 ], [ -8.3338, 41.7091 ], [ -8.3357, 41.7069 ], [ -8.3356, 41.7045 ], [ -8.3395, 41.7014 ], [ -8.3517, 41.6977 ], [ -8.3576, 41.6981 ], [ -8.3624, 41.6926 ], [ -8.3762, 41.6858 ], [ -8.3778, 41.6831 ], [ -8.3771, 41.6816 ], [ -8.3844, 41.6709 ], [ -8.3934, 41.6665 ], [ -8.3968, 41.6629 ], [ -8.3972, 41.6645 ], [ -8.4016, 41.6656 ], [ -8.4075, 41.6625 ], [ -8.408, 41.6561 ], [ -8.4044, 41.65 ], [ -8.4069, 41.6479 ], [ -8.4118, 41.6483 ], [ -8.4159, 41.6467 ], [ -8.4182, 41.6439 ], [ -8.4169, 41.639 ], [ -8.4209, 41.6345 ], [ -8.4197, 41.628 ], [ -8.4263, 41.6235 ], [ -8.4266, 41.6205 ], [ -8.4248, 41.6193 ], [ -8.427, 41.6167 ], [ -8.4284, 41.61 ], [ -8.4315, 41.6092 ], [ -8.4338, 41.6048 ], [ -8.4456, 41.6039 ], [ -8.4552, 41.5979 ], [ -8.475, 41.5918 ], [ -8.4787, 41.5857 ], [ -8.488, 41.5806 ], [ -8.4882, 41.5753 ], [ -8.4909, 41.5701 ], [ -8.4997, 41.5689 ], [ -8.4998, 41.5706 ] ] ] ] } },
{ "type": "Feature", "properties": { "GID_2": "PRT.4.14_1", "GID_0": "PRT", "COUNTRY": "Portugal", "GID_1": "PRT.4_1", "NAME_1": "Braga", "NL_NAME_1": "NA", "NAME_2": "Vizela", "VARNAME_2": "NA", "NL_NAME_2": "NA", "TYPE_2": "Concelho", "ENGTYPE_2": "Municipality", "CC_2": "0314", "HASC_2": "PT.BR.VZ" }, "geometry": { "type": "MultiPolygon", "coordinates": [ [ [ [ -8.2778, 41.3501 ], [ -8.2784, 41.3458 ], [ -8.2873, 41.3411 ], [ -8.2899, 41.3433 ], [ -8.2965, 41.3416 ], [ -8.3012, 41.344 ], [ -8.3034, 41.343 ], [ -8.3067, 41.3456 ], [ -8.3068, 41.3474 ], [ -8.3092, 41.3475 ], [ -8.3096, 41.3501 ], [ -8.3164, 41.3513 ], [ -8.318, 41.356 ], [ -8.3198, 41.3552 ], [ -8.3223, 41.3574 ], [ -8.3238, 41.3621 ], [ -8.3281, 41.3658 ], [ -8.3256, 41.3725 ], [ -8.3261, 41.3769 ], [ -8.3198, 41.3737 ], [ -8.3158, 41.3732 ], [ -8.315, 41.3744 ], [ -8.3162, 41.3744 ], [ -8.3168, 41.378 ], [ -8.3203, 41.3794 ], [ -8.3236, 41.3837 ], [ -8.3219, 41.3904 ], [ -8.324, 41.3942 ], [ -8.3265, 41.3953 ], [ -8.3117, 41.405 ], [ -8.3013, 41.4054 ], [ -8.2984, 41.4037 ], [ -8.3018, 41.3995 ], [ -8.3015, 41.3938 ], [ -8.2933, 41.3902 ], [ -8.2903, 41.387 ], [ -8.2878, 41.3888 ], [ -8.2851, 41.3884 ], [ -8.279, 41.3854 ], [ -8.2772, 41.3865 ], [ -8.2754, 41.3847 ], [ -8.2736, 41.3851 ], [ -8.2686, 41.382 ], [ -8.2659, 41.3849 ], [ -8.2659, 41.3875 ], [ -8.2684, 41.3881 ], [ -8.2658, 41.3906 ], [ -8.2682, 41.3938 ], [ -8.267, 41.3968 ], [ -8.264, 41.3982 ], [ -8.2598, 41.3941 ], [ -8.2567, 41.3955 ], [ -8.2543, 41.394 ], [ -8.2499, 41.3958 ], [ -8.2462, 41.3896 ], [ -8.2543, 41.3848 ], [ -8.2568, 41.3849 ], [ -8.2561, 41.3821 ], [ -8.2603, 41.3805 ], [ -8.2599, 41.3785 ], [ -8.2634, 41.378 ], [ -8.2643, 41.3764 ], [ -8.2658, 41.3773 ], [ -8.2697, 41.3713 ], [ -8.2734, 41.3717 ], [ -8.2779, 41.3694 ], [ -8.2783, 41.3672 ], [ -8.2741, 41.3649 ], [ -8.2736, 41.363 ], [ -8.2759, 41.3609 ], [ -8.2778, 41.3501 ] ] ] ] } },
{ "type": "Feature", "properties": { "GID_2": "PRT.5.1_1", "GID_0": "PRT", "COUNTRY": "Portugal", "GID_1": "PRT.5_1", "NAME_1": "Bragança", "NL_NAME_1": "NA", "NAME_2": "AlfândegadaFé", "VARNAME_2": "NA", "NL_NAME_2": "NA", "TYPE_2": "Concelho", "ENGTYPE_2": "Municipality", "CC_2": "0401", "HASC_2": "PT.BA.AF" }, "geometry": { "type": "MultiPolygon", "coordinates": [ [ [ [ -6.9104, 41.2486 ], [ -6.911, 41.2447 ], [ -6.9153, 41.2414 ], [ -6.9202, 41.2418 ], [ -6.9289, 41.2394 ], [ -6.9327, 41.2415 ], [ -6.9311, 41.2449 ], [ -6.934, 41.2473 ], [ -6.9521, 41.2453 ], [ -6.9583, 41.2499 ], [ -6.9617, 41.2504 ], [ -6.9639, 41.2472 ], [ -6.9667, 41.2468 ], [ -6.9704, 41.2499 ], [ -6.9754, 41.2508 ], [ -6.9779, 41.2546 ], [ -6.9861, 41.2545 ], [ -6.9985, 41.2602 ], [ -7.0092, 41.267 ], [ -7.0092, 41.2683 ], [ -7.0211, 41.2736 ], [ -7.0286, 41.2843 ], [ -7.0348, 41.2863 ], [ -7.0478, 41.3023 ], [ -7.0533, 41.3009 ], [ -7.059, 41.3055 ], [ -7.0695, 41.3091 ], [ -7.0661, 41.3128 ], [ -7.0607, 41.3149 ], [ -7.0555, 41.3228 ], [ -7.0603, 41.3258 ], [ -7.0585, 41.3323 ], [ -7.0595, 41.3383 ], [ -7.0575, 41.3435 ], [ -7.0528, 41.3455 ], [ -7.0471, 41.357 ], [ -7.0421, 41.3597 ], [ -7.0395, 41.3644 ], [ -7.0326, 41.3707 ], [ -7.0419, 41.3754 ], [ -7.0479, 41.3764 ], [ -7.047, 41.3844 ], [ -7.0493, 41.3867 ], [ -7.048, 41.3863 ], [ -7.0447, 41.3944 ], [ -7.0499, 41.396 ], [ -7.0516, 41.4006 ], [ -7.0603, 41.4035 ], [ -7.0619, 41.4127 ], [ -7.0506, 41.4147 ], [ -7.0383, 41.4121 ], [ -7.0315, 41.4159 ], [ -7.026, 41.416 ], [ -7.0211, 41.419 ], [ -7.0093, 41.4195 ], [ -7.007, 41.434 ], [ -7.002, 41.4343 ], [ -6.9975, 41.4407 ], [ -6.9867, 41.4469 ], [ -6.9817, 41.4518 ], [ -6.9754, 41.4541 ], [ -6.9626, 41.464 ], [ -6.9533, 41.4671 ], [ -6.9498, 41.471 ], [ -6.9468, 41.4717 ], [ -6.9445, 41.469 ], [ -6.929, 41.4651 ], [ -6.9164, 41.4549 ], [ -6.9075, 41.4519 ], [ -6.897, 41.4459 ], [ -6.8962, 41.4451 ], [ -6.8984, 41.4437 ], [ -6.899, 41.4404 ], [ -6.8941, 41.4346 ], [ -6.8964, 41.4311 ], [ -6.8943, 41.4243 ], [ -6.8891, 41.4204 ], [ -6.8821, 41.42 ], [ -6.8567, 41.4037 ], [ -6.8584, 41.4012 ], [ -6.8605, 41.4015 ], [ -6.8607, 41.4012 ], [ -6.8565, 41.3977 ], [ -6.8594, 41.3963 ], [ -6.8582, 41.3932 ], [ -6.8646, 41.3914 ], [ -6.8734, 41.3855 ], [ -6.8736, 41.3816 ], [ -6.8713, 41.379 ], [ -6.8757, 41.3764 ], [ -6.8735, 41.3747 ], [ -6.8774, 41.3709 ], [ -6.8763, 41.3689 ], [ -6.8783, 41.367 ], [ -6.8752, 41.3661 ], [ -6.8773, 41.365 ], [ -6.8765, 41.3632 ], [ -6.8777, 41.3622 ], [ -6.8817, 41.3607 ], [ -6.8785, 41.3599 ], [ -6.875, 41.3553 ], [ -6.8692, 41.3525 ], [ -6.8669, 41.3538 ], [ -6.86, 41.3507 ], [ -6.858, 41.3517 ], [ -6.8562, 41.3475 ], [ -6.8535, 41.3454 ], [ -6.8421, 41.3442 ], [ -6.8323, 41.3502 ], [ -6.8257, 41.3496 ], [ -6.8205, 41.345 ], [ -6.8267, 41.3322 ], [ -6.8262, 41.3245 ], [ -6.8318, 41.3164 ], [ -6.8416, 41.3107 ], [ -6.8556, 41.3094 ], [ -6.8593, 41.3058 ], [ -6.8632, 41.2963 ], [ -6.8731, 41.2891 ], [ -6.875, 41.2832 ], [ -6.8808, 41.2758 ], [ -6.8823, 41.2712 ], [ -6.8819, 41.2661 ], [ -6.8781, 41.2605 ], [ -6.8799, 41.2572 ], [ -6.883, 41.2556 ], [ -6.8891, 41.2571 ], [ -6.8944, 41.2494 ], [ -6.9065, 41.2571 ], [ -6.9105, 41.2574 ], [ -6.9127, 41.2531 ], [ -6.9104, 41.2486 ] ] ] ] } },
{ "type": "Feature", "properties": { "GID_2": "PRT.5.2_1", "GID_0": "PRT", "COUNTRY": "Portugal", "GID_1": "PRT.5_1", "NAME_1": "Bragança", "NL_NAME_1": "NA", "NAME_2": "Bragança", "VARNAME_2": "NA", "NL_NAME_2": "NA", "TYPE_2": "Concelho", "ENGTYPE_2": "Municipality", "CC_2": "0402", "HASC_2": "PT.BA.BR" }, "geometry": { "type": "MultiPolygon", "coordinates": [ [ [ [ -6.7597, 41.559 ], [ -6.7725, 41.5696 ], [ -6.7812, 41.573 ], [ -6.8005, 41.5764 ], [ -6.8035, 41.5845 ], [ -6.8026, 41.5889 ], [ -6.8, 41.5905 ], [ -6.8, 41.5934 ], [ -6.8038, 41.5957 ], [ -6.8229, 41.5925 ], [ -6.8295, 41.5875 ], [ -6.8383, 41.5878 ], [ -6.8424, 41.5857 ], [ -6.8504, 41.5885 ], [ -6.8664, 41.5883 ], [ -6.8712, 41.588 ], [ -6.8791, 41.5843 ], [ -6.8998, 41.5835 ], [ -6.9051, 41.5876 ], [ -6.9002, 41.6026 ], [ -6.903, 41.6059 ], [ -6.9034, 41.6102 ], [ -6.9097, 41.6147 ], [ -6.9142, 41.6217 ], [ -6.9083, 41.6309 ], [ -6.9096, 41.6415 ], [ -6.9086, 41.6466 ], [ -6.8999, 41.6589 ], [ -6.8984, 41.6645 ], [ -6.886, 41.6693 ], [ -6.884, 41.6781 ], [ -6.885, 41.6831 ], [ -6.8829, 41.6872 ], [ -6.8839, 41.6974 ], [ -6.8763, 41.7006 ], [ -6.8698, 41.7126 ], [ -6.8609, 41.7153 ], [ -6.875, 41.7277 ], [ -6.89, 41.7262 ], [ -6.8952, 41.7304 ], [ -6.9018, 41.7286 ], [ -6.9023, 41.7267 ], [ -6.9122, 41.7307 ], [ -6.9295, 41.7283 ], [ -6.9337, 41.7311 ], [ -6.9382, 41.7365 ], [ -6.9409, 41.7448 ], [ -6.9362, 41.7509 ], [ -6.9479, 41.7616 ], [ -6.9442, 41.767 ], [ -6.9444, 41.769 ], [ -6.9344, 41.7756 ], [ -6.9358, 41.7832 ], [ -6.9336, 41.7871 ], [ -6.9148, 41.7911 ], [ -6.9106, 41.7985 ], [ -6.9075, 41.7991 ], [ -6.9083, 41.8036 ], [ -6.9178, 41.8063 ], [ -6.9219, 41.8123 ], [ -6.9328, 41.8203 ], [ -6.951, 41.8215 ], [ -6.9545, 41.8252 ], [ -6.9484, 41.8307 ], [ -6.9423, 41.8298 ], [ -6.9405, 41.8329 ], [ -6.9346, 41.8341 ], [ -6.9218, 41.832 ], [ -6.9108, 41.8343 ], [ -6.9101, 41.8325 ], [ -6.9081, 41.8323 ], [ -6.9059, 41.8354 ], [ -6.9006, 41.8362 ], [ -6.8972, 41.8397 ], [ -6.8993, 41.8413 ], [ -6.8984, 41.8476 ], [ -6.8969, 41.849 ], [ -6.8978, 41.8501 ], [ -6.893, 41.8514 ], [ -6.8907, 41.8538 ], [ -6.8893, 41.863 ], [ -6.8849, 41.8647 ], [ -6.8865, 41.8674 ], [ -6.8837, 41.8688 ], [ -6.8829, 41.8718 ], [ -6.8861, 41.8743 ], [ -6.8828, 41.8764 ], [ -6.8835, 41.8798 ], [ -6.8872, 41.8833 ], [ -6.8914, 41.8845 ], [ -6.8905, 41.8866 ], [ -6.8966, 41.8889 ], [ -6.9034, 41.8987 ], [ -6.9047, 41.905 ], [ -6.898, 41.9236 ], [ -6.8892, 41.9327 ], [ -6.8854, 41.9403 ], [ -6.8743, 41.944 ], [ -6.8695, 41.9484 ], [ -6.8488, 41.9424 ], [ -6.8337, 41.9443 ], [ -6.8305, 41.9435 ], [ -6.8216, 41.946 ], [ -6.81, 41.9695 ], [ -6.8113, 41.9925 ], [ -6.7979, 41.9886 ], [ -6.7855, 41.9887 ], [ -6.7687, 41.9841 ], [ -6.7673, 41.9747 ], [ -6.7506, 41.9436 ], [ -6.7262, 41.937 ], [ -6.7148, 41.9388 ], [ -6.7145, 41.9376 ], [ -6.7, 41.9333 ], [ -6.6357, 41.942 ], [ -6.6214, 41.9397 ], [ -6.617, 41.9412 ], [ -6.6152, 41.945 ], [ -6.6097, 41.9481 ], [ -6.5994, 41.9483 ], [ -6.5891, 41.9629 ], [ -6.5883, 41.9675 ], [ -6.5847, 41.9663 ], [ -6.5494, 41.9445 ], [ -6.5465, 41.9394 ], [ -6.5459, 41.9308 ], [ -6.5499, 41.9293 ], [ -6.5476, 41.9277 ], [ -6.5501, 41.926 ], [ -6.5488, 41.9233 ], [ -6.5577, 41.9103 ], [ -6.5569, 41.9074 ], [ -6.5613, 41.8959 ], [ -6.5658, 41.894 ], [ -6.5712, 41.8835 ], [ -6.5378, 41.8767 ], [ -6.5176, 41.8751 ], [ -6.5155, 41.8716 ], [ -6.5201, 41.8648 ], [ -6.5257, 41.8601 ], [ -6.5224, 41.8541 ], [ -6.5275, 41.8498 ], [ -6.5283, 41.8469 ], [ -6.526, 41.843 ], [ -6.53, 41.8399 ], [ -6.5322, 41.8354 ], [ -6.532, 41.8331 ], [ -6.5287, 41.8308 ], [ -6.5303, 41.8288 ], [ -6.5283, 41.8282 ], [ -6.5315, 41.8226 ], [ -6.5274, 41.8208 ], [ -6.5358, 41.8181 ], [ -6.5331, 41.8156 ], [ -6.5333, 41.814 ], [ -6.5386, 41.8127 ], [ -6.5371, 41.8075 ], [ -6.5428, 41.8055 ], [ -6.5391, 41.8013 ], [ -6.5432, 41.8003 ], [ -6.543, 41.7964 ], [ -6.547, 41.795 ], [ -6.5434, 41.7891 ], [ -6.5438, 41.7839 ], [ -6.5472, 41.78 ], [ -6.5436, 41.7785 ], [ -6.5497, 41.7768 ], [ -6.5501, 41.773 ], [ -6.5551, 41.7672 ], [ -6.5552, 41.7575 ], [ -6.5582, 41.7534 ], [ -6.5647, 41.7515 ], [ -6.5689, 41.7436 ], [ -6.5665, 41.7417 ], [ -6.5614, 41.7418 ], [ -6.5592, 41.7384 ], [ -6.556, 41.7374 ], [ -6.5577, 41.7345 ], [ -6.5567, 41.727 ], [ -6.5542, 41.7247 ], [ -6.5517, 41.7265 ], [ -6.5488, 41.7255 ], [ -6.5549, 41.7213 ], [ -6.5501, 41.7186 ], [ -6.5539, 41.7172 ], [ -6.5486, 41.7143 ], [ -6.5483, 41.7128 ], [ -6.5502, 41.7115 ], [ -6.546, 41.7077 ], [ -6.5471, 41.7042 ], [ -6.5431, 41.704 ], [ -6.5427, 41.7005 ], [ -6.5451, 41.6986 ], [ -6.55, 41.7025 ], [ -6.5544, 41.7009 ], [ -6.5549, 41.6979 ], [ -6.5531, 41.6943 ], [ -6.5562, 41.6917 ], [ -6.557, 41.6872 ], [ -6.5614, 41.6842 ], [ -6.5624, 41.6777 ], [ -6.5682, 41.6774 ], [ -6.5675, 41.6753 ], [ -6.5699, 41.6722 ], [ -6.5702, 41.6679 ], [ -6.5666, 41.6634 ], [ -6.57, 41.661 ], [ -6.5744, 41.6605 ], [ -6.5761, 41.6565 ], [ -6.5845, 41.6593 ], [ -6.5903, 41.6589 ], [ -6.6011, 41.6658 ], [ -6.6072, 41.6674 ], [ -6.6379, 41.6644 ], [ -6.6427, 41.6661 ], [ -6.6444, 41.6646 ], [ -6.6439, 41.6618 ], [ -6.6386, 41.6601 ], [ -6.6405, 41.6554 ], [ -6.6395, 41.6527 ], [ -6.6416, 41.6433 ], [ -6.636, 41.6329 ], [ -6.6471, 41.6231 ], [ -6.6482, 41.6142 ], [ -6.6517, 41.6098 ], [ -6.6497, 41.6035 ], [ -6.6548, 41.5986 ], [ -6.6539, 41.5956 ], [ -6.6571, 41.5891 ], [ -6.6608, 41.5868 ], [ -6.6704, 41.5848 ], [ -6.6698, 41.5772 ], [ -6.6772, 41.5727 ], [ -6.6779, 41.567 ], [ -6.6724, 41.5635 ], [ -6.6748, 41.5583 ], [ -6.6691, 41.5557 ], [ -6.6678, 41.5525 ], [ -6.6713, 41.547 ], [ -6.6712, 41.539 ], [ -6.674, 41.5365 ], [ -6.677, 41.5375 ], [ -6.6799, 41.5354 ], [ -6.6879, 41.5366 ], [ -6.6934, 41.5351 ], [ -6.7027, 41.5395 ], [ -6.7121, 41.5394 ], [ -6.7149, 41.5346 ], [ -6.7218, 41.5349 ], [ -6.7478, 41.5496 ], [ -6.7477, 41.5532 ], [ -6.7497, 41.5553 ], [ -6.7562, 41.5566 ], [ -6.7597, 41.559 ] ] ] ] } },
{ "type": "Feature", "properties": { "GID_2": "PRT.5.3_1", "GID_0": "PRT", "COUNTRY": "Portugal", "GID_1": "PRT.5_1", "NAME_1": "Bragança", "NL_NAME_1": "NA", "NAME_2": "CarrazedadeAnsiães", "VARNAME_2": "NA", "NL_NAME_2": "NA", "TYPE_2": "Concelho", "ENGTYPE_2": "Municipality", "CC_2": "0403", "HASC_2": "PT.BA.CA" }, "geometry": { "type": "MultiPolygon", "coordinates": [ [ [ [ -7.2899, 41.1371 ], [ -7.2968, 41.1394 ], [ -7.3048, 41.1396 ], [ -7.3072, 41.1456 ], [ -7.3094, 41.1469 ], [ -7.3211, 41.1434 ], [ -7.327, 41.1467 ], [ -7.3391, 41.1437 ], [ -7.3572, 41.1478 ], [ -7.3621, 41.1573 ], [ -7.3746, 41.1585 ], [ -7.3726, 41.1686 ], [ -7.3746, 41.1725 ], [ -7.3825, 41.178 ], [ -7.3905, 41.1953 ], [ -7.4319, 41.2108 ], [ -7.4212, 41.2208 ], [ -7.4199, 41.2271 ], [ -7.4229, 41.2322 ], [ -7.4212, 41.2373 ], [ -7.4231, 41.2393 ], [ -7.4142, 41.2484 ], [ -7.4064, 41.2444 ], [ -7.3897, 41.2425 ], [ -7.3874, 41.2445 ], [ -7.3891, 41.2488 ], [ -7.3954, 41.2513 ], [ -7.3921, 41.2555 ], [ -7.3952, 41.262 ], [ -7.3893, 41.265 ], [ -7.387, 41.273 ], [ -7.3934, 41.2787 ], [ -7.3915, 41.2855 ], [ -7.3897, 41.2878 ], [ -7.3727, 41.2932 ], [ -7.3698, 41.3006 ], [ -7.3622, 41.3038 ], [ -7.3655, 41.3079 ], [ -7.3732, 41.311 ], [ -7.3756, 41.314 ], [ -7.3646, 41.3217 ], [ -7.3561, 41.3313 ], [ -7.3481, 41.3306 ], [ -7.3322, 41.3368 ], [ -7.3163, 41.3385 ], [ -7.3051, 41.3368 ], [ -7.2994, 41.3337 ], [ -7.2955, 41.3359 ], [ -7.279, 41.3351 ], [ -7.2705, 41.3328 ], [ -7.2755, 41.3216 ], [ -7.2764, 41.3125 ], [ -7.2862, 41.3122 ], [ -7.2982, 41.2984 ], [ -7.2898, 41.2952 ], [ -7.2853, 41.2908 ], [ -7.2714, 41.2955 ], [ -7.2583, 41.2909 ], [ -7.2473, 41.2931 ], [ -7.2377, 41.2923 ], [ -7.2395, 41.2831 ], [ -7.2468, 41.2655 ], [ -7.2395, 41.2644 ], [ -7.2426, 41.2574 ], [ -7.2428, 41.2533 ], [ -7.2357, 41.2457 ], [ -7.2349, 41.2352 ], [ -7.2327, 41.2311 ], [ -7.2252, 41.2279 ], [ -7.2172, 41.2284 ], [ -7.2043, 41.2346 ], [ -7.1984, 41.2343 ], [ -7.1949, 41.2318 ], [ -7.2014, 41.2167 ], [ -7.2004, 41.2156 ], [ -7.2021, 41.2132 ], [ -7.2019, 41.2082 ], [ -7.1865, 41.2015 ], [ -7.189, 41.198 ], [ -7.1872, 41.1927 ], [ -7.1956, 41.1846 ], [ -7.2101, 41.1804 ], [ -7.2122, 41.175 ], [ -7.215, 41.1469 ], [ -7.2218, 41.1424 ], [ -7.2237, 41.1364 ], [ -7.2495, 41.145 ], [ -7.2687, 41.1423 ], [ -7.2815, 41.1355 ], [ -7.2899, 41.1371 ] ] ] ] } },
{ "type": "Feature", "properties": { "GID_2": "PRT.5.4_1", "GID_0": "PRT", "COUNTRY": "Portugal", "GID_1": "PRT.5_1", "NAME_1": "Bragança", "NL_NAME_1": "NA", "NAME_2": "FreixodeEspadaàCinta", "VARNAME_2": "NA", "NL_NAME_2": "NA", "TYPE_2": "Concelho", "ENGTYPE_2": "Municipality", "CC_2": "0404", "HASC_2": "PT.BA.FE" }, "geometry": { "type": "MultiPolygon", "coordinates": [ [ [ [ -6.8346, 41.0284 ], [ -6.8666, 41.0269 ], [ -6.878, 41.0279 ], [ -6.9161, 41.0384 ], [ -6.9307, 41.0297 ], [ -6.9368, 41.0291 ], [ -6.958, 41.0309 ], [ -6.9656, 41.0359 ], [ -6.9708, 41.0361 ], [ -6.976, 41.0336 ], [ -6.9857, 41.0251 ], [ -6.9932, 41.0256 ], [ -6.995, 41.0275 ], [ -6.9947, 41.0331 ], [ -6.985, 41.0389 ], [ -6.9842, 41.0421 ], [ -6.9797, 41.0463 ], [ -6.9794, 41.0507 ], [ -6.9683, 41.0569 ], [ -6.9692, 41.059 ], [ -6.9676, 41.0612 ], [ -6.9691, 41.0709 ], [ -6.9749, 41.0741 ], [ -6.9707, 41.078 ], [ -6.9753, 41.0829 ], [ -6.9737, 41.0911 ], [ -6.9752, 41.096 ], [ -6.9778, 41.098 ], [ -6.9865, 41.0984 ], [ -6.9912, 41.1031 ], [ -6.9873, 41.1069 ], [ -6.9798, 41.1107 ], [ -6.9634, 41.1064 ], [ -6.9533, 41.1086 ], [ -6.9503, 41.1064 ], [ -6.9467, 41.1072 ], [ -6.9377, 41.1017 ], [ -6.9225, 41.1061 ], [ -6.9087, 41.103 ], [ -6.9011, 41.1076 ], [ -6.8923, 41.1065 ], [ -6.8878, 41.1087 ], [ -6.8867, 41.1133 ], [ -6.8836, 41.1159 ], [ -6.8735, 41.1142 ], [ -6.8719, 41.121 ], [ -6.8667, 41.1239 ], [ -6.8647, 41.1273 ], [ -6.852, 41.1266 ], [ -6.8458, 41.1335 ], [ -6.8319, 41.139 ], [ -6.8307, 41.1425 ], [ -6.8215, 41.1428 ], [ -6.8172, 41.1416 ], [ -6.8095, 41.144 ], [ -6.8094, 41.1506 ], [ -6.8008, 41.152 ], [ -6.7982, 41.1547 ], [ -6.8011, 41.1581 ], [ -6.801, 41.1636 ], [ -6.8059, 41.1702 ], [ -6.8088, 41.1713 ], [ -6.8086, 41.1729 ], [ -6.8121, 41.1748 ], [ -6.8142, 41.1789 ], [ -6.8186, 41.1805 ], [ -6.8163, 41.1899 ], [ -6.808, 41.1958 ], [ -6.7814, 41.2021 ], [ -6.7799, 41.2112 ], [ -6.7752, 41.2173 ], [ -6.7762, 41.22 ], [ -6.775, 41.2234 ], [ -6.7681, 41.2303 ], [ -6.7652, 41.23 ], [ -6.7665, 41.2323 ], [ -6.7646, 41.2367 ], [ -6.7441, 41.2467 ], [ -6.737, 41.2486 ], [ -6.7366, 41.2455 ], [ -6.7325, 41.2442 ], [ -6.7337, 41.2429 ], [ -6.7301, 41.2387 ], [ -6.7292, 41.2393 ], [ -6.7284, 41.2367 ], [ -6.7248, 41.2353 ], [ -6.7252, 41.232 ], [ -6.7193, 41.2274 ], [ -6.7179, 41.2296 ], [ -6.7182, 41.2267 ], [ -6.7167, 41.225 ], [ -6.7143, 41.2262 ], [ -6.7152, 41.2224 ], [ -6.7114, 41.2197 ], [ -6.7094, 41.2209 ], [ -6.7098, 41.2187 ], [ -6.7068, 41.218 ], [ -6.7076, 41.2147 ], [ -6.7042, 41.2145 ], [ -6.7053, 41.213 ], [ -6.6994, 41.2079 ], [ -6.6888, 41.2041 ], [ -6.6901, 41.197 ], [ -6.6923, 41.1931 ], [ -6.6995, 41.1924 ], [ -6.6967, 41.1887 ], [ -6.6975, 41.1846 ], [ -6.7004, 41.181 ], [ -6.7084, 41.177 ], [ -6.7091, 41.1726 ], [ -6.7197, 41.1658 ], [ -6.7309, 41.1615 ], [ -6.7374, 41.155 ], [ -6.7413, 41.1483 ], [ -6.7455, 41.147 ], [ -6.7527, 41.1405 ], [ -6.7588, 41.1397 ], [ -6.7679, 41.1348 ], [ -6.7711, 41.1301 ], [ -6.7707, 41.124 ], [ -6.7613, 41.1139 ], [ -6.7596, 41.1078 ], [ -6.7542, 41.1048 ], [ -6.7559, 41.1012 ], [ -6.7626, 41.0958 ], [ -6.7634, 41.092 ], [ -6.7692, 41.0885 ], [ -6.7743, 41.0771 ], [ -6.7908, 41.0565 ], [ -6.809, 41.0447 ], [ -6.8076, 41.0398 ], [ -6.8089, 41.0365 ], [ -6.8346, 41.0284 ] ] ] ] } },
{ "type": "Feature", "properties": { "GID_2": "PRT.5.5_1", "GID_0": "PRT", "COUNTRY": "Portugal", "GID_1": "PRT.5_1", "NAME_1": "Bragança", "NL_NAME_1": "NA", "NAME_2": "MacedodeCavaleiros", "VARNAME_2": "NA", "NL_NAME_2": "NA", "TYPE_2": "Concelho", "ENGTYPE_2": "Municipality", "CC_2": "0405", "HASC_2": "PT.BA.MC" }, "geometry": { "type": "MultiPolygon", "coordinates": [ [ [ [ -6.7266, 41.4352 ], [ -6.7313, 41.4275 ], [ -6.7373, 41.4263 ], [ -6.7428, 41.4274 ], [ -6.7528, 41.4234 ], [ -6.764, 41.4151 ], [ -6.778, 41.4143 ], [ -6.7849, 41.4119 ], [ -6.7863, 41.4084 ], [ -6.8016, 41.4049 ], [ -6.8058, 41.4074 ], [ -6.8052, 41.4091 ], [ -6.8073, 41.4107 ], [ -6.8046, 41.4124 ], [ -6.8045, 41.4156 ], [ -6.8112, 41.4188 ], [ -6.8079, 41.4195 ], [ -6.8089, 41.4278 ], [ -6.8122, 41.426 ], [ -6.8215, 41.4267 ], [ -6.8241, 41.4254 ], [ -6.8235, 41.4236 ], [ -6.8286, 41.4233 ], [ -6.8338, 41.4174 ], [ -6.8403, 41.4156 ], [ -6.8446, 41.4112 ], [ -6.8471, 41.4115 ], [ -6.8467, 41.4092 ], [ -6.8483, 41.4073 ], [ -6.8555, 41.4058 ], [ -6.8544, 41.4047 ], [ -6.8567, 41.4037 ], [ -6.8821, 41.42 ], [ -6.8891, 41.4204 ], [ -6.8943, 41.4243 ], [ -6.8964, 41.4311 ], [ -6.8941, 41.4346 ], [ -6.899, 41.4404 ], [ -6.8984, 41.4437 ], [ -6.8962, 41.4451 ], [ -6.897, 41.4459 ], [ -6.9075, 41.4519 ], [ -6.9164, 41.4549 ], [ -6.929, 41.4651 ], [ -6.9445, 41.469 ], [ -6.9468, 41.4717 ], [ -6.9498, 41.471 ], [ -6.9533, 41.4671 ], [ -6.9626, 41.464 ], [ -6.9754, 41.4541 ], [ -6.9817, 41.4518 ], [ -6.9867, 41.4469 ], [ -6.9975, 41.4407 ], [ -7.002, 41.4343 ], [ -7.007, 41.434 ], [ -7.0093, 41.4195 ], [ -7.0211, 41.419 ], [ -7.026, 41.416 ], [ -7.0315, 41.4159 ], [ -7.0383, 41.4121 ], [ -7.0545, 41.4144 ], [ -7.0485, 41.4185 ], [ -7.0451, 41.4282 ], [ -7.0312, 41.4382 ], [ -7.0365, 41.4435 ], [ -7.0391, 41.4554 ], [ -7.0427, 41.4577 ], [ -7.0292, 41.4633 ], [ -7.0314, 41.4704 ], [ -7.0384, 41.4827 ], [ -7.0504, 41.4884 ], [ -7.058, 41.4874 ], [ -7.0604, 41.4899 ], [ -7.0675, 41.492 ], [ -7.0691, 41.4937 ], [ -7.07, 41.5054 ], [ -7.0559, 41.5201 ], [ -7.047, 41.5321 ], [ -7.0391, 41.5378 ], [ -7.0392, 41.5425 ], [ -7.0457, 41.5484 ], [ -7.0422, 41.5516 ], [ -7.0414, 41.5717 ], [ -7.0362, 41.5792 ], [ -7.0511, 41.5816 ], [ -7.0583, 41.5806 ], [ -7.0703, 41.5756 ], [ -7.073, 41.5792 ], [ -7.0838, 41.5848 ], [ -7.0854, 41.5901 ], [ -7.0917, 41.5932 ], [ -7.0897, 41.5967 ], [ -7.0899, 41.603 ], [ -7.0858, 41.6042 ], [ -7.0818, 41.6148 ], [ -7.0999, 41.619 ], [ -7.1029, 41.6205 ], [ -7.1045, 41.6242 ], [ -7.1106, 41.627 ], [ -7.1047, 41.6321 ], [ -7.1058, 41.6353 ], [ -7.1033, 41.6393 ], [ -7.107, 41.6461 ], [ -7.1009, 41.6542 ], [ -7.1033, 41.6618 ], [ -7.1239, 41.6727 ], [ -7.1295, 41.6772 ], [ -7.1238, 41.6836 ], [ -7.1241, 41.6894 ], [ -7.126, 41.6922 ], [ -7.1251, 41.6973 ], [ -7.1107, 41.7113 ], [ -7.1098, 41.7079 ], [ -7.0949, 41.6974 ], [ -7.0944, 41.699 ], [ -7.0869, 41.7019 ], [ -7.0829, 41.6968 ], [ -7.0793, 41.6975 ], [ -7.072, 41.695 ], [ -7.0526, 41.6948 ], [ -7.0508, 41.6937 ], [ -7.0541, 41.6929 ], [ -7.0501, 41.6886 ], [ -7.0445, 41.6772 ], [ -7.0407, 41.6753 ], [ -7.0372, 41.6711 ], [ -7.0169, 41.6739 ], [ -7.0027, 41.6912 ], [ -6.9993, 41.6994 ], [ -6.9907, 41.7017 ], [ -6.986, 41.7021 ], [ -6.9752, 41.6987 ], [ -6.97, 41.6943 ], [ -6.9696, 41.691 ], [ -6.9648, 41.6948 ], [ -6.9575, 41.6906 ], [ -6.9533, 41.6904 ], [ -6.9508, 41.6886 ], [ -6.951, 41.6871 ], [ -6.9477, 41.6864 ], [ -6.9453, 41.6881 ], [ -6.9467, 41.6854 ], [ -6.9447, 41.6806 ], [ -6.9282, 41.6797 ], [ -6.9252, 41.6921 ], [ -6.9223, 41.6949 ], [ -6.9217, 41.6981 ], [ -6.9043, 41.6964 ], [ -6.8901, 41.6991 ], [ -6.8839, 41.6974 ], [ -6.8829, 41.6872 ], [ -6.885, 41.6831 ], [ -6.884, 41.6781 ], [ -6.886, 41.6693 ], [ -6.8984, 41.6645 ], [ -6.8999, 41.6589 ], [ -6.9086, 41.6466 ], [ -6.9096, 41.6415 ], [ -6.9083, 41.6309 ], [ -6.9142, 41.6231 ], [ -6.9097, 41.6147 ], [ -6.9034, 41.6102 ], [ -6.903, 41.6059 ], [ -6.9002, 41.6026 ], [ -6.9051, 41.5876 ], [ -6.8998, 41.5835 ], [ -6.8791, 41.5843 ], [ -6.8712, 41.588 ], [ -6.8664, 41.5883 ], [ -6.8504, 41.5885 ], [ -6.8424, 41.5857 ], [ -6.8383, 41.5878 ], [ -6.8295, 41.5875 ], [ -6.8229, 41.5925 ], [ -6.8038, 41.5957 ], [ -6.8, 41.5934 ], [ -6.8, 41.5905 ], [ -6.8026, 41.5889 ], [ -6.8035, 41.5845 ], [ -6.8005, 41.5764 ], [ -6.7812, 41.573 ], [ -6.7725, 41.5696 ], [ -6.7572, 41.557 ], [ -6.7497, 41.5553 ], [ -6.7477, 41.5532 ], [ -6.7478, 41.5496 ], [ -6.742, 41.5454 ], [ -6.7236, 41.5355 ], [ -6.7149, 41.5346 ], [ -6.7121, 41.5394 ], [ -6.7027, 41.5395 ], [ -6.6963, 41.5354 ], [ -6.6907, 41.5349 ], [ -6.6879, 41.5366 ], [ -6.6799, 41.5354 ], [ -6.677, 41.5375 ], [ -6.6729, 41.5357 ], [ -6.6675, 41.528 ], [ -6.6672, 41.526 ], [ -6.6735, 41.5192 ], [ -6.6724, 41.5106 ], [ -6.6735, 41.5069 ], [ -6.6695, 41.5007 ], [ -6.6636, 41.4987 ], [ -6.6625, 41.4935 ], [ -6.6585, 41.4903 ], [ -6.6608, 41.4823 ], [ -6.6594, 41.477 ], [ -6.6628, 41.4701 ], [ -6.6728, 41.4616 ], [ -6.6716, 41.4551 ], [ -6.6795, 41.4513 ], [ -6.6841, 41.4449 ], [ -6.6938, 41.4393 ], [ -6.7021, 41.4372 ], [ -6.7067, 41.4316 ], [ -6.7152, 41.4335 ], [ -6.7215, 41.4367 ], [ -6.7266, 41.4352 ] ] ] ] } },
{ "type": "Feature", "properties": { "GID_2": "PRT.5.6_1", "GID_0": "PRT", "COUNTRY": "Portugal", "GID_1": "PRT.5_1", "NAME_1": "Bragança", "NL_NAME_1": "NA", "NAME_2": "MirandadoDouro", "VARNAME_2": "NA", "NL_NAME_2": "NA", "TYPE_2": "Concelho", "ENGTYPE_2": "Municipality", "CC_2": "0406", "HASC_2": "PT.BA.MD" }, "geometry": { "type": "MultiPolygon", "coordinates": [ [ [ [ -6.3915, 41.3821 ], [ -6.3935, 41.3698 ], [ -6.3853, 41.3631 ], [ -6.3796, 41.3642 ], [ -6.3771, 41.363 ], [ -6.3764, 41.3601 ], [ -6.3797, 41.3563 ], [ -6.3921, 41.3499 ], [ -6.4051, 41.3503 ], [ -6.414, 41.3484 ], [ -6.4198, 41.3435 ], [ -6.427, 41.3502 ], [ -6.4294, 41.3503 ], [ -6.4298, 41.3528 ], [ -6.433, 41.3524 ], [ -6.4331, 41.3539 ], [ -6.4375, 41.3516 ], [ -6.4396, 41.3549 ], [ -6.4371, 41.3578 ], [ -6.4374, 41.3601 ], [ -6.4429, 41.3624 ], [ -6.4443, 41.3656 ], [ -6.4464, 41.3657 ], [ -6.4518, 41.3706 ], [ -6.4664, 41.3758 ], [ -6.4662, 41.378 ], [ -6.4705, 41.3803 ], [ -6.4693, 41.3825 ], [ -6.4708, 41.3891 ], [ -6.4697, 41.3928 ], [ -6.4708, 41.3935 ], [ -6.4688, 41.396 ], [ -6.4715, 41.3979 ], [ -6.4715, 41.3998 ], [ -6.4746, 41.4024 ], [ -6.48, 41.402 ], [ -6.48, 41.4037 ], [ -6.4867, 41.4064 ], [ -6.4924, 41.4077 ], [ -6.4925, 41.4065 ], [ -6.5004, 41.4117 ], [ -6.4972, 41.4137 ], [ -6.4984, 41.4146 ], [ -6.4976, 41.4157 ], [ -6.5008, 41.4176 ], [ -6.5009, 41.421 ], [ -6.504, 41.4215 ], [ -6.5044, 41.4238 ], [ -6.5023, 41.4273 ], [ -6.5086, 41.4274 ], [ -6.5081, 41.4296 ], [ -6.514, 41.4321 ], [ -6.519, 41.4409 ], [ -6.5295, 41.4452 ], [ -6.5295, 41.4473 ], [ -6.5328, 41.4499 ], [ -6.5309, 41.4511 ], [ -6.5317, 41.4551 ], [ -6.5295, 41.4579 ], [ -6.5234, 41.4582 ], [ -6.5226, 41.4558 ], [ -6.5183, 41.4551 ], [ -6.5153, 41.4568 ], [ -6.5138, 41.4561 ], [ -6.5105, 41.4602 ], [ -6.5054, 41.4581 ], [ -6.501, 41.4595 ], [ -6.5, 41.4616 ], [ -6.4987, 41.4602 ], [ -6.4928, 41.4597 ], [ -6.4904, 41.4618 ], [ -6.4908, 41.4645 ], [ -6.4865, 41.4665 ], [ -6.4858, 41.4699 ], [ -6.4893, 41.4732 ], [ -6.4801, 41.4787 ], [ -6.479, 41.4815 ], [ -6.4816, 41.4852 ], [ -6.4794, 41.4916 ], [ -6.4856, 41.5015 ], [ -6.4997, 41.5116 ], [ -6.4975, 41.5164 ], [ -6.4814, 41.5194 ], [ -6.4819, 41.5336 ], [ -6.4758, 41.5426 ], [ -6.4671, 41.5506 ], [ -6.4571, 41.5424 ], [ -6.4455, 41.5412 ], [ -6.4346, 41.536 ], [ -6.4358, 41.5305 ], [ -6.4254, 41.5182 ], [ -6.4199, 41.5091 ], [ -6.4184, 41.4973 ], [ -6.4165, 41.4964 ], [ -6.4094, 41.4961 ], [ -6.3868, 41.4908 ], [ -6.378, 41.501 ], [ -6.3672, 41.5103 ], [ -6.3713, 41.5298 ], [ -6.3752, 41.5329 ], [ -6.3908, 41.5331 ], [ -6.3968, 41.5349 ], [ -6.3984, 41.5362 ], [ -6.3981, 41.5399 ], [ -6.3998, 41.5429 ], [ -6.4123, 41.5516 ], [ -6.4073, 41.5614 ], [ -6.3984, 41.568 ], [ -6.395, 41.5724 ], [ -6.3954, 41.5822 ], [ -6.3889, 41.5895 ], [ -6.3918, 41.5923 ], [ -6.3869, 41.5959 ], [ -6.3862, 41.599 ], [ -6.3726, 41.6069 ], [ -6.3727, 41.6122 ], [ -6.3793, 41.6202 ], [ -6.3831, 41.647 ], [ -6.3885, 41.6507 ], [ -6.3817, 41.671 ], [ -6.3784, 41.6743 ], [ -6.3546, 41.6764 ], [ -6.3023, 41.6618 ], [ -6.283, 41.6523 ], [ -6.2544, 41.633 ], [ -6.2358, 41.607 ], [ -6.2301, 41.6037 ], [ -6.2087, 41.5991 ], [ -6.2014, 41.5945 ], [ -6.1969, 41.5895 ], [ -6.196, 41.5846 ], [ -6.1891, 41.5748 ], [ -6.2013, 41.5682 ], [ -6.2117, 41.5591 ], [ -6.2173, 41.5505 ], [ -6.2174, 41.5427 ], [ -6.2266, 41.5346 ], [ -6.2369, 41.5213 ], [ -6.2426, 41.5192 ], [ -6.2458, 41.5158 ], [ -6.2577, 41.5141 ], [ -6.258, 41.5119 ], [ -6.251, 41.5002 ], [ -6.2558, 41.4971 ], [ -6.2658, 41.4982 ], [ -6.2679, 41.4943 ], [ -6.2618, 41.4868 ], [ -6.2686, 41.4871 ], [ -6.284, 41.479 ], [ -6.2859, 41.4665 ], [ -6.2962, 41.4598 ], [ -6.3053, 41.4497 ], [ -6.3049, 41.4464 ], [ -6.2948, 41.4362 ], [ -6.3, 41.4287 ], [ -6.31, 41.4194 ], [ -6.319, 41.4155 ], [ -6.3268, 41.4164 ], [ -6.3333, 41.4103 ], [ -6.3324, 41.4052 ], [ -6.3201, 41.4009 ], [ -6.3172, 41.3971 ], [ -6.3176, 41.3939 ], [ -6.3154, 41.3901 ], [ -6.3176, 41.3857 ], [ -6.3258, 41.3868 ], [ -6.3413, 41.38 ], [ -6.3525, 41.3783 ], [ -6.3617, 41.3834 ], [ -6.3657, 41.3883 ], [ -6.3666, 41.3934 ], [ -6.3713, 41.392 ], [ -6.3768, 41.3872 ], [ -6.3883, 41.3855 ], [ -6.3915, 41.3821 ] ] ] ] } },
{ "type": "Feature", "properties": { "GID_2": "PRT.5.7_1", "GID_0": "PRT", "COUNTRY": "Portugal", "GID_1": "PRT.5_1", "NAME_1": "Bragança", "NL_NAME_1": "NA", "NAME_2": "Mirandela", "VARNAME_2": "NA", "NL_NAME_2": "NA", "TYPE_2": "Concelho", "ENGTYPE_2": "Municipality", "CC_2": "0407", "HASC_2": "PT.BA.MI" }, "geometry": { "type": "MultiPolygon", "coordinates": [ [ [ [ -7.2974, 41.3345 ], [ -7.2999, 41.3337 ], [ -7.3051, 41.3368 ], [ -7.3147, 41.3384 ], [ -7.3142, 41.3414 ], [ -7.3481, 41.3516 ], [ -7.356, 41.3578 ], [ -7.3616, 41.3648 ], [ -7.3612, 41.3688 ], [ -7.3552, 41.3716 ], [ -7.3526, 41.3766 ], [ -7.3561, 41.3768 ], [ -7.3568, 41.3794 ], [ -7.3614, 41.382 ], [ -7.3605, 41.3843 ], [ -7.3618, 41.3851 ], [ -7.3589, 41.385 ], [ -7.3581, 41.3883 ], [ -7.3615, 41.3885 ], [ -7.3617, 41.3952 ], [ -7.3663, 41.397 ], [ -7.3664, 41.4037 ], [ -7.3622, 41.4065 ], [ -7.3662, 41.4093 ], [ -7.3663, 41.4113 ], [ -7.3641, 41.4127 ], [ -7.3668, 41.4152 ], [ -7.3635, 41.4177 ], [ -7.3643, 41.4193 ], [ -7.3596, 41.4243 ], [ -7.3611, 41.4259 ], [ -7.3598, 41.4282 ], [ -7.3609, 41.4319 ], [ -7.3654, 41.4367 ], [ -7.3653, 41.4404 ], [ -7.3554, 41.4482 ], [ -7.3472, 41.4503 ], [ -7.3445, 41.4527 ], [ -7.3327, 41.4512 ], [ -7.3294, 41.4596 ], [ -7.3198, 41.4614 ], [ -7.3076, 41.4613 ], [ -7.2983, 41.4646 ], [ -7.3046, 41.4688 ], [ -7.3032, 41.4758 ], [ -7.3008, 41.4794 ], [ -7.3023, 41.4823 ], [ -7.3008, 41.4842 ], [ -7.3015, 41.4875 ], [ -7.2965, 41.4953 ], [ -7.2973, 41.4992 ], [ -7.2924, 41.5012 ], [ -7.2883, 41.5052 ], [ -7.2911, 41.5088 ], [ -7.2839, 41.5156 ], [ -7.238, 41.5189 ], [ -7.2291, 41.5228 ], [ -7.2324, 41.5249 ], [ -7.232, 41.5309 ], [ -7.24, 41.5353 ], [ -7.2399, 41.5422 ], [ -7.2486, 41.5459 ], [ -7.2499, 41.5546 ], [ -7.2584, 41.5632 ], [ -7.2591, 41.5722 ], [ -7.2531, 41.5826 ], [ -7.2587, 41.5914 ], [ -7.2553, 41.5986 ], [ -7.2522, 41.6125 ], [ -7.249, 41.6157 ], [ -7.2455, 41.6159 ], [ -7.2444, 41.6192 ], [ -7.2454, 41.6269 ], [ -7.2481, 41.6296 ], [ -7.2429, 41.6421 ], [ -7.2292, 41.6578 ], [ -7.2204, 41.6744 ], [ -7.2143, 41.6796 ], [ -7.2133, 41.6927 ], [ -7.2089, 41.7118 ], [ -7.2049, 41.7168 ], [ -7.1964, 41.7196 ], [ -7.1951, 41.7282 ], [ -7.1887, 41.7352 ], [ -7.1836, 41.7305 ], [ -7.1797, 41.7303 ], [ -7.1811, 41.7264 ], [ -7.1767, 41.7235 ], [ -7.1638, 41.719 ], [ -7.1511, 41.7191 ], [ -7.1479, 41.7131 ], [ -7.1451, 41.7138 ], [ -7.139, 41.7103 ], [ -7.1374, 41.7076 ], [ -7.1288, 41.7057 ], [ -7.1309, 41.7038 ], [ -7.1304, 41.7021 ], [ -7.1276, 41.7023 ], [ -7.1243, 41.698 ], [ -7.126, 41.6925 ], [ -7.1241, 41.6894 ], [ -7.1238, 41.6836 ], [ -7.1295, 41.6772 ], [ -7.1239, 41.6727 ], [ -7.1033, 41.6618 ], [ -7.1009, 41.6542 ], [ -7.107, 41.6461 ], [ -7.1033, 41.6393 ], [ -7.1058, 41.6353 ], [ -7.1047, 41.6321 ], [ -7.1106, 41.627 ], [ -7.1045, 41.6242 ], [ -7.1029, 41.6205 ], [ -7.0999, 41.619 ], [ -7.0818, 41.6148 ], [ -7.0858, 41.6042 ], [ -7.0899, 41.603 ], [ -7.0897, 41.5967 ], [ -7.0917, 41.5932 ], [ -7.0854, 41.5901 ], [ -7.0838, 41.5848 ], [ -7.073, 41.5792 ], [ -7.0703, 41.5756 ], [ -7.0583, 41.5806 ], [ -7.0511, 41.5816 ], [ -7.0362, 41.5792 ], [ -7.0414, 41.5717 ], [ -7.0422, 41.5516 ], [ -7.0457, 41.5484 ], [ -7.0392, 41.5425 ], [ -7.0391, 41.5378 ], [ -7.047, 41.5321 ], [ -7.0559, 41.5201 ], [ -7.07, 41.5052 ], [ -7.0691, 41.4937 ], [ -7.0675, 41.492 ], [ -7.0604, 41.4899 ], [ -7.058, 41.4874 ], [ -7.0504, 41.4884 ], [ -7.0378, 41.4822 ], [ -7.0292, 41.4633 ], [ -7.0427, 41.4577 ], [ -7.0391, 41.4554 ], [ -7.0365, 41.4435 ], [ -7.0312, 41.4382 ], [ -7.0451, 41.4282 ], [ -7.0491, 41.4178 ], [ -7.0567, 41.4134 ], [ -7.0885, 41.407 ], [ -7.0936, 41.4071 ], [ -7.097, 41.4093 ], [ -7.0999, 41.4086 ], [ -7.1069, 41.4126 ], [ -7.1159, 41.4117 ], [ -7.1243, 41.4076 ], [ -7.1199, 41.4054 ], [ -7.1186, 41.4027 ], [ -7.1195, 41.3999 ], [ -7.117, 41.3932 ], [ -7.1177, 41.3914 ], [ -7.1213, 41.3883 ], [ -7.1344, 41.3855 ], [ -7.1355, 41.3807 ], [ -7.1388, 41.3792 ], [ -7.1419, 41.3735 ], [ -7.1619, 41.3731 ], [ -7.1649, 41.3761 ], [ -7.1654, 41.3797 ], [ -7.1686, 41.3801 ], [ -7.1728, 41.3839 ], [ -7.1804, 41.3848 ], [ -7.1851, 41.3875 ], [ -7.2008, 41.3886 ], [ -7.2231, 41.3799 ], [ -7.2262, 41.3687 ], [ -7.2379, 41.3705 ], [ -7.2408, 41.3668 ], [ -7.2456, 41.3647 ], [ -7.25, 41.3604 ], [ -7.2498, 41.3556 ], [ -7.2514, 41.3528 ], [ -7.2685, 41.3532 ], [ -7.2753, 41.3519 ], [ -7.2796, 41.3466 ], [ -7.2872, 41.3459 ], [ -7.2888, 41.3405 ], [ -7.2974, 41.3345 ] ] ] ] } },
{ "type": "Feature", "properties": { "GID_2": "PRT.5.8_1", "GID_0": "PRT", "COUNTRY": "Portugal", "GID_1": "PRT.5_1", "NAME_1": "Bragança", "NL_NAME_1": "NA", "NAME_2": "Mogadouro", "VARNAME_2": "NA", "NL_NAME_2": "NA", "TYPE_2": "Concelho", "ENGTYPE_2": "Municipality", "CC_2": "0408", "HASC_2": "PT.BA.MO" }, "geometry": { "type": "MultiPolygon", "coordinates": [ [ [ [ -6.7822, 41.2016 ], [ -6.7867, 41.2012 ], [ -6.7882, 41.1995 ], [ -6.7996, 41.1986 ], [ -6.8113, 41.1934 ], [ -6.8146, 41.198 ], [ -6.8317, 41.2014 ], [ -6.8353, 41.2006 ], [ -6.8345, 41.204 ], [ -6.8372, 41.2068 ], [ -6.8358, 41.2086 ], [ -6.84, 41.208 ], [ -6.8427, 41.2112 ], [ -6.8463, 41.2112 ], [ -6.8463, 41.2127 ], [ -6.8439, 41.2133 ], [ -6.8485, 41.2165 ], [ -6.8493, 41.2206 ], [ -6.8508, 41.2204 ], [ -6.8523, 41.2226 ], [ -6.8524, 41.2266 ], [ -6.8749, 41.2252 ], [ -6.8891, 41.2262 ], [ -6.8936, 41.2258 ], [ -6.8945, 41.2237 ], [ -6.8982, 41.2232 ], [ -6.9016, 41.2255 ], [ -6.9123, 41.2269 ], [ -6.9211, 41.2416 ], [ -6.9155, 41.2413 ], [ -6.911, 41.2447 ], [ -6.9102, 41.2498 ], [ -6.9127, 41.254 ], [ -6.9109, 41.2573 ], [ -6.9065, 41.2571 ], [ -6.8944, 41.2494 ], [ -6.8891, 41.2571 ], [ -6.8848, 41.2556 ], [ -6.8801, 41.257 ], [ -6.8781, 41.2605 ], [ -6.8819, 41.2661 ], [ -6.8823, 41.2712 ], [ -6.8808, 41.2758 ], [ -6.875, 41.2832 ], [ -6.8731, 41.2891 ], [ -6.8632, 41.2963 ], [ -6.8595, 41.3055 ], [ -6.8559, 41.3092 ], [ -6.8519, 41.3106 ], [ -6.8422, 41.3105 ], [ -6.8373, 41.3125 ], [ -6.8273, 41.3221 ], [ -6.8259, 41.3256 ], [ -6.8267, 41.3322 ], [ -6.8205, 41.345 ], [ -6.8255, 41.3495 ], [ -6.8345, 41.3498 ], [ -6.8421, 41.3442 ], [ -6.8535, 41.3454 ], [ -6.8562, 41.3475 ], [ -6.858, 41.3517 ], [ -6.86, 41.3507 ], [ -6.8669, 41.3538 ], [ -6.8692, 41.3525 ], [ -6.875, 41.3553 ], [ -6.8785, 41.3599 ], [ -6.8817, 41.3607 ], [ -6.8777, 41.3622 ], [ -6.8765, 41.3632 ], [ -6.8773, 41.365 ], [ -6.8752, 41.3661 ], [ -6.8783, 41.367 ], [ -6.8763, 41.3689 ], [ -6.8774, 41.3709 ], [ -6.8735, 41.3747 ], [ -6.8757, 41.3764 ], [ -6.8713, 41.379 ], [ -6.8736, 41.3816 ], [ -6.8734, 41.3855 ], [ -6.8646, 41.3914 ], [ -6.8582, 41.3932 ], [ -6.8594, 41.3963 ], [ -6.8565, 41.3977 ], [ -6.8605, 41.4015 ], [ -6.8583, 41.4012 ], [ -6.8584, 41.4027 ], [ -6.8544, 41.4047 ], [ -6.8555, 41.4058 ], [ -6.8483, 41.4073 ], [ -6.8467, 41.4092 ], [ -6.8471, 41.4115 ], [ -6.8446, 41.4112 ], [ -6.8403, 41.4156 ], [ -6.8338, 41.4174 ], [ -6.8286, 41.4233 ], [ -6.8235, 41.4236 ], [ -6.8241, 41.4254 ], [ -6.8215, 41.4267 ], [ -6.8122, 41.426 ], [ -6.8089, 41.4278 ], [ -6.8079, 41.4195 ], [ -6.8112, 41.4188 ], [ -6.8045, 41.4156 ], [ -6.8046, 41.4124 ], [ -6.8073, 41.4107 ], [ -6.8052, 41.4091 ], [ -6.8058, 41.4074 ], [ -6.8016, 41.4049 ], [ -6.7863, 41.4084 ], [ -6.7849, 41.4119 ], [ -6.778, 41.4143 ], [ -6.764, 41.4151 ], [ -6.7528, 41.4234 ], [ -6.7428, 41.4274 ], [ -6.7373, 41.4263 ], [ -6.7313, 41.4275 ], [ -6.7294, 41.432 ], [ -6.7251, 41.4362 ], [ -6.7212, 41.4366 ], [ -6.7152, 41.4335 ], [ -6.7067, 41.4316 ], [ -6.703, 41.4366 ], [ -6.6938, 41.4393 ], [ -6.6841, 41.4449 ], [ -6.6795, 41.4513 ], [ -6.6671, 41.4573 ], [ -6.6647, 41.4604 ], [ -6.6497, 41.4618 ], [ -6.641, 41.4662 ], [ -6.6317, 41.4643 ], [ -6.6249, 41.4672 ], [ -6.621, 41.4668 ], [ -6.6187, 41.4644 ], [ -6.6151, 41.464 ], [ -6.6141, 41.4613 ], [ -6.6083, 41.4589 ], [ -6.61, 41.4551 ], [ -6.6072, 41.4517 ], [ -6.6014, 41.4557 ], [ -6.5867, 41.4541 ], [ -6.5846, 41.4563 ], [ -6.5802, 41.4575 ], [ -6.5729, 41.4506 ], [ -6.5585, 41.4499 ], [ -6.5571, 41.4457 ], [ -6.55, 41.449 ], [ -6.5467, 41.4531 ], [ -6.5447, 41.4513 ], [ -6.5363, 41.4517 ], [ -6.5295, 41.4473 ], [ -6.5295, 41.4452 ], [ -6.519, 41.4409 ], [ -6.514, 41.4321 ], [ -6.5081, 41.4296 ], [ -6.5086, 41.4274 ], [ -6.5023, 41.4273 ], [ -6.5044, 41.4238 ], [ -6.504, 41.4215 ], [ -6.5009, 41.421 ], [ -6.5008, 41.4176 ], [ -6.4976, 41.4157 ], [ -6.4984, 41.4146 ], [ -6.4972, 41.4137 ], [ -6.5004, 41.4117 ], [ -6.4925, 41.4065 ], [ -6.4924, 41.4077 ], [ -6.4867, 41.4064 ], [ -6.48, 41.4037 ], [ -6.48, 41.402 ], [ -6.4746, 41.4024 ], [ -6.4715, 41.3998 ], [ -6.4715, 41.3979 ], [ -6.4688, 41.396 ], [ -6.4708, 41.3935 ], [ -6.4697, 41.3928 ], [ -6.4708, 41.3891 ], [ -6.4693, 41.3825 ], [ -6.4705, 41.3803 ], [ -6.4662, 41.378 ], [ -6.4664, 41.3758 ], [ -6.4495, 41.3692 ], [ -6.4464, 41.3657 ], [ -6.4443, 41.3656 ], [ -6.4429, 41.3624 ], [ -6.4373, 41.36 ], [ -6.4371, 41.3578 ], [ -6.4396, 41.3549 ], [ -6.4382, 41.3543 ], [ -6.4387, 41.3525 ], [ -6.4372, 41.3516 ], [ -6.4331, 41.3539 ], [ -6.433, 41.3524 ], [ -6.4298, 41.3528 ], [ -6.4294, 41.3503 ], [ -6.427, 41.3502 ], [ -6.4198, 41.3435 ], [ -6.4265, 41.3329 ], [ -6.4181, 41.3261 ], [ -6.4338, 41.3202 ], [ -6.439, 41.3133 ], [ -6.4395, 41.3105 ], [ -6.4371, 41.3079 ], [ -6.4376, 41.3053 ], [ -6.4493, 41.2988 ], [ -6.4594, 41.2977 ], [ -6.4688, 41.3013 ], [ -6.4774, 41.295 ], [ -6.4869, 41.2913 ], [ -6.4902, 41.2887 ], [ -6.4913, 41.2849 ], [ -6.4817, 41.2794 ], [ -6.4784, 41.2758 ], [ -6.4804, 41.2735 ], [ -6.4987, 41.2652 ], [ -6.5115, 41.2644 ], [ -6.5167, 41.2738 ], [ -6.5226, 41.2756 ], [ -6.5249, 41.2711 ], [ -6.5303, 41.2669 ], [ -6.5471, 41.258 ], [ -6.5516, 41.2456 ], [ -6.567, 41.2426 ], [ -6.5713, 41.239 ], [ -6.5797, 41.2389 ], [ -6.5846, 41.241 ], [ -6.5869, 41.246 ], [ -6.5866, 41.2524 ], [ -6.5916, 41.2552 ], [ -6.5952, 41.2529 ], [ -6.5967, 41.2459 ], [ -6.5998, 41.2435 ], [ -6.6072, 41.2494 ], [ -6.6203, 41.2476 ], [ -6.6287, 41.2428 ], [ -6.6358, 41.2441 ], [ -6.6419, 41.2479 ], [ -6.6479, 41.2478 ], [ -6.6529, 41.2353 ], [ -6.6605, 41.2339 ], [ -6.6714, 41.2232 ], [ -6.6795, 41.2199 ], [ -6.6849, 41.2122 ], [ -6.6914, 41.2096 ], [ -6.6905, 41.205 ], [ -6.6994, 41.2079 ], [ -6.7053, 41.213 ], [ -6.7042, 41.2145 ], [ -6.7076, 41.2147 ], [ -6.7068, 41.218 ], [ -6.7098, 41.2187 ], [ -6.7094, 41.2209 ], [ -6.7114, 41.2197 ], [ -6.7152, 41.2224 ], [ -6.7143, 41.2262 ], [ -6.7167, 41.225 ], [ -6.7182, 41.2267 ], [ -6.7179, 41.2296 ], [ -6.7193, 41.2274 ], [ -6.7252, 41.232 ], [ -6.7248, 41.2353 ], [ -6.7284, 41.2367 ], [ -6.7292, 41.2393 ], [ -6.7301, 41.2387 ], [ -6.7337, 41.2429 ], [ -6.7325, 41.2442 ], [ -6.7366, 41.2455 ], [ -6.7358, 41.2471 ], [ -6.7373, 41.2485 ], [ -6.7592, 41.2402 ], [ -6.7646, 41.2367 ], [ -6.7665, 41.2323 ], [ -6.7652, 41.23 ], [ -6.7681, 41.2303 ], [ -6.775, 41.2234 ], [ -6.7762, 41.22 ], [ -6.7752, 41.2173 ], [ -6.7799, 41.2112 ], [ -6.7808, 41.2028 ], [ -6.7822, 41.2016 ] ] ] ] } },
{ "type": "Feature", "properties": { "GID_2": "PRT.5.9_1", "GID_0": "PRT", "COUNTRY": "Portugal", "GID_1": "PRT.5_1", "NAME_1": "Bragança", "NL_NAME_1": "NA", "NAME_2": "TorredeMoncorvo", "VARNAME_2": "NA", "NL_NAME_2": "NA", "TYPE_2": "Concelho", "ENGTYPE_2": "Municipality", "CC_2": "0409", "HASC_2": "PT.BA.TM" }, "geometry": { "type": "MultiPolygon", "coordinates": [ [ [ [ -6.9903, 41.103 ], [ -6.9865, 41.0984 ], [ -6.9778, 41.098 ], [ -6.9752, 41.096 ], [ -6.9737, 41.0911 ], [ -6.9753, 41.0829 ], [ -6.9707, 41.078 ], [ -6.9749, 41.0741 ], [ -6.9691, 41.0709 ], [ -6.9676, 41.0612 ], [ -6.9692, 41.059 ], [ -6.9683, 41.0569 ], [ -6.9794, 41.0507 ], [ -6.9797, 41.0463 ], [ -6.9842, 41.0421 ], [ -6.985, 41.0389 ], [ -6.9947, 41.0331 ], [ -6.998, 41.0366 ], [ -7.0036, 41.0365 ], [ -7.0116, 41.0412 ], [ -7.0268, 41.0382 ], [ -7.0435, 41.0443 ], [ -7.0505, 41.0486 ], [ -7.0512, 41.0572 ], [ -7.0582, 41.063 ], [ -7.0792, 41.0732 ], [ -7.1023, 41.0809 ], [ -7.1056, 41.0912 ], [ -7.1024, 41.1047 ], [ -7.093, 41.1118 ], [ -7.0852, 41.1211 ], [ -7.0838, 41.126 ], [ -7.0871, 41.1314 ], [ -7.0967, 41.135 ], [ -7.1079, 41.1361 ], [ -7.1245, 41.1344 ], [ -7.1302, 41.1377 ], [ -7.1302, 41.1418 ], [ -7.128, 41.1445 ], [ -7.1189, 41.1469 ], [ -7.1147, 41.1508 ], [ -7.1128, 41.1759 ], [ -7.1169, 41.179 ], [ -7.1252, 41.1768 ], [ -7.1283, 41.1658 ], [ -7.1324, 41.1603 ], [ -7.1475, 41.1565 ], [ -7.1505, 41.154 ], [ -7.1587, 41.143 ], [ -7.1606, 41.1377 ], [ -7.1605, 41.1289 ], [ -7.1637, 41.1261 ], [ -7.1738, 41.1273 ], [ -7.1913, 41.1264 ], [ -7.1973, 41.1281 ], [ -7.2017, 41.1328 ], [ -7.2092, 41.136 ], [ -7.2237, 41.1364 ], [ -7.2218, 41.1424 ], [ -7.215, 41.1469 ], [ -7.2122, 41.175 ], [ -7.2101, 41.1804 ], [ -7.1956, 41.1846 ], [ -7.1872, 41.1927 ], [ -7.189, 41.198 ], [ -7.1865, 41.2015 ], [ -7.2019, 41.2082 ], [ -7.2021, 41.2132 ], [ -7.2004, 41.2156 ], [ -7.2014, 41.2167 ], [ -7.1965, 41.2299 ], [ -7.1906, 41.2345 ], [ -7.1844, 41.2364 ], [ -7.185, 41.2399 ], [ -7.1816, 41.2411 ], [ -7.1836, 41.2439 ], [ -7.1807, 41.245 ], [ -7.1782, 41.2437 ], [ -7.1769, 41.2449 ], [ -7.1774, 41.2477 ], [ -7.1737, 41.2497 ], [ -7.1766, 41.2519 ], [ -7.1749, 41.2536 ], [ -7.1709, 41.2528 ], [ -7.17, 41.2512 ], [ -7.1646, 41.2554 ], [ -7.1569, 41.251 ], [ -7.1542, 41.2552 ], [ -7.1509, 41.2537 ], [ -7.1505, 41.2576 ], [ -7.1489, 41.258 ], [ -7.1204, 41.248 ], [ -7.115, 41.2426 ], [ -7.1029, 41.239 ], [ -7.097, 41.2344 ], [ -7.0945, 41.24 ], [ -7.0913, 41.2427 ], [ -7.0892, 41.2574 ], [ -7.087, 41.2612 ], [ -7.092, 41.2645 ], [ -7.0883, 41.2661 ], [ -7.0918, 41.2713 ], [ -7.0888, 41.275 ], [ -7.0892, 41.2784 ], [ -7.0822, 41.282 ], [ -7.0794, 41.2931 ], [ -7.0759, 41.2962 ], [ -7.0756, 41.3012 ], [ -7.071, 41.3046 ], [ -7.0715, 41.3063 ], [ -7.0692, 41.3092 ], [ -7.0572, 41.3046 ], [ -7.0533, 41.3009 ], [ -7.0478, 41.3023 ], [ -7.0348, 41.2863 ], [ -7.0286, 41.2843 ], [ -7.0211, 41.2736 ], [ -7.0092, 41.2683 ], [ -7.0092, 41.267 ], [ -6.9985, 41.2602 ], [ -6.9861, 41.2545 ], [ -6.9781, 41.2547 ], [ -6.9752, 41.2507 ], [ -6.9704, 41.2499 ], [ -6.9662, 41.2467 ], [ -6.9638, 41.2473 ], [ -6.9617, 41.2504 ], [ -6.9583, 41.2499 ], [ -6.9521, 41.2453 ], [ -6.9329, 41.247 ], [ -6.9311, 41.2449 ], [ -6.9327, 41.2415 ], [ -6.9296, 41.2394 ], [ -6.9209, 41.2414 ], [ -6.9123, 41.2269 ], [ -6.9016, 41.2255 ], [ -6.8982, 41.2232 ], [ -6.8945, 41.2237 ], [ -6.8936, 41.2258 ], [ -6.8891, 41.2262 ], [ -6.8749, 41.2252 ], [ -6.8524, 41.2266 ], [ -6.8523, 41.2226 ], [ -6.8508, 41.2204 ], [ -6.8493, 41.2206 ], [ -6.8485, 41.2165 ], [ -6.8439, 41.2133 ], [ -6.8463, 41.2127 ], [ -6.8463, 41.2112 ], [ -6.8427, 41.2112 ], [ -6.84, 41.208 ], [ -6.8358, 41.2086 ], [ -6.8372, 41.2068 ], [ -6.8345, 41.204 ], [ -6.8353, 41.2006 ], [ -6.8317, 41.2014 ], [ -6.8126, 41.1965 ], [ -6.8117, 41.1936 ], [ -6.8163, 41.1899 ], [ -6.8187, 41.1806 ], [ -6.8142, 41.1789 ], [ -6.8121, 41.1748 ], [ -6.8086, 41.1729 ], [ -6.8088, 41.1713 ], [ -6.8059, 41.1702 ], [ -6.801, 41.1636 ], [ -6.8011, 41.1581 ], [ -6.7982, 41.1547 ], [ -6.8008, 41.152 ], [ -6.8094, 41.1506 ], [ -6.8095, 41.144 ], [ -6.8172, 41.1416 ], [ -6.8215, 41.1428 ], [ -6.8307, 41.1425 ], [ -6.8319, 41.139 ], [ -6.8458, 41.1335 ], [ -6.852, 41.1266 ], [ -6.8647, 41.1273 ], [ -6.8667, 41.1239 ], [ -6.8719, 41.121 ], [ -6.8735, 41.1142 ], [ -6.8836, 41.1159 ], [ -6.8867, 41.1133 ], [ -6.8878, 41.1087 ], [ -6.8923, 41.1065 ], [ -6.9011, 41.1076 ], [ -6.9087, 41.103 ], [ -6.9225, 41.1061 ], [ -6.9377, 41.1017 ], [ -6.9467, 41.1072 ], [ -6.9503, 41.1064 ], [ -6.9533, 41.1086 ], [ -6.9634, 41.1064 ], [ -6.9798, 41.1107 ], [ -6.9873, 41.1069 ], [ -6.9903, 41.103 ] ] ] ] } },
{ "type": "Feature", "properties": { "GID_2": "PRT.5.10_1", "GID_0": "PRT", "COUNTRY": "Portugal", "GID_1": "PRT.5_1", "NAME_1": "Bragança", "NL_NAME_1": "NA", "NAME_2": "VilaFlor", "VARNAME_2": "NA", "NL_NAME_2": "NA", "TYPE_2": "Concelho", "ENGTYPE_2": "Municipality", "CC_2": "0410", "HASC_2": "PT.BA.VF" }, "geometry": { "type": "MultiPolygon", "coordinates": [ [ [ [ -7.1953, 41.2321 ], [ -7.1984, 41.2343 ], [ -7.2043, 41.2346 ], [ -7.2172, 41.2284 ], [ -7.2252, 41.2279 ], [ -7.2327, 41.2311 ], [ -7.2349, 41.2352 ], [ -7.2357, 41.2457 ], [ -7.2428, 41.2533 ], [ -7.2426, 41.2574 ], [ -7.2395, 41.2644 ], [ -7.2468, 41.2655 ], [ -7.2395, 41.2831 ], [ -7.2377, 41.2923 ], [ -7.2473, 41.2931 ], [ -7.2583, 41.2909 ], [ -7.2714, 41.2955 ], [ -7.2853, 41.2908 ], [ -7.2898, 41.2952 ], [ -7.2982, 41.2984 ], [ -7.2862, 41.3122 ], [ -7.2764, 41.3125 ], [ -7.2755, 41.3216 ], [ -7.2705, 41.3328 ], [ -7.279, 41.3351 ], [ -7.2955, 41.3359 ], [ -7.2888, 41.3405 ], [ -7.2872, 41.3459 ], [ -7.2796, 41.3466 ], [ -7.2751, 41.352 ], [ -7.2514, 41.3528 ], [ -7.2498, 41.3556 ], [ -7.25, 41.3604 ], [ -7.2456, 41.3647 ], [ -7.2408, 41.3668 ], [ -7.2379, 41.3705 ], [ -7.2262, 41.3687 ], [ -7.2231, 41.3799 ], [ -7.2008, 41.3886 ], [ -7.1851, 41.3875 ], [ -7.1804, 41.3848 ], [ -7.1728, 41.3839 ], [ -7.1686, 41.3801 ], [ -7.1654, 41.3797 ], [ -7.1649, 41.3761 ], [ -7.1619, 41.3731 ], [ -7.1419, 41.3735 ], [ -7.1388, 41.3792 ], [ -7.1355, 41.3807 ], [ -7.1344, 41.3855 ], [ -7.1213, 41.3883 ], [ -7.1177, 41.3914 ], [ -7.117, 41.3932 ], [ -7.1195, 41.3999 ], [ -7.1185, 41.4025 ], [ -7.1236, 41.408 ], [ -7.1159, 41.4117 ], [ -7.1069, 41.4126 ], [ -7.0999, 41.4086 ], [ -7.097, 41.4093 ], [ -7.0936, 41.4071 ], [ -7.0885, 41.407 ], [ -7.0619, 41.4127 ], [ -7.0603, 41.4035 ], [ -7.0516, 41.4006 ], [ -7.0499, 41.396 ], [ -7.0447, 41.3944 ], [ -7.048, 41.3863 ], [ -7.0493, 41.3867 ], [ -7.047, 41.3844 ], [ -7.0479, 41.3764 ], [ -7.0419, 41.3754 ], [ -7.0326, 41.3707 ], [ -7.0395, 41.3644 ], [ -7.0421, 41.3597 ], [ -7.0471, 41.357 ], [ -7.0528, 41.3455 ], [ -7.0575, 41.3435 ], [ -7.0595, 41.3383 ], [ -7.0585, 41.3323 ], [ -7.0603, 41.3258 ], [ -7.0555, 41.3228 ], [ -7.0607, 41.3149 ], [ -7.0684, 41.3108 ], [ -7.0715, 41.3063 ], [ -7.071, 41.3046 ], [ -7.0756, 41.3012 ], [ -7.0759, 41.2962 ], [ -7.0794, 41.2931 ], [ -7.0822, 41.282 ], [ -7.0892, 41.2784 ], [ -7.0888, 41.275 ], [ -7.0918, 41.2713 ], [ -7.0883, 41.2661 ], [ -7.092, 41.2645 ], [ -7.087, 41.2612 ], [ -7.0892, 41.2574 ], [ -7.0912, 41.2429 ], [ -7.0945, 41.24 ], [ -7.0952, 41.236 ], [ -7.0973, 41.2343 ], [ -7.1029, 41.239 ], [ -7.115, 41.2426 ], [ -7.1204, 41.248 ], [ -7.1489, 41.258 ], [ -7.1505, 41.2576 ], [ -7.1509, 41.2537 ], [ -7.1542, 41.2552 ], [ -7.1569, 41.251 ], [ -7.1646, 41.2554 ], [ -7.17, 41.2512 ], [ -7.1709, 41.2528 ], [ -7.1749, 41.2536 ], [ -7.1766, 41.2519 ], [ -7.1737, 41.2497 ], [ -7.1774, 41.2477 ], [ -7.1769, 41.2449 ], [ -7.1782, 41.2437 ], [ -7.1807, 41.245 ], [ -7.1836, 41.2439 ], [ -7.1816, 41.2411 ], [ -7.185, 41.2399 ], [ -7.1844, 41.2364 ], [ -7.1906, 41.2345 ], [ -7.1939, 41.2313 ], [ -7.1953, 41.2321 ] ] ] ] } },
{ "type": "Feature", "properties": { "GID_2": "PRT.5.11_1", "GID_0": "PRT", "COUNTRY": "Portugal", "GID_1": "PRT.5_1", "NAME_1": "Bragança", "NL_NAME_1": "NA", "NAME_2": "Vimioso", "VARNAME_2": "NA", "NL_NAME_2": "NA", "TYPE_2": "Concelho", "ENGTYPE_2": "Municipality", "CC_2": "0411", "HASC_2": "PT.BA.VM" }, "geometry": { "type": "MultiPolygon", "coordinates": [ [ [ [ -6.5277, 41.4583 ], [ -6.5312, 41.4564 ], [ -6.5307, 41.4517 ], [ -6.5328, 41.4499 ], [ -6.5365, 41.4517 ], [ -6.5447, 41.4513 ], [ -6.5467, 41.4531 ], [ -6.55, 41.449 ], [ -6.5571, 41.4457 ], [ -6.5585, 41.4499 ], [ -6.5729, 41.4506 ], [ -6.5802, 41.4575 ], [ -6.5846, 41.4563 ], [ -6.5867, 41.4541 ], [ -6.6014, 41.4557 ], [ -6.6049, 41.4522 ], [ -6.6075, 41.4518 ], [ -6.61, 41.4551 ], [ -6.6083, 41.4589 ], [ -6.6144, 41.4614 ], [ -6.6151, 41.464 ], [ -6.6187, 41.4644 ], [ -6.6225, 41.4672 ], [ -6.6314, 41.4643 ], [ -6.6368, 41.4662 ], [ -6.6425, 41.4659 ], [ -6.6497, 41.4618 ], [ -6.6643, 41.4606 ], [ -6.6671, 41.4573 ], [ -6.6717, 41.4561 ], [ -6.6728, 41.4616 ], [ -6.6628, 41.4701 ], [ -6.6594, 41.477 ], [ -6.6608, 41.4823 ], [ -6.6585, 41.4903 ], [ -6.6625, 41.4935 ], [ -6.6636, 41.4987 ], [ -6.6695, 41.5007 ], [ -6.6735, 41.5069 ], [ -6.6724, 41.5106 ], [ -6.6735, 41.5192 ], [ -6.6671, 41.5269 ], [ -6.6741, 41.5367 ], [ -6.6712, 41.539 ], [ -6.6713, 41.547 ], [ -6.6678, 41.5525 ], [ -6.6691, 41.5557 ], [ -6.6748, 41.5583 ], [ -6.6724, 41.5635 ], [ -6.6781, 41.5679 ], [ -6.6772, 41.5727 ], [ -6.6695, 41.5777 ], [ -6.6708, 41.5845 ], [ -6.6681, 41.5862 ], [ -6.6608, 41.5868 ], [ -6.6571, 41.5891 ], [ -6.6539, 41.5956 ], [ -6.6548, 41.5986 ], [ -6.6497, 41.6035 ], [ -6.6517, 41.6098 ], [ -6.6482, 41.6142 ], [ -6.6471, 41.6231 ], [ -6.636, 41.6329 ], [ -6.6416, 41.6433 ], [ -6.6395, 41.6527 ], [ -6.6405, 41.6554 ], [ -6.6386, 41.6601 ], [ -6.6437, 41.6616 ], [ -6.645, 41.6638 ], [ -6.6427, 41.6661 ], [ -6.6379, 41.6644 ], [ -6.6081, 41.6675 ], [ -6.6011, 41.6658 ], [ -6.5903, 41.6589 ], [ -6.5845, 41.6593 ], [ -6.5761, 41.6565 ], [ -6.5744, 41.6605 ], [ -6.57, 41.661 ], [ -6.5666, 41.6634 ], [ -6.5702, 41.6679 ], [ -6.5699, 41.6722 ], [ -6.5675, 41.6753 ], [ -6.5682, 41.6774 ], [ -6.5624, 41.6777 ], [ -6.5614, 41.6842 ], [ -6.5572, 41.687 ], [ -6.5562, 41.6917 ], [ -6.5538, 41.6933 ], [ -6.5483, 41.6856 ], [ -6.5417, 41.6805 ], [ -6.5343, 41.6766 ], [ -6.5276, 41.6753 ], [ -6.519, 41.6689 ], [ -6.5125, 41.6612 ], [ -6.4995, 41.6571 ], [ -6.4887, 41.6575 ], [ -6.4694, 41.6662 ], [ -6.4573, 41.6666 ], [ -6.4525, 41.6754 ], [ -6.4523, 41.6809 ], [ -6.445, 41.6848 ], [ -6.4405, 41.6844 ], [ -6.4362, 41.6807 ], [ -6.4343, 41.6821 ], [ -6.4256, 41.6794 ], [ -6.4137, 41.6785 ], [ -6.406, 41.6809 ], [ -6.396, 41.6772 ], [ -6.3784, 41.6743 ], [ -6.3819, 41.6704 ], [ -6.3885, 41.6508 ], [ -6.3831, 41.647 ], [ -6.3793, 41.6202 ], [ -6.3727, 41.6122 ], [ -6.3726, 41.6069 ], [ -6.3862, 41.599 ], [ -6.3869, 41.5959 ], [ -6.3918, 41.5923 ], [ -6.3889, 41.5895 ], [ -6.3954, 41.5822 ], [ -6.395, 41.5724 ], [ -6.3984, 41.568 ], [ -6.4073, 41.5614 ], [ -6.4123, 41.5512 ], [ -6.3998, 41.5429 ], [ -6.3981, 41.5399 ], [ -6.3984, 41.5362 ], [ -6.3968, 41.5349 ], [ -6.3908, 41.5331 ], [ -6.3752, 41.5329 ], [ -6.3713, 41.5298 ], [ -6.3671, 41.5104 ], [ -6.378, 41.501 ], [ -6.3868, 41.4908 ], [ -6.4094, 41.4961 ], [ -6.4165, 41.4964 ], [ -6.4184, 41.4973 ], [ -6.4199, 41.5091 ], [ -6.4254, 41.5182 ], [ -6.4358, 41.5305 ], [ -6.4346, 41.536 ], [ -6.4455, 41.5412 ], [ -6.4571, 41.5424 ], [ -6.4671, 41.5506 ], [ -6.4758, 41.5426 ], [ -6.4819, 41.5336 ], [ -6.4814, 41.5194 ], [ -6.4975, 41.5164 ], [ -6.4997, 41.5116 ], [ -6.4856, 41.5015 ], [ -6.4794, 41.4916 ], [ -6.4816, 41.4852 ], [ -6.479, 41.4815 ], [ -6.4801, 41.4787 ], [ -6.4893, 41.4732 ], [ -6.4858, 41.4699 ], [ -6.4865, 41.4665 ], [ -6.4908, 41.4645 ], [ -6.4904, 41.4618 ], [ -6.4928, 41.4597 ], [ -6.4987, 41.4602 ], [ -6.5, 41.4616 ], [ -6.501, 41.4595 ], [ -6.5054, 41.4581 ], [ -6.5105, 41.4602 ], [ -6.5138, 41.4561 ], [ -6.5153, 41.4568 ], [ -6.5183, 41.4551 ], [ -6.5226, 41.4558 ], [ -6.5233, 41.4582 ], [ -6.5277, 41.4583 ] ] ] ] } },
{ "type": "Feature", "properties": { "GID_2": "PRT.5.12_1", "GID_0": "PRT", "COUNTRY": "Portugal", "GID_1": "PRT.5_1", "NAME_1": "Bragança", "NL_NAME_1": "NA", "NAME_2": "Vinhais", "VARNAME_2": "NA", "NL_NAME_2": "NA", "TYPE_2": "Concelho", "ENGTYPE_2": "Municipality", "CC_2": "0412", "HASC_2": "PT.BA.VN" }, "geometry": { "type": "MultiPolygon", "coordinates": [ [ [ [ -7.0021, 41.6932 ], [ -7.0169, 41.6739 ], [ -7.0372, 41.6711 ], [ -7.0407, 41.6753 ], [ -7.0445, 41.6772 ], [ -7.0501, 41.6886 ], [ -7.0541, 41.6929 ], [ -7.0508, 41.6937 ], [ -7.0526, 41.6948 ], [ -7.072, 41.695 ], [ -7.0793, 41.6975 ], [ -7.0829, 41.6968 ], [ -7.0869, 41.7019 ], [ -7.0944, 41.699 ], [ -7.0949, 41.6974 ], [ -7.1098, 41.7079 ], [ -7.1107, 41.7113 ], [ -7.1243, 41.698 ], [ -7.1276, 41.7023 ], [ -7.1304, 41.7021 ], [ -7.1292, 41.7061 ], [ -7.1374, 41.7076 ], [ -7.139, 41.7103 ], [ -7.1451, 41.7138 ], [ -7.1479, 41.7131 ], [ -7.151, 41.719 ], [ -7.1638, 41.719 ], [ -7.1708, 41.7207 ], [ -7.1809, 41.7262 ], [ -7.1797, 41.7303 ], [ -7.1836, 41.7305 ], [ -7.1887, 41.7352 ], [ -7.1833, 41.7347 ], [ -7.1759, 41.7373 ], [ -7.172, 41.745 ], [ -7.1742, 41.7491 ], [ -7.1739, 41.7531 ], [ -7.1776, 41.758 ], [ -7.1737, 41.7601 ], [ -7.1707, 41.7684 ], [ -7.1738, 41.7731 ], [ -7.1796, 41.7732 ], [ -7.1824, 41.7792 ], [ -7.1894, 41.7779 ], [ -7.189, 41.7832 ], [ -7.1941, 41.7824 ], [ -7.1929, 41.7871 ], [ -7.1958, 41.7895 ], [ -7.193, 41.7915 ], [ -7.1942, 41.7945 ], [ -7.1973, 41.7975 ], [ -7.2019, 41.798 ], [ -7.1985, 41.8027 ], [ -7.2009, 41.806 ], [ -7.2058, 41.8049 ], [ -7.2046, 41.8087 ], [ -7.2058, 41.8098 ], [ -7.2086, 41.8089 ], [ -7.2102, 41.8138 ], [ -7.2083, 41.8176 ], [ -7.2046, 41.8172 ], [ -7.2045, 41.8199 ], [ -7.2078, 41.8257 ], [ -7.2136, 41.8272 ], [ -7.2054, 41.8376 ], [ -7.2069, 41.8459 ], [ -7.2017, 41.8497 ], [ -7.2007, 41.8604 ], [ -7.1949, 41.8663 ], [ -7.2036, 41.8749 ], [ -7.2005, 41.8795 ], [ -7.1967, 41.88 ], [ -7.1902, 41.8882 ], [ -7.1852, 41.8964 ], [ -7.1816, 41.9084 ], [ -7.182, 41.9129 ], [ -7.1735, 41.9191 ], [ -7.1787, 41.921 ], [ -7.1755, 41.9226 ], [ -7.1783, 41.9253 ], [ -7.18, 41.9317 ], [ -7.1838, 41.933 ], [ -7.1852, 41.9354 ], [ -7.1833, 41.9377 ], [ -7.1858, 41.9379 ], [ -7.1871, 41.9415 ], [ -7.1895, 41.9416 ], [ -7.1838, 41.9447 ], [ -7.1875, 41.9469 ], [ -7.1821, 41.9521 ], [ -7.1833, 41.9567 ], [ -7.1877, 41.9567 ], [ -7.185, 41.9622 ], [ -7.1866, 41.9694 ], [ -7.1797, 41.9792 ], [ -7.1649, 41.9796 ], [ -7.1584, 41.9762 ], [ -7.1544, 41.98 ], [ -7.1519, 41.9866 ], [ -7.1414, 41.9907 ], [ -7.1331, 41.988 ], [ -7.119, 41.9866 ], [ -7.1111, 41.9821 ], [ -7.0875, 41.9735 ], [ -7.0846, 41.964 ], [ -7.0769, 41.9519 ], [ -7.0683, 41.949 ], [ -7.0622, 41.9505 ], [ -7.0512, 41.9495 ], [ -7.0461, 41.9546 ], [ -7.043, 41.955 ], [ -7.0364, 41.9511 ], [ -7.0108, 41.9494 ], [ -7.0062, 41.9506 ], [ -6.9988, 41.9628 ], [ -6.9892, 41.9679 ], [ -6.9829, 41.9734 ], [ -6.9793, 41.9738 ], [ -6.9578, 41.9689 ], [ -6.9443, 41.9446 ], [ -6.9415, 41.9439 ], [ -6.9332, 41.9464 ], [ -6.9259, 41.9439 ], [ -6.9116, 41.9441 ], [ -6.8944, 41.94 ], [ -6.8854, 41.9403 ], [ -6.8892, 41.9327 ], [ -6.898, 41.9236 ], [ -6.9047, 41.905 ], [ -6.9034, 41.8987 ], [ -6.8995, 41.8919 ], [ -6.8966, 41.8889 ], [ -6.8905, 41.8866 ], [ -6.8914, 41.8845 ], [ -6.885, 41.8814 ], [ -6.8828, 41.8765 ], [ -6.8861, 41.8743 ], [ -6.8829, 41.8718 ], [ -6.8837, 41.8688 ], [ -6.8865, 41.8674 ], [ -6.8849, 41.8647 ], [ -6.8893, 41.863 ], [ -6.8907, 41.8538 ], [ -6.893, 41.8514 ], [ -6.8978, 41.8501 ], [ -6.8969, 41.849 ], [ -6.8984, 41.8476 ], [ -6.8993, 41.8413 ], [ -6.8972, 41.8397 ], [ -6.9006, 41.8362 ], [ -6.9059, 41.8354 ], [ -6.9081, 41.8323 ], [ -6.9101, 41.8325 ], [ -6.9108, 41.8343 ], [ -6.9218, 41.832 ], [ -6.9346, 41.8341 ], [ -6.9405, 41.8329 ], [ -6.9423, 41.8298 ], [ -6.9484, 41.8307 ], [ -6.9545, 41.8252 ], [ -6.951, 41.8215 ], [ -6.9339, 41.8207 ], [ -6.9284, 41.818 ], [ -6.921, 41.8114 ], [ -6.918, 41.8065 ], [ -6.9083, 41.8037 ], [ -6.9075, 41.7991 ], [ -6.9106, 41.7985 ], [ -6.9149, 41.791 ], [ -6.9336, 41.7871 ], [ -6.9358, 41.7832 ], [ -6.9344, 41.7756 ], [ -6.9444, 41.769 ], [ -6.9442, 41.767 ], [ -6.9479, 41.7616 ], [ -6.9362, 41.7509 ], [ -6.9405, 41.7461 ], [ -6.9399, 41.7398 ], [ -6.9337, 41.7311 ], [ -6.9302, 41.7286 ], [ -6.9257, 41.7297 ], [ -6.9237, 41.7283 ], [ -6.9122, 41.7307 ], [ -6.9023, 41.7267 ], [ -6.9018, 41.7286 ], [ -6.8952, 41.7304 ], [ -6.89, 41.7262 ], [ -6.875, 41.7277 ], [ -6.8609, 41.7153 ], [ -6.8698, 41.7126 ], [ -6.876, 41.701 ], [ -6.8803, 41.6984 ], [ -6.8839, 41.6974 ], [ -6.8907, 41.6991 ], [ -6.9043, 41.6964 ], [ -6.9217, 41.6981 ], [ -6.9223, 41.6949 ], [ -6.9252, 41.6921 ], [ -6.9282, 41.6797 ], [ -6.9447, 41.6806 ], [ -6.9467, 41.6854 ], [ -6.9453, 41.6881 ], [ -6.9477, 41.6864 ], [ -6.951, 41.6871 ], [ -6.9508, 41.6886 ], [ -6.9533, 41.6904 ], [ -6.9575, 41.6906 ], [ -6.9648, 41.6948 ], [ -6.9696, 41.691 ], [ -6.97, 41.6943 ], [ -6.973, 41.6973 ], [ -6.986, 41.7021 ], [ -6.998, 41.7003 ], [ -7.0021, 41.6932 ] ] ] ] } },
{ "type": "Feature", "properties": { "GID_2": "PRT.10.1_1", "GID_0": "PRT", "COUNTRY": "Portugal", "GID_1": "PRT.10_1", "NAME_1": "Guarda", "NL_NAME_1": "NA", "NAME_2": "AguiardaBeira", "VARNAME_2": "NA", "NL_NAME_2": "NA", "TYPE_2": "Concelho", "ENGTYPE_2": "Municipality", "CC_2": "0901", "HASC_2": "PT.GU.AB" }, "geometry": { "type": "MultiPolygon", "coordinates": [ [ [ [ -7.5351, 40.6903 ], [ -7.5426, 40.6959 ], [ -7.562, 40.6938 ], [ -7.591, 40.7138 ], [ -7.5937, 40.7175 ], [ -7.5954, 40.725 ], [ -7.5977, 40.7265 ], [ -7.5968, 40.7287 ], [ -7.5797, 40.7386 ], [ -7.5707, 40.7475 ], [ -7.5709, 40.7491 ], [ -7.5841, 40.7655 ], [ -7.5935, 40.7703 ], [ -7.6072, 40.7729 ], [ -7.6133, 40.777 ], [ -7.6167, 40.7772 ], [ -7.6192, 40.7806 ], [ -7.6281, 40.7815 ], [ -7.6254, 40.784 ], [ -7.621, 40.7955 ], [ -7.6074, 40.8058 ], [ -7.604, 40.8153 ], [ -7.5984, 40.8246 ], [ -7.5914, 40.8297 ], [ -7.5896, 40.8437 ], [ -7.586, 40.8526 ], [ -7.5768, 40.8628 ], [ -7.5662, 40.8675 ], [ -7.5635, 40.8713 ], [ -7.5581, 40.8732 ], [ -7.5293, 40.873 ], [ -7.5141, 40.8693 ], [ -7.5142, 40.8639 ], [ -7.5108, 40.8594 ], [ -7.498, 40.8557 ], [ -7.4956, 40.8526 ], [ -7.4963, 40.8485 ], [ -7.4927, 40.8479 ], [ -7.4824, 40.8395 ], [ -7.4828, 40.8352 ], [ -7.4726, 40.8289 ], [ -7.4648, 40.8276 ], [ -7.4637, 40.8265 ], [ -7.4644, 40.8215 ], [ -7.4572, 40.8182 ], [ -7.4541, 40.8142 ], [ -7.4541, 40.8079 ], [ -7.4671, 40.8032 ], [ -7.4671, 40.7988 ], [ -7.4604, 40.7901 ], [ -7.453, 40.7847 ], [ -7.4483, 40.7849 ], [ -7.4367, 40.7794 ], [ -7.4247, 40.7721 ], [ -7.422, 40.7675 ], [ -7.4224, 40.7618 ], [ -7.4245, 40.7581 ], [ -7.4354, 40.7501 ], [ -7.4481, 40.7451 ], [ -7.4657, 40.7445 ], [ -7.4687, 40.741 ], [ -7.4699, 40.7351 ], [ -7.4787, 40.7299 ], [ -7.4766, 40.7215 ], [ -7.4713, 40.7113 ], [ -7.4809, 40.7029 ], [ -7.4931, 40.6979 ], [ -7.5056, 40.701 ], [ -7.5211, 40.6995 ], [ -7.5351, 40.6903 ] ] ] ] } },
{ "type": "Feature", "properties": { "GID_2": "PRT.10.2_1", "GID_0": "PRT", "COUNTRY": "Portugal", "GID_1": "PRT.10_1", "NAME_1": "Guarda", "NL_NAME_1": "NA", "NAME_2": "Almeida", "VARNAME_2": "NA", "NL_NAME_2": "NA", "TYPE_2": "Concelho", "ENGTYPE_2": "Municipality", "CC_2": "0902", "HASC_2": "PT.GU.AL" }, "geometry": { "type": "MultiPolygon", "coordinates": [ [ [ [ -6.9751, 40.5018 ], [ -6.9779, 40.4952 ], [ -6.9852, 40.4872 ], [ -6.993, 40.4851 ], [ -6.9953, 40.48 ], [ -7.0026, 40.4772 ], [ -7.0041, 40.4819 ], [ -7.0102, 40.4827 ], [ -7.0144, 40.4855 ], [ -7.0224, 40.5053 ], [ -7.0238, 40.5147 ], [ -7.0285, 40.5185 ], [ -7.0338, 40.5314 ], [ -7.0397, 40.5319 ], [ -7.0471, 40.5351 ], [ -7.0498, 40.539 ], [ -7.0518, 40.5505 ], [ -7.0474, 40.5567 ], [ -7.0406, 40.5607 ], [ -7.033, 40.5722 ], [ -7.0333, 40.5778 ], [ -7.036, 40.5802 ], [ -7.0377, 40.5851 ], [ -7.0374, 40.5903 ], [ -7.0359, 40.5942 ], [ -7.0319, 40.5956 ], [ -7.0329, 40.6115 ], [ -7.0281, 40.6209 ], [ -7.0289, 40.6266 ], [ -7.0202, 40.6385 ], [ -7.016, 40.6407 ], [ -7.0177, 40.645 ], [ -7.0164, 40.6491 ], [ -7.0177, 40.6519 ], [ -7.0152, 40.6532 ], [ -7.0039, 40.6727 ], [ -7.0049, 40.6744 ], [ -7.0038, 40.6768 ], [ -7.0067, 40.6837 ], [ -7.0042, 40.6922 ], [ -7.0037, 40.6986 ], [ -7.0053, 40.7016 ], [ -7.0041, 40.7045 ], [ -7.0058, 40.7096 ], [ -7.0082, 40.7101 ], [ -7.008, 40.7113 ], [ -7.0041, 40.7139 ], [ -6.9984, 40.7149 ], [ -6.9917, 40.7205 ], [ -6.9817, 40.7244 ], [ -6.9788, 40.7293 ], [ -6.9729, 40.7291 ], [ -6.9661, 40.7366 ], [ -6.9546, 40.7402 ], [ -6.9539, 40.7421 ], [ -6.9573, 40.7456 ], [ -6.9568, 40.7479 ], [ -6.9591, 40.7485 ], [ -6.9583, 40.7502 ], [ -6.9493, 40.752 ], [ -6.9469, 40.7541 ], [ -6.9424, 40.765 ], [ -6.9372, 40.7671 ], [ -6.9295, 40.7754 ], [ -6.9238, 40.7748 ], [ -6.9166, 40.7671 ], [ -6.9128, 40.7654 ], [ -6.9047, 40.7715 ], [ -6.898, 40.7719 ], [ -6.8945, 40.7702 ], [ -6.8929, 40.771 ], [ -6.8941, 40.7729 ], [ -6.8905, 40.7736 ], [ -6.8884, 40.7759 ], [ -6.8749, 40.7762 ], [ -6.8741, 40.7793 ], [ -6.8581, 40.7797 ], [ -6.8531, 40.783 ], [ -6.8256, 40.7834 ], [ -6.8278, 40.7761 ], [ -6.8259, 40.7678 ], [ -6.8312, 40.7528 ], [ -6.8286, 40.7446 ], [ -6.8305, 40.7428 ], [ -6.8286, 40.7385 ], [ -6.8249, 40.7371 ], [ -6.8245, 40.7295 ], [ -6.8199, 40.7281 ], [ -6.8193, 40.7257 ], [ -6.8174, 40.7255 ], [ -6.8108, 40.7169 ], [ -6.8132, 40.7084 ], [ -6.8113, 40.7019 ], [ -6.807, 40.6979 ], [ -6.8068, 40.6933 ], [ -6.805, 40.6929 ], [ -6.8058, 40.6906 ], [ -6.8017, 40.6779 ], [ -6.8056, 40.6685 ], [ -6.794, 40.6613 ], [ -6.7995, 40.6545 ], [ -6.8062, 40.6327 ], [ -6.8154, 40.6182 ], [ -6.8276, 40.603 ], [ -6.8381, 40.5942 ], [ -6.8368, 40.5846 ], [ -6.8378, 40.5799 ], [ -6.8413, 40.5766 ], [ -6.8454, 40.5659 ], [ -6.83, 40.563 ], [ -6.8232, 40.5582 ], [ -6.8083, 40.5544 ], [ -6.8056, 40.5549 ], [ -6.8046, 40.5504 ], [ -6.8009, 40.5503 ], [ -6.8054, 40.5408 ], [ -6.8052, 40.5359 ], [ -6.8042, 40.5312 ], [ -6.7974, 40.5224 ], [ -6.7953, 40.5114 ], [ -6.8113, 40.5048 ], [ -6.8151, 40.501 ], [ -6.818, 40.4946 ], [ -6.8176, 40.4901 ], [ -6.8227, 40.4832 ], [ -6.8332, 40.4767 ], [ -6.86, 40.4882 ], [ -6.8873, 40.4928 ], [ -6.8886, 40.4958 ], [ -6.8999, 40.494 ], [ -6.9046, 40.4982 ], [ -6.9264, 40.4994 ], [ -6.9236, 40.5054 ], [ -6.9266, 40.5077 ], [ -6.9257, 40.5097 ], [ -6.9317, 40.5106 ], [ -6.9383, 40.5133 ], [ -6.938, 40.5149 ], [ -6.9488, 40.5175 ], [ -6.9517, 40.5166 ], [ -6.9537, 40.5134 ], [ -6.9541, 40.5062 ], [ -6.9609, 40.5052 ], [ -6.9599, 40.508 ], [ -6.9621, 40.5142 ], [ -6.968, 40.5071 ], [ -6.9751, 40.5018 ] ] ] ] } },
{ "type": "Feature", "properties": { "GID_2": "PRT.10.3_1", "GID_0": "PRT", "COUNTRY": "Portugal", "GID_1": "PRT.10_1", "NAME_1": "Guarda", "NL_NAME_1": "NA", "NAME_2": "CeloricodaBeira", "VARNAME_2": "NA", "NL_NAME_2": "NA", "TYPE_2": "Concelho", "ENGTYPE_2": "Municipality", "CC_2": "0903", "HASC_2": "PT.GU.CB" }, "geometry": { "type": "MultiPolygon", "coordinates": [ [ [ [ -7.4279, 40.5488 ], [ -7.4322, 40.5446 ], [ -7.4359, 40.5434 ], [ -7.4411, 40.5373 ], [ -7.4466, 40.5303 ], [ -7.4524, 40.5179 ], [ -7.4622, 40.5152 ], [ -7.4655, 40.5256 ], [ -7.471, 40.5312 ], [ -7.4716, 40.5351 ], [ -7.4768, 40.5389 ], [ -7.4775, 40.5433 ], [ -7.4803, 40.5463 ], [ -7.4791, 40.5525 ], [ -7.4985, 40.5511 ], [ -7.5113, 40.5576 ], [ -7.4967, 40.5717 ], [ -7.5001, 40.5759 ], [ -7.5021, 40.5821 ], [ -7.5028, 40.5973 ], [ -7.4963, 40.6061 ], [ -7.4935, 40.6049 ], [ -7.4927, 40.6025 ], [ -7.4809, 40.5978 ], [ -7.4735, 40.6006 ], [ -7.4724, 40.6041 ], [ -7.4677, 40.6058 ], [ -7.4681, 40.6103 ], [ -7.4785, 40.6213 ], [ -7.4784, 40.6228 ], [ -7.4741, 40.6289 ], [ -7.4611, 40.6311 ], [ -7.4589, 40.6327 ], [ -7.4578, 40.6366 ], [ -7.447, 40.6432 ], [ -7.4427, 40.6491 ], [ -7.432, 40.6578 ], [ -7.4299, 40.6651 ], [ -7.431, 40.6704 ], [ -7.4228, 40.6801 ], [ -7.4221, 40.6844 ], [ -7.4198, 40.6866 ], [ -7.4218, 40.6907 ], [ -7.4177, 40.6894 ], [ -7.4117, 40.6967 ], [ -7.4064, 40.6972 ], [ -7.405, 40.7011 ], [ -7.3973, 40.7051 ], [ -7.3808, 40.7018 ], [ -7.3766, 40.7039 ], [ -7.3659, 40.7021 ], [ -7.3581, 40.705 ], [ -7.3395, 40.7061 ], [ -7.3325, 40.7047 ], [ -7.3282, 40.7058 ], [ -7.3156, 40.7029 ], [ -7.3053, 40.7075 ], [ -7.2981, 40.7076 ], [ -7.2952, 40.7093 ], [ -7.2814, 40.7057 ], [ -7.2842, 40.6983 ], [ -7.282, 40.6954 ], [ -7.266, 40.7015 ], [ -7.2626, 40.7009 ], [ -7.2554, 40.6957 ], [ -7.2566, 40.6918 ], [ -7.2625, 40.6852 ], [ -7.2624, 40.6807 ], [ -7.2659, 40.6765 ], [ -7.2646, 40.6738 ], [ -7.2679, 40.6669 ], [ -7.2647, 40.6615 ], [ -7.2672, 40.6544 ], [ -7.2723, 40.6508 ], [ -7.2704, 40.6435 ], [ -7.2733, 40.6391 ], [ -7.301, 40.6386 ], [ -7.3115, 40.6194 ], [ -7.324, 40.606 ], [ -7.324, 40.6002 ], [ -7.3317, 40.5874 ], [ -7.3297, 40.5844 ], [ -7.3348, 40.5739 ], [ -7.3496, 40.5669 ], [ -7.3553, 40.5606 ], [ -7.3542, 40.56 ], [ -7.3567, 40.5551 ], [ -7.3681, 40.547 ], [ -7.3736, 40.5373 ], [ -7.3844, 40.5398 ], [ -7.3964, 40.5383 ], [ -7.4014, 40.5407 ], [ -7.4157, 40.5418 ], [ -7.4182, 40.5465 ], [ -7.4279, 40.5488 ] ] ] ] } },
{ "type": "Feature", "properties": { "GID_2": "PRT.10.4_1", "GID_0": "PRT", "COUNTRY": "Portugal", "GID_1": "PRT.10_1", "NAME_1": "Guarda", "NL_NAME_1": "NA", "NAME_2": "FigueiradeCasteloRodrigo", "VARNAME_2": "NA", "NL_NAME_2": "NA", "TYPE_2": "Concelho", "ENGTYPE_2": "Municipality", "CC_2": "0904", "HASC_2": "PT.GU.FC" }, "geometry": { "type": "MultiPolygon", "coordinates": [ [ [ [ -7.0152, 40.7979 ], [ -7.0194, 40.8015 ], [ -7.0172, 40.804 ], [ -7.0178, 40.8076 ], [ -7.0248, 40.8088 ], [ -7.0267, 40.811 ], [ -7.0297, 40.8098 ], [ -7.0328, 40.8116 ], [ -7.0303, 40.8185 ], [ -7.047, 40.8177 ], [ -7.0577, 40.8207 ], [ -7.064, 40.8172 ], [ -7.0732, 40.824 ], [ -7.0784, 40.8256 ], [ -7.0866, 40.8248 ], [ -7.0867, 40.8276 ], [ -7.0946, 40.8322 ], [ -7.095, 40.8377 ], [ -7.1065, 40.8417 ], [ -7.1096, 40.8588 ], [ -7.1172, 40.8637 ], [ -7.1222, 40.8646 ], [ -7.1205, 40.8714 ], [ -7.1158, 40.8783 ], [ -7.1099, 40.8838 ], [ -7.1054, 40.8856 ], [ -7.1036, 40.8918 ], [ -7.106, 40.8951 ], [ -7.1031, 40.9062 ], [ -7.1057, 40.9114 ], [ -7.0988, 40.9157 ], [ -7.0961, 40.923 ], [ -7.0989, 40.9268 ], [ -7.0955, 40.9454 ], [ -7.0995, 40.9482 ], [ -7.0999, 40.9628 ], [ -7.1026, 40.973 ], [ -7.0817, 40.9734 ], [ -7.0593, 40.9673 ], [ -7.0459, 40.9675 ], [ -7.0323, 40.9732 ], [ -7.0198, 40.9748 ], [ -7.0024, 40.9803 ], [ -6.9965, 40.9832 ], [ -6.9909, 40.9927 ], [ -6.9832, 41.0119 ], [ -6.9767, 41.017 ], [ -6.9836, 41.0262 ], [ -6.976, 41.0336 ], [ -6.9681, 41.0364 ], [ -6.958, 41.0309 ], [ -6.9313, 41.0294 ], [ -6.9296, 41.0238 ], [ -6.9316, 41.0168 ], [ -6.9246, 41.011 ], [ -6.9216, 41.0025 ], [ -6.9088, 40.9989 ], [ -6.9035, 40.9897 ], [ -6.8904, 40.9811 ], [ -6.8891, 40.9761 ], [ -6.8788, 40.9663 ], [ -6.8755, 40.9609 ], [ -6.8669, 40.9576 ], [ -6.8591, 40.9497 ], [ -6.8524, 40.9364 ], [ -6.8532, 40.9312 ], [ -6.8476, 40.9246 ], [ -6.8488, 40.9228 ], [ -6.8473, 40.9179 ], [ -6.849, 40.9142 ], [ -6.8489, 40.9025 ], [ -6.8427, 40.8975 ], [ -6.8385, 40.8905 ], [ -6.8303, 40.8855 ], [ -6.8225, 40.8849 ], [ -6.82, 40.881 ], [ -6.8103, 40.8829 ], [ -6.8086, 40.8817 ], [ -6.8047, 40.8707 ], [ -6.8052, 40.8652 ], [ -6.8019, 40.8604 ], [ -6.8039, 40.8567 ], [ -6.8013, 40.8526 ], [ -6.8019, 40.8495 ], [ -6.8001, 40.8485 ], [ -6.8019, 40.8456 ], [ -6.8076, 40.8458 ], [ -6.8091, 40.8438 ], [ -6.8117, 40.8438 ], [ -6.8123, 40.842 ], [ -6.8165, 40.8439 ], [ -6.8193, 40.8421 ], [ -6.8248, 40.8451 ], [ -6.8269, 40.8402 ], [ -6.8241, 40.8401 ], [ -6.8212, 40.8369 ], [ -6.821, 40.8335 ], [ -6.8234, 40.8343 ], [ -6.8234, 40.8272 ], [ -6.8251, 40.8259 ], [ -6.8231, 40.8241 ], [ -6.8237, 40.8179 ], [ -6.8173, 40.8075 ], [ -6.8182, 40.8018 ], [ -6.817, 40.7969 ], [ -6.8256, 40.7834 ], [ -6.8531, 40.783 ], [ -6.8581, 40.7797 ], [ -6.8741, 40.7793 ], [ -6.8749, 40.7762 ], [ -6.8884, 40.7759 ], [ -6.8905, 40.7736 ], [ -6.8941, 40.7729 ], [ -6.8929, 40.771 ], [ -6.8945, 40.7702 ], [ -6.898, 40.7719 ], [ -6.9047, 40.7715 ], [ -6.9126, 40.7654 ], [ -6.9166, 40.7671 ], [ -6.9238, 40.7748 ], [ -6.9295, 40.7754 ], [ -6.9372, 40.7671 ], [ -6.9424, 40.765 ], [ -6.9467, 40.7542 ], [ -6.9493, 40.752 ], [ -6.9582, 40.7503 ], [ -6.9591, 40.7485 ], [ -6.9715, 40.7529 ], [ -6.973, 40.7544 ], [ -6.9718, 40.7583 ], [ -6.9741, 40.7629 ], [ -6.9839, 40.7664 ], [ -6.984, 40.7727 ], [ -6.9886, 40.7785 ], [ -6.9875, 40.783 ], [ -6.999, 40.784 ], [ -7.0078, 40.7879 ], [ -7.0127, 40.7869 ], [ -7.0149, 40.7919 ], [ -7.0152, 40.7979 ] ] ] ] } },
{ "type": "Feature", "properties": { "GID_2": "PRT.10.5_1", "GID_0": "PRT", "COUNTRY": "Portugal", "GID_1": "PRT.10_1", "NAME_1": "Guarda", "NL_NAME_1": "NA", "NAME_2": "FornosdeAlgodres", "VARNAME_2": "NA", "NL_NAME_2": "NA", "TYPE_2": "Concelho", "ENGTYPE_2": "Municipality", "CC_2": "0905", "HASC_2": "PT.GU.FA" }, "geometry": { "type": "MultiPolygon", "coordinates": [ [ [ [ -7.519, 40.5591 ], [ -7.5284, 40.5668 ], [ -7.5391, 40.5716 ], [ -7.5374, 40.5764 ], [ -7.5316, 40.5787 ], [ -7.5309, 40.5873 ], [ -7.5254, 40.5949 ], [ -7.5319, 40.5963 ], [ -7.5272, 40.6079 ], [ -7.5335, 40.6068 ], [ -7.5438, 40.601 ], [ -7.5491, 40.6017 ], [ -7.5643, 40.592 ], [ -7.5672, 40.5855 ], [ -7.5803, 40.575 ], [ -7.5882, 40.5773 ], [ -7.5877, 40.5809 ], [ -7.5893, 40.5842 ], [ -7.5848, 40.5913 ], [ -7.5861, 40.5932 ], [ -7.5825, 40.5954 ], [ -7.5731, 40.6195 ], [ -7.569, 40.6232 ], [ -7.5617, 40.6359 ], [ -7.564, 40.6398 ], [ -7.5631, 40.6418 ], [ -7.5658, 40.6453 ], [ -7.5615, 40.6494 ], [ -7.5421, 40.6594 ], [ -7.5528, 40.6677 ], [ -7.5509, 40.6713 ], [ -7.5514, 40.6771 ], [ -7.5455, 40.6819 ], [ -7.5451, 40.6854 ], [ -7.5392, 40.6841 ], [ -7.5351, 40.6903 ], [ -7.5211, 40.6995 ], [ -7.5056, 40.701 ], [ -7.4931, 40.6979 ], [ -7.4809, 40.7029 ], [ -7.4713, 40.7113 ], [ -7.4766, 40.7215 ], [ -7.4787, 40.7299 ], [ -7.4699, 40.7351 ], [ -7.4687, 40.741 ], [ -7.4657, 40.7445 ], [ -7.4481, 40.7451 ], [ -7.4354, 40.7501 ], [ -7.4245, 40.7581 ], [ -7.4212, 40.7572 ], [ -7.4253, 40.7463 ], [ -7.4296, 40.7428 ], [ -7.4318, 40.7379 ], [ -7.4378, 40.7321 ], [ -7.461, 40.7171 ], [ -7.4426, 40.7039 ], [ -7.4425, 40.6994 ], [ -7.4366, 40.6935 ], [ -7.4314, 40.6927 ], [ -7.4246, 40.694 ], [ -7.4251, 40.6919 ], [ -7.4201, 40.6884 ], [ -7.4228, 40.6801 ], [ -7.4311, 40.6701 ], [ -7.4299, 40.6651 ], [ -7.4318, 40.6581 ], [ -7.4427, 40.6491 ], [ -7.447, 40.6432 ], [ -7.4578, 40.6366 ], [ -7.4589, 40.6327 ], [ -7.4611, 40.6311 ], [ -7.4749, 40.6281 ], [ -7.4785, 40.6213 ], [ -7.4678, 40.6094 ], [ -7.4677, 40.6058 ], [ -7.4724, 40.6041 ], [ -7.4735, 40.6006 ], [ -7.4809, 40.5978 ], [ -7.4927, 40.6025 ], [ -7.4935, 40.6049 ], [ -7.4963, 40.6061 ], [ -7.5028, 40.5973 ], [ -7.5033, 40.5926 ], [ -7.5006, 40.5768 ], [ -7.4967, 40.5717 ], [ -7.5113, 40.5576 ], [ -7.519, 40.5591 ] ] ] ] } },
{ "type": "Feature", "properties": { "GID_2": "PRT.10.6_1", "GID_0": "PRT", "COUNTRY": "Portugal", "GID_1": "PRT.10_1", "NAME_1": "Guarda", "NL_NAME_1": "NA", "NAME_2": "Gouveia", "VARNAME_2": "NA", "NL_NAME_2": "NA", "TYPE_2": "Concelho", "ENGTYPE_2": "Municipality", "CC_2": "0906", "HASC_2": "PT.GU.GO" }, "geometry": { "type": "MultiPolygon", "coordinates": [ [ [ [ -7.5715, 40.4227 ], [ -7.5673, 40.4204 ], [ -7.5656, 40.4146 ], [ -7.5686, 40.4121 ], [ -7.5701, 40.4059 ], [ -7.5735, 40.4024 ], [ -7.5735, 40.3993 ], [ -7.5791, 40.3955 ], [ -7.5822, 40.3886 ], [ -7.5888, 40.3876 ], [ -7.5876, 40.3945 ], [ -7.5902, 40.3989 ], [ -7.5894, 40.4009 ], [ -7.5917, 40.4091 ], [ -7.5963, 40.4124 ], [ -7.5995, 40.4212 ], [ -7.6027, 40.4238 ], [ -7.6137, 40.4215 ], [ -7.6206, 40.4224 ], [ -7.6285, 40.4197 ], [ -7.6341, 40.4328 ], [ -7.6336, 40.4367 ], [ -7.6374, 40.4398 ], [ -7.6365, 40.4417 ], [ -7.6381, 40.4441 ], [ -7.6378, 40.4499 ], [ -7.6443, 40.4552 ], [ -7.6641, 40.4582 ], [ -7.6699, 40.4691 ], [ -7.6675, 40.4718 ], [ -7.6762, 40.4782 ], [ -7.6815, 40.4814 ], [ -7.6837, 40.4805 ], [ -7.6848, 40.4821 ], [ -7.6868, 40.4817 ], [ -7.6973, 40.4869 ], [ -7.7016, 40.4871 ], [ -7.7044, 40.49 ], [ -7.7067, 40.489 ], [ -7.7093, 40.49 ], [ -7.7134, 40.4876 ], [ -7.7177, 40.4898 ], [ -7.7262, 40.4869 ], [ -7.7335, 40.4901 ], [ -7.7411, 40.4896 ], [ -7.7421, 40.4917 ], [ -7.733, 40.4988 ], [ -7.73, 40.5055 ], [ -7.7269, 40.5084 ], [ -7.7225, 40.5208 ], [ -7.723, 40.525 ], [ -7.7203, 40.5298 ], [ -7.7197, 40.5342 ], [ -7.7211, 40.5355 ], [ -7.7138, 40.5433 ], [ -7.6986, 40.5481 ], [ -7.69, 40.5459 ], [ -7.6836, 40.5517 ], [ -7.6772, 40.5531 ], [ -7.6697, 40.5518 ], [ -7.6674, 40.5536 ], [ -7.6657, 40.5596 ], [ -7.6549, 40.5592 ], [ -7.6494, 40.5631 ], [ -7.6403, 40.5638 ], [ -7.6355, 40.568 ], [ -7.6227, 40.5662 ], [ -7.6186, 40.5642 ], [ -7.6131, 40.5679 ], [ -7.6071, 40.5649 ], [ -7.6021, 40.568 ], [ -7.5951, 40.5681 ], [ -7.5933, 40.5706 ], [ -7.5866, 40.5724 ], [ -7.5835, 40.5717 ], [ -7.5672, 40.5855 ], [ -7.5628, 40.5932 ], [ -7.549, 40.6018 ], [ -7.5438, 40.601 ], [ -7.5335, 40.6068 ], [ -7.5273, 40.6079 ], [ -7.5319, 40.5963 ], [ -7.5254, 40.5949 ], [ -7.5309, 40.5873 ], [ -7.5316, 40.5787 ], [ -7.5374, 40.5764 ], [ -7.5391, 40.5716 ], [ -7.5284, 40.5668 ], [ -7.519, 40.5591 ], [ -7.5113, 40.5576 ], [ -7.4985, 40.5511 ], [ -7.4787, 40.5521 ], [ -7.4803, 40.5463 ], [ -7.4775, 40.5433 ], [ -7.4768, 40.5389 ], [ -7.4716, 40.5351 ], [ -7.471, 40.5312 ], [ -7.4655, 40.5256 ], [ -7.4622, 40.5152 ], [ -7.4597, 40.5133 ], [ -7.4673, 40.5081 ], [ -7.465, 40.5068 ], [ -7.4625, 40.5079 ], [ -7.4577, 40.5046 ], [ -7.4558, 40.4956 ], [ -7.4529, 40.4899 ], [ -7.4534, 40.4837 ], [ -7.4493, 40.4713 ], [ -7.4422, 40.4617 ], [ -7.4343, 40.4618 ], [ -7.4371, 40.4529 ], [ -7.4468, 40.4462 ], [ -7.4533, 40.4454 ], [ -7.4558, 40.4478 ], [ -7.4725, 40.443 ], [ -7.4831, 40.445 ], [ -7.4947, 40.4537 ], [ -7.4999, 40.4541 ], [ -7.5031, 40.4507 ], [ -7.5082, 40.4505 ], [ -7.5107, 40.4484 ], [ -7.5112, 40.4435 ], [ -7.5174, 40.443 ], [ -7.5163, 40.4414 ], [ -7.529, 40.4447 ], [ -7.5344, 40.443 ], [ -7.5331, 40.4374 ], [ -7.5315, 40.437 ], [ -7.5347, 40.435 ], [ -7.5339, 40.4327 ], [ -7.5365, 40.4323 ], [ -7.5386, 40.434 ], [ -7.5408, 40.4302 ], [ -7.5439, 40.4291 ], [ -7.5469, 40.4309 ], [ -7.5508, 40.4307 ], [ -7.5521, 40.4302 ], [ -7.5518, 40.4281 ], [ -7.5577, 40.4284 ], [ -7.5608, 40.4261 ], [ -7.5669, 40.426 ], [ -7.5707, 40.4247 ], [ -7.5715, 40.4227 ] ] ] ] } },
{ "type": "Feature", "properties": { "GID_2": "PRT.10.7_1", "GID_0": "PRT", "COUNTRY": "Portugal", "GID_1": "PRT.10_1", "NAME_1": "Guarda", "NL_NAME_1": "NA", "NAME_2": "Guarda", "VARNAME_2": "NA", "NL_NAME_2": "NA", "TYPE_2": "Concelho", "ENGTYPE_2": "Municipality", "CC_2": "0907", "HASC_2": "PT.GU.GU" }, "geometry": { "type": "MultiPolygon", "coordinates": [ [ [ [ -7.3223, 40.4135 ], [ -7.3234, 40.4109 ], [ -7.3276, 40.4108 ], [ -7.3425, 40.4 ], [ -7.3412, 40.3969 ], [ -7.3448, 40.3895 ], [ -7.3455, 40.3859 ], [ -7.3438, 40.3821 ], [ -7.3449, 40.3818 ], [ -7.3512, 40.3901 ], [ -7.3592, 40.3923 ], [ -7.3657, 40.3926 ], [ -7.3655, 40.3914 ], [ -7.3781, 40.3856 ], [ -7.3813, 40.3823 ], [ -7.4003, 40.3806 ], [ -7.4062, 40.381 ], [ -7.4178, 40.3868 ], [ -7.4194, 40.3908 ], [ -7.4294, 40.3915 ], [ -7.4315, 40.397 ], [ -7.4251, 40.4013 ], [ -7.423, 40.4073 ], [ -7.4242, 40.4097 ], [ -7.4235, 40.4152 ], [ -7.4289, 40.4145 ], [ -7.4267, 40.4174 ], [ -7.4268, 40.4245 ], [ -7.4206, 40.4301 ], [ -7.4188, 40.4347 ], [ -7.4325, 40.4488 ], [ -7.4317, 40.4547 ], [ -7.4343, 40.4618 ], [ -7.4422, 40.4617 ], [ -7.4465, 40.4658 ], [ -7.4534, 40.4837 ], [ -7.4529, 40.4899 ], [ -7.4558, 40.4956 ], [ -7.4577, 40.5047 ], [ -7.4625, 40.5079 ], [ -7.465, 40.5068 ], [ -7.4673, 40.5081 ], [ -7.4599, 40.5128 ], [ -7.4622, 40.5152 ], [ -7.4524, 40.5179 ], [ -7.4466, 40.5303 ], [ -7.4411, 40.5373 ], [ -7.4359, 40.5434 ], [ -7.4322, 40.5446 ], [ -7.4278, 40.549 ], [ -7.4182, 40.5465 ], [ -7.4157, 40.5418 ], [ -7.4014, 40.5407 ], [ -7.3964, 40.5383 ], [ -7.3844, 40.5398 ], [ -7.3736, 40.5373 ], [ -7.3681, 40.547 ], [ -7.3567, 40.5551 ], [ -7.3542, 40.56 ], [ -7.3553, 40.5606 ], [ -7.3496, 40.5669 ], [ -7.3348, 40.5739 ], [ -7.3297, 40.5844 ], [ -7.3317, 40.5874 ], [ -7.324, 40.6002 ], [ -7.324, 40.606 ], [ -7.3115, 40.6194 ], [ -7.301, 40.6386 ], [ -7.2733, 40.6391 ], [ -7.2704, 40.6435 ], [ -7.2723, 40.6508 ], [ -7.2672, 40.6544 ], [ -7.2647, 40.6615 ], [ -7.268, 40.6679 ], [ -7.2658, 40.6693 ], [ -7.2646, 40.6739 ], [ -7.2659, 40.6765 ], [ -7.2624, 40.6807 ], [ -7.2624, 40.6853 ], [ -7.2495, 40.6826 ], [ -7.2429, 40.6838 ], [ -7.2367, 40.6784 ], [ -7.2259, 40.676 ], [ -7.2211, 40.6775 ], [ -7.2156, 40.6825 ], [ -7.2094, 40.6937 ], [ -7.2033, 40.6945 ], [ -7.2049, 40.6998 ], [ -7.2012, 40.7006 ], [ -7.1986, 40.6882 ], [ -7.2015, 40.6666 ], [ -7.1932, 40.6656 ], [ -7.1849, 40.6606 ], [ -7.1888, 40.6451 ], [ -7.1832, 40.6424 ], [ -7.1851, 40.6398 ], [ -7.1826, 40.6388 ], [ -7.1825, 40.6347 ], [ -7.1809, 40.6334 ], [ -7.1839, 40.6285 ], [ -7.189, 40.6253 ], [ -7.1856, 40.6123 ], [ -7.1903, 40.6075 ], [ -7.1879, 40.6035 ], [ -7.1824, 40.6003 ], [ -7.1778, 40.6041 ], [ -7.1691, 40.6022 ], [ -7.1634, 40.6035 ], [ -7.1603, 40.6153 ], [ -7.1615, 40.6243 ], [ -7.1568, 40.6336 ], [ -7.1415, 40.6293 ], [ -7.1361, 40.6345 ], [ -7.1239, 40.6394 ], [ -7.12, 40.644 ], [ -7.1121, 40.6425 ], [ -7.1072, 40.6383 ], [ -7.0977, 40.6354 ], [ -7.1073, 40.6228 ], [ -7.1101, 40.6097 ], [ -7.105, 40.6006 ], [ -7.095, 40.5997 ], [ -7.0867, 40.5953 ], [ -7.0825, 40.5911 ], [ -7.0737, 40.5884 ], [ -7.0611, 40.5923 ], [ -7.0541, 40.5977 ], [ -7.0514, 40.5977 ], [ -7.0521, 40.593 ], [ -7.037, 40.5876 ], [ -7.0377, 40.5851 ], [ -7.036, 40.5802 ], [ -7.0333, 40.5778 ], [ -7.0327, 40.574 ], [ -7.0406, 40.5607 ], [ -7.0518, 40.5522 ], [ -7.0581, 40.5529 ], [ -7.066, 40.551 ], [ -7.0718, 40.5444 ], [ -7.0726, 40.5408 ], [ -7.0771, 40.5401 ], [ -7.0701, 40.5332 ], [ -7.0683, 40.5285 ], [ -7.0623, 40.5217 ], [ -7.0626, 40.5157 ], [ -7.0656, 40.5087 ], [ -7.0652, 40.4959 ], [ -7.0629, 40.4889 ], [ -7.0546, 40.485 ], [ -7.055, 40.4803 ], [ -7.0531, 40.4763 ], [ -7.0543, 40.47 ], [ -7.0529, 40.4657 ], [ -7.055, 40.4624 ], [ -7.0629, 40.4631 ], [ -7.0659, 40.4612 ], [ -7.069, 40.4617 ], [ -7.0748, 40.4558 ], [ -7.0811, 40.4536 ], [ -7.0863, 40.4492 ], [ -7.085, 40.4425 ], [ -7.0926, 40.4406 ], [ -7.0948, 40.4442 ], [ -7.1021, 40.4429 ], [ -7.1074, 40.4285 ], [ -7.1136, 40.4287 ], [ -7.1183, 40.4245 ], [ -7.1219, 40.4245 ], [ -7.1237, 40.4219 ], [ -7.1416, 40.4128 ], [ -7.1469, 40.4154 ], [ -7.1576, 40.4147 ], [ -7.1628, 40.4208 ], [ -7.1684, 40.4199 ], [ -7.1713, 40.4214 ], [ -7.1649, 40.424 ], [ -7.1632, 40.4275 ], [ -7.1784, 40.4357 ], [ -7.1891, 40.4365 ], [ -7.2, 40.4338 ], [ -7.2064, 40.4355 ], [ -7.2137, 40.4238 ], [ -7.2142, 40.4155 ], [ -7.2205, 40.4145 ], [ -7.2277, 40.4107 ], [ -7.2312, 40.4146 ], [ -7.2473, 40.4211 ], [ -7.2633, 40.4207 ], [ -7.2652, 40.4095 ], [ -7.2704, 40.4081 ], [ -7.2769, 40.4109 ], [ -7.2859, 40.4118 ], [ -7.2929, 40.4161 ], [ -7.2997, 40.41 ], [ -7.2998, 40.4073 ], [ -7.3068, 40.4035 ], [ -7.3118, 40.4046 ], [ -7.3171, 40.4104 ], [ -7.3223, 40.4135 ] ] ] ] } },
{ "type": "Feature", "properties": { "GID_2": "PRT.10.9_1", "GID_0": "PRT", "COUNTRY": "Portugal", "GID_1": "PRT.10_1", "NAME_1": "Guarda", "NL_NAME_1": "NA", "NAME_2": "Mêda", "VARNAME_2": "NA", "NL_NAME_2": "NA", "TYPE_2": "Concelho", "ENGTYPE_2": "Municipality", "CC_2": "0909", "HASC_2": "PT.GU.ME" }, "geometry": { "type": "MultiPolygon", "coordinates": [ [ [ [ -7.1759, 40.8699 ], [ -7.1754, 40.866 ], [ -7.1799, 40.8618 ], [ -7.1753, 40.8569 ], [ -7.1754, 40.8544 ], [ -7.1813, 40.854 ], [ -7.1825, 40.8508 ], [ -7.1888, 40.8473 ], [ -7.1914, 40.8402 ], [ -7.1949, 40.8397 ], [ -7.1955, 40.8385 ], [ -7.1923, 40.836 ], [ -7.1903, 40.8315 ], [ -7.192, 40.83 ], [ -7.1955, 40.8314 ], [ -7.1959, 40.8239 ], [ -7.1992, 40.8231 ], [ -7.2148, 40.8281 ], [ -7.2145, 40.8297 ], [ -7.2178, 40.8316 ], [ -7.2264, 40.8305 ], [ -7.2274, 40.8333 ], [ -7.2306, 40.8337 ], [ -7.2302, 40.835 ], [ -7.2359, 40.8393 ], [ -7.2557, 40.8493 ], [ -7.2616, 40.8501 ], [ -7.2746, 40.8601 ], [ -7.2957, 40.8682 ], [ -7.3036, 40.8739 ], [ -7.3069, 40.8786 ], [ -7.312, 40.8786 ], [ -7.3229, 40.868 ], [ -7.3357, 40.8661 ], [ -7.3411, 40.8686 ], [ -7.3432, 40.8715 ], [ -7.3428, 40.8766 ], [ -7.3395, 40.8788 ], [ -7.338, 40.8865 ], [ -7.3364, 40.8879 ], [ -7.3372, 40.8936 ], [ -7.3353, 40.8958 ], [ -7.337, 40.898 ], [ -7.3396, 40.8983 ], [ -7.3355, 40.901 ], [ -7.3364, 40.9041 ], [ -7.3415, 40.9025 ], [ -7.3417, 40.9061 ], [ -7.3685, 40.906 ], [ -7.3755, 40.9046 ], [ -7.3757, 40.9056 ], [ -7.3742, 40.9125 ], [ -7.3589, 40.9276 ], [ -7.3423, 40.9334 ], [ -7.3362, 40.9341 ], [ -7.3312, 40.9404 ], [ -7.3348, 40.9434 ], [ -7.331, 40.9539 ], [ -7.331, 40.9585 ], [ -7.3253, 40.972 ], [ -7.338, 40.9804 ], [ -7.3554, 40.9827 ], [ -7.3627, 40.9864 ], [ -7.3646, 40.9898 ], [ -7.3708, 40.9919 ], [ -7.3788, 40.9912 ], [ -7.3754, 40.9995 ], [ -7.38, 41.0058 ], [ -7.379, 41.0134 ], [ -7.3628, 41.0142 ], [ -7.3558, 41.0114 ], [ -7.348, 41.0111 ], [ -7.3401, 41.0125 ], [ -7.3374, 41.0144 ], [ -7.3335, 41.0235 ], [ -7.321, 41.0169 ], [ -7.3081, 41.0151 ], [ -7.2954, 41.0153 ], [ -7.2919, 41.0177 ], [ -7.2841, 41.0159 ], [ -7.2771, 41.019 ], [ -7.269, 41.017 ], [ -7.2652, 41.0188 ], [ -7.2634, 41.0177 ], [ -7.2595, 41.0184 ], [ -7.2461, 41.0064 ], [ -7.2387, 41.0135 ], [ -7.2335, 41.0161 ], [ -7.2336, 41.0254 ], [ -7.2235, 41.0343 ], [ -7.2109, 41.0375 ], [ -7.1968, 41.0363 ], [ -7.1823, 41.0302 ], [ -7.1781, 41.0302 ], [ -7.1734, 41.0228 ], [ -7.1718, 41.0169 ], [ -7.1677, 41.0127 ], [ -7.1676, 41.0068 ], [ -7.175, 41.0065 ], [ -7.1751, 41.0084 ], [ -7.1775, 41.0074 ], [ -7.1799, 41.0093 ], [ -7.1845, 41.0049 ], [ -7.1853, 40.9941 ], [ -7.1824, 40.9918 ], [ -7.1825, 40.9847 ], [ -7.1736, 40.9785 ], [ -7.1749, 40.976 ], [ -7.1688, 40.974 ], [ -7.1668, 40.9712 ], [ -7.1691, 40.9655 ], [ -7.1694, 40.9591 ], [ -7.175, 40.9548 ], [ -7.1777, 40.9398 ], [ -7.1855, 40.9358 ], [ -7.1712, 40.9314 ], [ -7.1597, 40.9323 ], [ -7.1453, 40.928 ], [ -7.1418, 40.923 ], [ -7.1357, 40.9231 ], [ -7.1354, 40.9187 ], [ -7.1335, 40.9162 ], [ -7.1379, 40.9082 ], [ -7.1434, 40.9087 ], [ -7.1459, 40.9046 ], [ -7.1507, 40.9034 ], [ -7.1644, 40.8897 ], [ -7.17, 40.8808 ], [ -7.1711, 40.876 ], [ -7.1759, 40.8699 ] ] ] ] } },
{ "type": "Feature", "properties": { "GID_2": "PRT.10.10_1", "GID_0": "PRT", "COUNTRY": "Portugal", "GID_1": "PRT.10_1", "NAME_1": "Guarda", "NL_NAME_1": "NA", "NAME_2": "Pinhel", "VARNAME_2": "NA", "NL_NAME_2": "NA", "TYPE_2": "Concelho", "ENGTYPE_2": "Municipality", "CC_2": "0910", "HASC_2": "PT.GU.PI" }, "geometry": { "type": "MultiPolygon", "coordinates": [ [ [ [ -7.1692, 40.6022 ], [ -7.1778, 40.6041 ], [ -7.1824, 40.6003 ], [ -7.1879, 40.6035 ], [ -7.1903, 40.6075 ], [ -7.1856, 40.6123 ], [ -7.189, 40.6253 ], [ -7.1839, 40.6285 ], [ -7.1809, 40.6334 ], [ -7.1825, 40.6347 ], [ -7.1826, 40.6388 ], [ -7.1851, 40.6398 ], [ -7.1832, 40.6424 ], [ -7.1888, 40.6451 ], [ -7.1854, 40.6551 ], [ -7.1854, 40.6615 ], [ -7.194, 40.6659 ], [ -7.2015, 40.6666 ], [ -7.1986, 40.6882 ], [ -7.2015, 40.7009 ], [ -7.2049, 40.6998 ], [ -7.2033, 40.6945 ], [ -7.2094, 40.6937 ], [ -7.2156, 40.6825 ], [ -7.2211, 40.6775 ], [ -7.2259, 40.676 ], [ -7.2367, 40.6784 ], [ -7.2429, 40.6838 ], [ -7.2495, 40.6826 ], [ -7.2624, 40.6853 ], [ -7.2554, 40.6945 ], [ -7.2561, 40.704 ], [ -7.2484, 40.7203 ], [ -7.2435, 40.7203 ], [ -7.2391, 40.7237 ], [ -7.2418, 40.7346 ], [ -7.2441, 40.7368 ], [ -7.2366, 40.7425 ], [ -7.2339, 40.74 ], [ -7.22, 40.7405 ], [ -7.2128, 40.7383 ], [ -7.214, 40.733 ], [ -7.2107, 40.7303 ], [ -7.2046, 40.7288 ], [ -7.1997, 40.7305 ], [ -7.1993, 40.7331 ], [ -7.1934, 40.7401 ], [ -7.1934, 40.7425 ], [ -7.1882, 40.7494 ], [ -7.1861, 40.7549 ], [ -7.1898, 40.7642 ], [ -7.1994, 40.7686 ], [ -7.2165, 40.7725 ], [ -7.2196, 40.7752 ], [ -7.2178, 40.7785 ], [ -7.2192, 40.7944 ], [ -7.2162, 40.7966 ], [ -7.2153, 40.801 ], [ -7.2097, 40.7993 ], [ -7.2105, 40.8022 ], [ -7.2092, 40.8052 ], [ -7.2066, 40.8056 ], [ -7.205, 40.8022 ], [ -7.2026, 40.804 ], [ -7.1997, 40.8104 ], [ -7.2029, 40.8114 ], [ -7.1975, 40.8147 ], [ -7.199, 40.8172 ], [ -7.1983, 40.8206 ], [ -7.2027, 40.8218 ], [ -7.1959, 40.8239 ], [ -7.1955, 40.8314 ], [ -7.192, 40.83 ], [ -7.1903, 40.8315 ], [ -7.1954, 40.8389 ], [ -7.1914, 40.8402 ], [ -7.1888, 40.8473 ], [ -7.1825, 40.8508 ], [ -7.1819, 40.8535 ], [ -7.1754, 40.8544 ], [ -7.1753, 40.8569 ], [ -7.1799, 40.8618 ], [ -7.1754, 40.866 ], [ -7.1767, 40.8695 ], [ -7.1711, 40.876 ], [ -7.17, 40.8808 ], [ -7.1645, 40.8896 ], [ -7.1507, 40.9034 ], [ -7.1459, 40.9046 ], [ -7.1431, 40.9089 ], [ -7.1382, 40.908 ], [ -7.1351, 40.9128 ], [ -7.1335, 40.9162 ], [ -7.1359, 40.9226 ], [ -7.1328, 40.9302 ], [ -7.1315, 40.9437 ], [ -7.1276, 40.9447 ], [ -7.1246, 40.9517 ], [ -7.1203, 40.9521 ], [ -7.118, 40.9558 ], [ -7.1129, 40.9591 ], [ -7.1116, 40.9626 ], [ -7.1062, 40.9634 ], [ -7.1017, 40.9712 ], [ -7.0997, 40.9615 ], [ -7.1007, 40.958 ], [ -7.0995, 40.9482 ], [ -7.0955, 40.9454 ], [ -7.0989, 40.9268 ], [ -7.0961, 40.923 ], [ -7.0988, 40.9157 ], [ -7.1057, 40.9114 ], [ -7.1031, 40.9062 ], [ -7.106, 40.8951 ], [ -7.1036, 40.8918 ], [ -7.1054, 40.8856 ], [ -7.1099, 40.8838 ], [ -7.1158, 40.8783 ], [ -7.1205, 40.8714 ], [ -7.1222, 40.8646 ], [ -7.1172, 40.8637 ], [ -7.1096, 40.8588 ], [ -7.1065, 40.8417 ], [ -7.095, 40.8377 ], [ -7.0946, 40.8322 ], [ -7.0867, 40.8276 ], [ -7.0866, 40.8248 ], [ -7.0784, 40.8256 ], [ -7.0732, 40.824 ], [ -7.064, 40.8172 ], [ -7.0577, 40.8207 ], [ -7.047, 40.8177 ], [ -7.0298, 40.8182 ], [ -7.0329, 40.8118 ], [ -7.0308, 40.81 ], [ -7.0269, 40.8111 ], [ -7.0248, 40.8088 ], [ -7.0176, 40.8073 ], [ -7.0172, 40.804 ], [ -7.0194, 40.8015 ], [ -7.0154, 40.7988 ], [ -7.0129, 40.787 ], [ -7.0076, 40.7879 ], [ -6.999, 40.784 ], [ -6.9875, 40.783 ], [ -6.9886, 40.7785 ], [ -6.984, 40.7727 ], [ -6.9839, 40.7664 ], [ -6.9741, 40.7629 ], [ -6.9718, 40.7583 ], [ -6.9727, 40.7539 ], [ -6.9568, 40.7479 ], [ -6.9573, 40.7456 ], [ -6.9539, 40.7412 ], [ -6.9661, 40.7366 ], [ -6.9729, 40.7291 ], [ -6.9788, 40.7293 ], [ -6.9817, 40.7244 ], [ -6.9917, 40.7205 ], [ -6.9984, 40.7149 ], [ -7.0041, 40.7139 ], [ -7.008, 40.7113 ], [ -7.0082, 40.7101 ], [ -7.0058, 40.7096 ], [ -7.0041, 40.7045 ], [ -7.0053, 40.7016 ], [ -7.0037, 40.6986 ], [ -7.0042, 40.6922 ], [ -7.0067, 40.6837 ], [ -7.0038, 40.6768 ], [ -7.0049, 40.6744 ], [ -7.0039, 40.6727 ], [ -7.0152, 40.6532 ], [ -7.0177, 40.6519 ], [ -7.0164, 40.6491 ], [ -7.0177, 40.645 ], [ -7.016, 40.6407 ], [ -7.0202, 40.6385 ], [ -7.0281, 40.6288 ], [ -7.0281, 40.6209 ], [ -7.0329, 40.6115 ], [ -7.0319, 40.5956 ], [ -7.0359, 40.5942 ], [ -7.037, 40.5876 ], [ -7.0521, 40.593 ], [ -7.0514, 40.5977 ], [ -7.0541, 40.5977 ], [ -7.0611, 40.5923 ], [ -7.0737, 40.5884 ], [ -7.0825, 40.5911 ], [ -7.0867, 40.5953 ], [ -7.095, 40.5997 ], [ -7.105, 40.6006 ], [ -7.1101, 40.6097 ], [ -7.1073, 40.6228 ], [ -7.0977, 40.6354 ], [ -7.1072, 40.6383 ], [ -7.1121, 40.6425 ], [ -7.12, 40.644 ], [ -7.1239, 40.6394 ], [ -7.1361, 40.6345 ], [ -7.1415, 40.6293 ], [ -7.1568, 40.6336 ], [ -7.1615, 40.6243 ], [ -7.1603, 40.6153 ], [ -7.1619, 40.6125 ], [ -7.162, 40.6057 ], [ -7.1634, 40.6035 ], [ -7.1692, 40.6022 ] ] ] ] } },
{ "type": "Feature", "properties": { "GID_2": "PRT.10.13_1", "GID_0": "PRT", "COUNTRY": "Portugal", "GID_1": "PRT.10_1", "NAME_1": "Guarda", "NL_NAME_1": "NA", "NAME_2": "Trancoso", "VARNAME_2": "NA", "NL_NAME_2": "NA", "TYPE_2": "Concelho", "ENGTYPE_2": "Municipality", "CC_2": "0913", "HASC_2": "PT.GU.TR" }, "geometry": { "type": "MultiPolygon", "coordinates": [ [ [ [ -7.2397, 40.7232 ], [ -7.2435, 40.7203 ], [ -7.2484, 40.7203 ], [ -7.2557, 40.7053 ], [ -7.2559, 40.6962 ], [ -7.2626, 40.7009 ], [ -7.266, 40.7015 ], [ -7.282, 40.6954 ], [ -7.2842, 40.6983 ], [ -7.2814, 40.7057 ], [ -7.2952, 40.7093 ], [ -7.2981, 40.7076 ], [ -7.3053, 40.7075 ], [ -7.3156, 40.7029 ], [ -7.3282, 40.7058 ], [ -7.3325, 40.7047 ], [ -7.3395, 40.7061 ], [ -7.3581, 40.705 ], [ -7.3659, 40.7021 ], [ -7.3766, 40.7039 ], [ -7.3808, 40.7018 ], [ -7.3973, 40.7051 ], [ -7.405, 40.7011 ], [ -7.4064, 40.6972 ], [ -7.4117, 40.6967 ], [ -7.4177, 40.6894 ], [ -7.4247, 40.6914 ], [ -7.4246, 40.694 ], [ -7.4314, 40.6927 ], [ -7.4366, 40.6935 ], [ -7.4425, 40.6994 ], [ -7.4426, 40.7039 ], [ -7.461, 40.7171 ], [ -7.4378, 40.7321 ], [ -7.4303, 40.7398 ], [ -7.4296, 40.7428 ], [ -7.4253, 40.7463 ], [ -7.4215, 40.7559 ], [ -7.4212, 40.7572 ], [ -7.4245, 40.7582 ], [ -7.4224, 40.7618 ], [ -7.422, 40.7675 ], [ -7.4247, 40.7721 ], [ -7.4367, 40.7794 ], [ -7.4483, 40.7849 ], [ -7.453, 40.7847 ], [ -7.4598, 40.7894 ], [ -7.4671, 40.7988 ], [ -7.4671, 40.8032 ], [ -7.4541, 40.8079 ], [ -7.4547, 40.8117 ], [ -7.4532, 40.8138 ], [ -7.4456, 40.8161 ], [ -7.4422, 40.8206 ], [ -7.436, 40.8243 ], [ -7.4335, 40.8301 ], [ -7.4282, 40.8356 ], [ -7.429, 40.8416 ], [ -7.4259, 40.842 ], [ -7.424, 40.8458 ], [ -7.4156, 40.8538 ], [ -7.4067, 40.8688 ], [ -7.4078, 40.8706 ], [ -7.4032, 40.8785 ], [ -7.3893, 40.8788 ], [ -7.3816, 40.8711 ], [ -7.3811, 40.8682 ], [ -7.38, 40.8687 ], [ -7.3774, 40.8746 ], [ -7.3844, 40.8805 ], [ -7.3763, 40.887 ], [ -7.3742, 40.8943 ], [ -7.3761, 40.8976 ], [ -7.3743, 40.9008 ], [ -7.3755, 40.9046 ], [ -7.3685, 40.906 ], [ -7.3415, 40.906 ], [ -7.3415, 40.9025 ], [ -7.3384, 40.9041 ], [ -7.336, 40.9033 ], [ -7.3355, 40.9009 ], [ -7.3396, 40.8983 ], [ -7.3369, 40.8979 ], [ -7.3351, 40.8951 ], [ -7.3372, 40.8937 ], [ -7.3364, 40.8879 ], [ -7.338, 40.8865 ], [ -7.3395, 40.8789 ], [ -7.3427, 40.8767 ], [ -7.3432, 40.8715 ], [ -7.3411, 40.8686 ], [ -7.3357, 40.8661 ], [ -7.3229, 40.868 ], [ -7.312, 40.8786 ], [ -7.3069, 40.8786 ], [ -7.3036, 40.8739 ], [ -7.2957, 40.8682 ], [ -7.2746, 40.8601 ], [ -7.2616, 40.8501 ], [ -7.2557, 40.8493 ], [ -7.2359, 40.8393 ], [ -7.2302, 40.835 ], [ -7.2306, 40.8337 ], [ -7.2274, 40.8333 ], [ -7.2264, 40.8305 ], [ -7.2178, 40.8316 ], [ -7.2145, 40.8297 ], [ -7.2148, 40.8281 ], [ -7.2073, 40.8248 ], [ -7.1996, 40.8238 ], [ -7.2028, 40.8216 ], [ -7.1983, 40.8206 ], [ -7.199, 40.8172 ], [ -7.1975, 40.8147 ], [ -7.2029, 40.8114 ], [ -7.1997, 40.8104 ], [ -7.2028, 40.8036 ], [ -7.205, 40.8022 ], [ -7.2066, 40.8056 ], [ -7.2092, 40.8052 ], [ -7.2105, 40.8022 ], [ -7.2097, 40.7993 ], [ -7.2153, 40.801 ], [ -7.2162, 40.7966 ], [ -7.2192, 40.7944 ], [ -7.2178, 40.7785 ], [ -7.2196, 40.7752 ], [ -7.2165, 40.7725 ], [ -7.1994, 40.7686 ], [ -7.1898, 40.7642 ], [ -7.1863, 40.7538 ], [ -7.1997, 40.7305 ], [ -7.2046, 40.7288 ], [ -7.2107, 40.7303 ], [ -7.214, 40.733 ], [ -7.2128, 40.7383 ], [ -7.22, 40.7405 ], [ -7.2339, 40.74 ], [ -7.2366, 40.7425 ], [ -7.2448, 40.7362 ], [ -7.2418, 40.7346 ], [ -7.2397, 40.7232 ] ] ], [ [ [ -7.3869, 40.9076 ], [ -7.3812, 40.9073 ], [ -7.3788, 40.9012 ], [ -7.384, 40.8994 ], [ -7.3818, 40.897 ], [ -7.3881, 40.8851 ], [ -7.3985, 40.8803 ], [ -7.4048, 40.88 ], [ -7.4166, 40.8849 ], [ -7.4255, 40.8867 ], [ -7.4282, 40.889 ], [ -7.4303, 40.8944 ], [ -7.4295, 40.9053 ], [ -7.4179, 40.9218 ], [ -7.4095, 40.9218 ], [ -7.3937, 40.9098 ], [ -7.3869, 40.9076 ] ] ] ] } },
{ "type": "Feature", "properties": { "GID_2": "PRT.10.14_1", "GID_0": "PRT", "COUNTRY": "Portugal", "GID_1": "PRT.10_1", "NAME_1": "Guarda", "NL_NAME_1": "NA", "NAME_2": "VilaNovadeFozCôa", "VARNAME_2": "NA", "NL_NAME_2": "NA", "TYPE_2": "Concelho", "ENGTYPE_2": "Municipality", "CC_2": "0914", "HASC_2": "PT.GU.VF" }, "geometry": { "type": "MultiPolygon", "coordinates": [ [ [ [ -7.1018, 40.9716 ], [ -7.1062, 40.9634 ], [ -7.1116, 40.9626 ], [ -7.1129, 40.9591 ], [ -7.118, 40.9558 ], [ -7.1203, 40.9521 ], [ -7.1246, 40.9517 ], [ -7.1276, 40.9447 ], [ -7.1315, 40.9437 ], [ -7.1328, 40.9302 ], [ -7.1354, 40.9235 ], [ -7.1418, 40.923 ], [ -7.1452, 40.928 ], [ -7.1597, 40.9323 ], [ -7.1698, 40.9311 ], [ -7.1855, 40.9358 ], [ -7.1777, 40.9398 ], [ -7.175, 40.9548 ], [ -7.1694, 40.9591 ], [ -7.1691, 40.9655 ], [ -7.1668, 40.9712 ], [ -7.1688, 40.974 ], [ -7.1749, 40.976 ], [ -7.1736, 40.9785 ], [ -7.1825, 40.9847 ], [ -7.1824, 40.9918 ], [ -7.1853, 40.9941 ], [ -7.1845, 41.0049 ], [ -7.1799, 41.0093 ], [ -7.1775, 41.0074 ], [ -7.1751, 41.0084 ], [ -7.175, 41.0065 ], [ -7.1676, 41.0068 ], [ -7.1677, 41.0127 ], [ -7.1718, 41.0169 ], [ -7.1734, 41.0228 ], [ -7.1781, 41.0302 ], [ -7.1823, 41.0302 ], [ -7.1968, 41.0363 ], [ -7.2109, 41.0375 ], [ -7.2235, 41.0343 ], [ -7.2336, 41.0254 ], [ -7.2335, 41.0161 ], [ -7.2387, 41.0135 ], [ -7.2461, 41.0064 ], [ -7.2595, 41.0184 ], [ -7.2634, 41.0177 ], [ -7.2652, 41.0188 ], [ -7.269, 41.017 ], [ -7.2771, 41.019 ], [ -7.2841, 41.0159 ], [ -7.2919, 41.0177 ], [ -7.2954, 41.0153 ], [ -7.3081, 41.0151 ], [ -7.321, 41.0169 ], [ -7.3325, 41.0223 ], [ -7.3372, 41.0272 ], [ -7.3401, 41.0263 ], [ -7.3401, 41.0278 ], [ -7.3417, 41.028 ], [ -7.3376, 41.0288 ], [ -7.3386, 41.0309 ], [ -7.3404, 41.0311 ], [ -7.3382, 41.034 ], [ -7.3443, 41.0379 ], [ -7.3439, 41.0409 ], [ -7.3402, 41.0443 ], [ -7.3457, 41.0464 ], [ -7.3428, 41.0575 ], [ -7.3399, 41.0594 ], [ -7.3399, 41.0644 ], [ -7.3361, 41.0736 ], [ -7.3326, 41.0746 ], [ -7.3299, 41.0784 ], [ -7.3317, 41.0868 ], [ -7.328, 41.093 ], [ -7.3282, 41.1044 ], [ -7.326, 41.1064 ], [ -7.3229, 41.1191 ], [ -7.3182, 41.121 ], [ -7.308, 41.1371 ], [ -7.3046, 41.1395 ], [ -7.2968, 41.1394 ], [ -7.2817, 41.1355 ], [ -7.2687, 41.1423 ], [ -7.2515, 41.145 ], [ -7.2247, 41.1366 ], [ -7.2092, 41.136 ], [ -7.2017, 41.1328 ], [ -7.198, 41.1285 ], [ -7.1927, 41.1266 ], [ -7.1735, 41.1273 ], [ -7.1637, 41.1261 ], [ -7.1605, 41.1289 ], [ -7.1606, 41.1377 ], [ -7.1587, 41.143 ], [ -7.1501, 41.1544 ], [ -7.1471, 41.1567 ], [ -7.1324, 41.1603 ], [ -7.1283, 41.1658 ], [ -7.1249, 41.1771 ], [ -7.1182, 41.1793 ], [ -7.1141, 41.1774 ], [ -7.1128, 41.1759 ], [ -7.1128, 41.1652 ], [ -7.1147, 41.1508 ], [ -7.1189, 41.1469 ], [ -7.128, 41.1445 ], [ -7.1302, 41.1418 ], [ -7.1302, 41.1377 ], [ -7.1245, 41.1344 ], [ -7.1079, 41.1361 ], [ -7.0967, 41.135 ], [ -7.0871, 41.1314 ], [ -7.0838, 41.126 ], [ -7.0852, 41.1211 ], [ -7.093, 41.1118 ], [ -7.1024, 41.1047 ], [ -7.1056, 41.0912 ], [ -7.1023, 41.0809 ], [ -7.0792, 41.0732 ], [ -7.0582, 41.063 ], [ -7.0512, 41.0572 ], [ -7.0505, 41.0486 ], [ -7.0435, 41.0443 ], [ -7.0271, 41.0382 ], [ -7.0192, 41.0389 ], [ -7.0126, 41.0414 ], [ -7.0036, 41.0365 ], [ -6.998, 41.0366 ], [ -6.9944, 41.0323 ], [ -6.9952, 41.0283 ], [ -6.9938, 41.026 ], [ -6.989, 41.0245 ], [ -6.9836, 41.0262 ], [ -6.9767, 41.017 ], [ -6.9832, 41.0119 ], [ -6.9909, 40.9927 ], [ -6.9965, 40.9832 ], [ -7.0024, 40.9803 ], [ -7.0198, 40.9748 ], [ -7.0323, 40.9732 ], [ -7.0459, 40.9675 ], [ -7.0593, 40.9673 ], [ -7.0833, 40.9736 ], [ -7.1026, 40.973 ], [ -7.1018, 40.9716 ] ] ] ] } },
{ "type": "Feature", "properties": { "GID_2": "PRT.15.1_1", "GID_0": "PRT", "COUNTRY": "Portugal", "GID_1": "PRT.15_1", "NAME_1": "Porto", "NL_NAME_1": "NA", "NAME_2": "Amarante", "VARNAME_2": "NA", "NL_NAME_2": "NA", "TYPE_2": "Concelho", "ENGTYPE_2": "Municipality", "CC_2": "1301", "HASC_2": "PT.PO.AM" }, "geometry": { "type": "MultiPolygon", "coordinates": [ [ [ [ -8.022, 41.2024 ], [ -8.0295, 41.1995 ], [ -8.0347, 41.1935 ], [ -8.0413, 41.1894 ], [ -8.0436, 41.1991 ], [ -8.0619, 41.2104 ], [ -8.072, 41.2229 ], [ -8.0804, 41.2258 ], [ -8.1172, 41.2257 ], [ -8.1201, 41.2237 ], [ -8.1246, 41.224 ], [ -8.1256, 41.223 ], [ -8.1237, 41.2188 ], [ -8.1262, 41.2145 ], [ -8.1298, 41.2206 ], [ -8.1353, 41.219 ], [ -8.1396, 41.2221 ], [ -8.14, 41.2237 ], [ -8.1359, 41.2287 ], [ -8.1405, 41.2254 ], [ -8.1478, 41.2236 ], [ -8.1493, 41.2258 ], [ -8.1523, 41.2246 ], [ -8.1573, 41.2279 ], [ -8.1631, 41.2248 ], [ -8.1624, 41.222 ], [ -8.1655, 41.2241 ], [ -8.1613, 41.229 ], [ -8.1607, 41.232 ], [ -8.1531, 41.2349 ], [ -8.1485, 41.2429 ], [ -8.1462, 41.2437 ], [ -8.1423, 41.2488 ], [ -8.1352, 41.2491 ], [ -8.1322, 41.2519 ], [ -8.1377, 41.255 ], [ -8.1371, 41.259 ], [ -8.1446, 41.2562 ], [ -8.1486, 41.2571 ], [ -8.1525, 41.2517 ], [ -8.1622, 41.2459 ], [ -8.1678, 41.2394 ], [ -8.1742, 41.2363 ], [ -8.1735, 41.2339 ], [ -8.1762, 41.2332 ], [ -8.1794, 41.2353 ], [ -8.1927, 41.2383 ], [ -8.1896, 41.241 ], [ -8.1936, 41.2427 ], [ -8.2019, 41.241 ], [ -8.2068, 41.2458 ], [ -8.2157, 41.2453 ], [ -8.2163, 41.2505 ], [ -8.2113, 41.2581 ], [ -8.2113, 41.2647 ], [ -8.2087, 41.2667 ], [ -8.2097, 41.2765 ], [ -8.2028, 41.2844 ], [ -8.1957, 41.2872 ], [ -8.1941, 41.2893 ], [ -8.1942, 41.2937 ], [ -8.192, 41.2943 ], [ -8.185, 41.3024 ], [ -8.1795, 41.3025 ], [ -8.1716, 41.3112 ], [ -8.1638, 41.3144 ], [ -8.1502, 41.3118 ], [ -8.1468, 41.3132 ], [ -8.1468, 41.316 ], [ -8.1452, 41.3172 ], [ -8.1332, 41.3146 ], [ -8.1219, 41.3186 ], [ -8.1208, 41.3248 ], [ -8.1154, 41.3282 ], [ -8.1168, 41.3297 ], [ -8.111, 41.3285 ], [ -8.1096, 41.3317 ], [ -8.1121, 41.3327 ], [ -8.1132, 41.3365 ], [ -8.1114, 41.3373 ], [ -8.112, 41.3386 ], [ -8.1187, 41.3438 ], [ -8.1155, 41.3464 ], [ -8.1062, 41.3393 ], [ -8.0924, 41.3369 ], [ -8.0936, 41.3352 ], [ -8.0906, 41.3356 ], [ -8.0883, 41.3323 ], [ -8.0898, 41.3301 ], [ -8.0865, 41.3293 ], [ -8.0794, 41.3315 ], [ -8.0771, 41.3381 ], [ -8.07, 41.3433 ], [ -8.0654, 41.3433 ], [ -8.0656, 41.3388 ], [ -8.0633, 41.3392 ], [ -8.0577, 41.3331 ], [ -8.049, 41.3318 ], [ -8.0476, 41.3279 ], [ -8.0382, 41.32 ], [ -8.0357, 41.3188 ], [ -8.0273, 41.3195 ], [ -8.02, 41.3245 ], [ -8.0227, 41.3274 ], [ -8.0223, 41.3288 ], [ -8.0093, 41.3316 ], [ -8.008, 41.3329 ], [ -8.0089, 41.3354 ], [ -8.004, 41.3418 ], [ -7.997, 41.3428 ], [ -7.9887, 41.3472 ], [ -7.9876, 41.3562 ], [ -7.9817, 41.3604 ], [ -7.9808, 41.367 ], [ -7.9742, 41.3752 ], [ -7.9698, 41.3723 ], [ -7.9706, 41.3659 ], [ -7.9735, 41.3639 ], [ -7.9726, 41.3603 ], [ -7.9566, 41.359 ], [ -7.9473, 41.3527 ], [ -7.9478, 41.3489 ], [ -7.9502, 41.3478 ], [ -7.95, 41.3456 ], [ -7.9528, 41.346 ], [ -7.9534, 41.3442 ], [ -7.9588, 41.3432 ], [ -7.9609, 41.3362 ], [ -7.9655, 41.3327 ], [ -7.963, 41.331 ], [ -7.9639, 41.3296 ], [ -7.9558, 41.3232 ], [ -7.9398, 41.3222 ], [ -7.9292, 41.318 ], [ -7.9283, 41.3156 ], [ -7.9176, 41.3095 ], [ -7.9174, 41.3072 ], [ -7.9148, 41.3072 ], [ -7.9076, 41.3027 ], [ -7.9154, 41.2976 ], [ -7.9175, 41.2924 ], [ -7.9214, 41.2903 ], [ -7.9186, 41.284 ], [ -7.9141, 41.2805 ], [ -7.9162, 41.2726 ], [ -7.9045, 41.2719 ], [ -7.8964, 41.2675 ], [ -7.8968, 41.2636 ], [ -7.894, 41.2601 ], [ -7.8958, 41.2555 ], [ -7.8958, 41.2464 ], [ -7.9034, 41.2388 ], [ -7.9154, 41.2337 ], [ -7.9211, 41.2292 ], [ -7.9217, 41.2236 ], [ -7.9299, 41.2181 ], [ -7.9343, 41.211 ], [ -7.9376, 41.2097 ], [ -7.944, 41.1974 ], [ -7.9566, 41.1948 ], [ -7.963, 41.1973 ], [ -7.9658, 41.1952 ], [ -7.9698, 41.1969 ], [ -7.9766, 41.204 ], [ -7.9821, 41.206 ], [ -7.974, 41.213 ], [ -7.9863, 41.2202 ], [ -7.9889, 41.2163 ], [ -7.9956, 41.2121 ], [ -7.9991, 41.207 ], [ -8.0015, 41.2059 ], [ -8.0049, 41.209 ], [ -8.022, 41.2024 ] ] ] ] } },
{ "type": "Feature", "properties": { "GID_2": "PRT.15.2_1", "GID_0": "PRT", "COUNTRY": "Portugal", "GID_1": "PRT.15_1", "NAME_1": "Porto", "NL_NAME_1": "NA", "NAME_2": "Baião", "VARNAME_2": "NA", "NL_NAME_2": "NA", "TYPE_2": "Concelho", "ENGTYPE_2": "Municipality", "CC_2": "1302", "HASC_2": "PT.PO.BA" }, "geometry": { "type": "MultiPolygon", "coordinates": [ [ [ [ -8.0783, 41.0923 ], [ -8.0827, 41.0917 ], [ -8.0903, 41.0988 ], [ -8.0969, 41.1007 ], [ -8.097, 41.1046 ], [ -8.1018, 41.1088 ], [ -8.1011, 41.111 ], [ -8.1035, 41.1143 ], [ -8.1042, 41.1196 ], [ -8.1065, 41.12 ], [ -8.1051, 41.1214 ], [ -8.1065, 41.1247 ], [ -8.1146, 41.1283 ], [ -8.1155, 41.13 ], [ -8.1128, 41.1353 ], [ -8.111, 41.1348 ], [ -8.0991, 41.1417 ], [ -8.0961, 41.1415 ], [ -8.0828, 41.1473 ], [ -8.0729, 41.1544 ], [ -8.0728, 41.156 ], [ -8.0664, 41.1575 ], [ -8.0621, 41.1615 ], [ -8.0622, 41.1638 ], [ -8.0584, 41.1671 ], [ -8.0588, 41.1809 ], [ -8.0547, 41.1864 ], [ -8.0391, 41.1903 ], [ -8.0264, 41.2012 ], [ -8.0049, 41.209 ], [ -8.0015, 41.2059 ], [ -7.9991, 41.207 ], [ -7.9956, 41.2121 ], [ -7.9889, 41.2163 ], [ -7.9863, 41.2202 ], [ -7.974, 41.213 ], [ -7.9821, 41.206 ], [ -7.9766, 41.204 ], [ -7.9698, 41.1969 ], [ -7.9658, 41.1952 ], [ -7.963, 41.1973 ], [ -7.9566, 41.1948 ], [ -7.944, 41.1974 ], [ -7.9376, 41.2097 ], [ -7.9343, 41.211 ], [ -7.9299, 41.2181 ], [ -7.9217, 41.2236 ], [ -7.9211, 41.2292 ], [ -7.9154, 41.2337 ], [ -7.9034, 41.2388 ], [ -7.8958, 41.2463 ], [ -7.8959, 41.249 ], [ -7.8836, 41.2478 ], [ -7.8757, 41.2422 ], [ -7.8779, 41.2409 ], [ -7.8796, 41.2364 ], [ -7.8785, 41.2326 ], [ -7.8836, 41.2283 ], [ -7.8883, 41.2178 ], [ -7.8918, 41.2137 ], [ -7.8921, 41.2107 ], [ -7.8941, 41.2092 ], [ -7.8903, 41.2025 ], [ -7.8879, 41.1891 ], [ -7.8902, 41.1864 ], [ -7.8903, 41.1828 ], [ -7.8989, 41.1728 ], [ -7.8955, 41.1685 ], [ -7.8983, 41.1673 ], [ -7.8936, 41.1639 ], [ -7.8895, 41.1632 ], [ -7.893, 41.1618 ], [ -7.8928, 41.1595 ], [ -7.898, 41.1586 ], [ -7.8988, 41.1567 ], [ -7.9037, 41.1548 ], [ -7.9001, 41.1516 ], [ -7.9022, 41.1491 ], [ -7.9012, 41.1473 ], [ -7.9088, 41.1427 ], [ -7.9124, 41.1385 ], [ -7.9144, 41.1345 ], [ -7.9124, 41.133 ], [ -7.9133, 41.1301 ], [ -7.9109, 41.1271 ], [ -7.9124, 41.1242 ], [ -7.9119, 41.1199 ], [ -7.9307, 41.1181 ], [ -7.9442, 41.1226 ], [ -7.9516, 41.1227 ], [ -7.9621, 41.1136 ], [ -7.9695, 41.1158 ], [ -7.9785, 41.1116 ], [ -7.9903, 41.1097 ], [ -7.9987, 41.1057 ], [ -8.0143, 41.1043 ], [ -8.0254, 41.097 ], [ -8.0365, 41.0957 ], [ -8.0503, 41.0902 ], [ -8.0566, 41.0896 ], [ -8.0682, 41.0928 ], [ -8.0783, 41.0923 ] ] ] ] } },
{ "type": "Feature", "properties": { "GID_2": "PRT.15.3_1", "GID_0": "PRT", "COUNTRY": "Portugal", "GID_1": "PRT.15_1", "NAME_1": "Porto", "NL_NAME_1": "NA", "NAME_2": "Felgueiras", "VARNAME_2": "NA", "NL_NAME_2": "NA", "TYPE_2": "Concelho", "ENGTYPE_2": "Municipality", "CC_2": "1303", "HASC_2": "PT.PO.FE" }, "geometry": { "type": "MultiPolygon", "coordinates": [ [ [ [ -8.1914, 41.295 ], [ -8.2058, 41.2948 ], [ -8.2081, 41.3029 ], [ -8.2109, 41.3045 ], [ -8.2112, 41.3113 ], [ -8.2192, 41.3098 ], [ -8.2189, 41.3066 ], [ -8.2216, 41.3036 ], [ -8.2276, 41.3028 ], [ -8.2425, 41.3094 ], [ -8.2474, 41.3156 ], [ -8.2487, 41.3145 ], [ -8.2557, 41.3149 ], [ -8.2544, 41.3117 ], [ -8.2632, 41.3104 ], [ -8.2658, 41.3127 ], [ -8.2771, 41.3143 ], [ -8.28, 41.3206 ], [ -8.2795, 41.3233 ], [ -8.2735, 41.3253 ], [ -8.2666, 41.3304 ], [ -8.2691, 41.337 ], [ -8.2784, 41.3458 ], [ -8.2759, 41.3609 ], [ -8.2736, 41.363 ], [ -8.2741, 41.3649 ], [ -8.2783, 41.3672 ], [ -8.2778, 41.3694 ], [ -8.2734, 41.3717 ], [ -8.2697, 41.3713 ], [ -8.2658, 41.3773 ], [ -8.2643, 41.3764 ], [ -8.2634, 41.378 ], [ -8.2599, 41.3785 ], [ -8.2603, 41.3805 ], [ -8.256, 41.3822 ], [ -8.2568, 41.3849 ], [ -8.2543, 41.3848 ], [ -8.2461, 41.3897 ], [ -8.2471, 41.3937 ], [ -8.246, 41.3942 ], [ -8.2443, 41.393 ], [ -8.2346, 41.3928 ], [ -8.2286, 41.3952 ], [ -8.2263, 41.3926 ], [ -8.2223, 41.3935 ], [ -8.2228, 41.395 ], [ -8.2204, 41.3977 ], [ -8.2241, 41.4059 ], [ -8.2207, 41.4088 ], [ -8.2233, 41.4096 ], [ -8.2154, 41.4119 ], [ -8.2006, 41.4088 ], [ -8.1855, 41.41 ], [ -8.1805, 41.4025 ], [ -8.179, 41.3971 ], [ -8.1748, 41.3997 ], [ -8.1658, 41.4003 ], [ -8.162, 41.393 ], [ -8.1599, 41.3921 ], [ -8.1604, 41.3863 ], [ -8.1588, 41.3812 ], [ -8.1455, 41.3789 ], [ -8.1446, 41.3771 ], [ -8.1396, 41.3777 ], [ -8.1384, 41.3742 ], [ -8.1427, 41.3716 ], [ -8.1464, 41.3603 ], [ -8.1378, 41.3605 ], [ -8.1351, 41.3572 ], [ -8.1307, 41.3553 ], [ -8.1315, 41.3523 ], [ -8.1301, 41.3486 ], [ -8.1205, 41.3458 ], [ -8.1205, 41.3438 ], [ -8.112, 41.3386 ], [ -8.1114, 41.3373 ], [ -8.1132, 41.3365 ], [ -8.1121, 41.3327 ], [ -8.1096, 41.3319 ], [ -8.111, 41.3285 ], [ -8.1168, 41.3297 ], [ -8.1154, 41.3282 ], [ -8.1208, 41.3248 ], [ -8.1219, 41.3186 ], [ -8.1332, 41.3146 ], [ -8.1452, 41.3172 ], [ -8.1468, 41.316 ], [ -8.1468, 41.3132 ], [ -8.1502, 41.3118 ], [ -8.1638, 41.3144 ], [ -8.1716, 41.3112 ], [ -8.18, 41.3022 ], [ -8.185, 41.3024 ], [ -8.1914, 41.295 ] ] ] ] } },
{ "type": "Feature", "properties": { "GID_2": "PRT.15.4_1", "GID_0": "PRT", "COUNTRY": "Portugal", "GID_1": "PRT.15_1", "NAME_1": "Porto", "NL_NAME_1": "NA", "NAME_2": "Gondomar", "VARNAME_2": "NA", "NL_NAME_2": "NA", "TYPE_2": "Concelho", "ENGTYPE_2": "Municipality", "CC_2": "1304", "HASC_2": "PT.PO.GO" }, "geometry": { "type": "MultiPolygon", "coordinates": [ [ [ [ -8.3868, 41.0024 ], [ -8.3904, 41.0021 ], [ -8.3888, 41.0045 ], [ -8.3968, 41.0124 ], [ -8.4152, 41.0151 ], [ -8.419, 41.0184 ], [ -8.43, 41.0225 ], [ -8.4286, 41.0235 ], [ -8.433, 41.0293 ], [ -8.4292, 41.0332 ], [ -8.4284, 41.0366 ], [ -8.432, 41.0379 ], [ -8.443, 41.0494 ], [ -8.458, 41.0612 ], [ -8.4672, 41.0736 ], [ -8.4755, 41.0759 ], [ -8.493, 41.0714 ], [ -8.504, 41.0703 ], [ -8.5138, 41.0726 ], [ -8.5189, 41.078 ], [ -8.5274, 41.0998 ], [ -8.5364, 41.1063 ], [ -8.5477, 41.1211 ], [ -8.5517, 41.1231 ], [ -8.5654, 41.1245 ], [ -8.5688, 41.1262 ], [ -8.5757, 41.14 ], [ -8.5721, 41.1427 ], [ -8.5735, 41.1441 ], [ -8.5701, 41.1448 ], [ -8.5689, 41.1474 ], [ -8.5637, 41.1464 ], [ -8.5623, 41.1496 ], [ -8.5549, 41.153 ], [ -8.5548, 41.1573 ], [ -8.5526, 41.1582 ], [ -8.5545, 41.1597 ], [ -8.5587, 41.1561 ], [ -8.566, 41.1614 ], [ -8.5669, 41.1669 ], [ -8.5707, 41.1681 ], [ -8.5703, 41.17 ], [ -8.5671, 41.1716 ], [ -8.5679, 41.1739 ], [ -8.566, 41.1758 ], [ -8.5678, 41.1773 ], [ -8.5762, 41.181 ], [ -8.5833, 41.1811 ], [ -8.5799, 41.1922 ], [ -8.5762, 41.1969 ], [ -8.5614, 41.1958 ], [ -8.5555, 41.1976 ], [ -8.5535, 41.1963 ], [ -8.5484, 41.2009 ], [ -8.5454, 41.2002 ], [ -8.5409, 41.2028 ], [ -8.5273, 41.2033 ], [ -8.5176, 41.1943 ], [ -8.5007, 41.1696 ], [ -8.4957, 41.1594 ], [ -8.4944, 41.1457 ], [ -8.4824, 41.1475 ], [ -8.471, 41.1408 ], [ -8.474, 41.1361 ], [ -8.4673, 41.1203 ], [ -8.4636, 41.1158 ], [ -8.4574, 41.1156 ], [ -8.4553, 41.1096 ], [ -8.4491, 41.1003 ], [ -8.4374, 41.0869 ], [ -8.4242, 41.0912 ], [ -8.4202, 41.0952 ], [ -8.4128, 41.0977 ], [ -8.4068, 41.095 ], [ -8.4017, 41.0901 ], [ -8.3971, 41.0905 ], [ -8.3927, 41.087 ], [ -8.3842, 41.0843 ], [ -8.3791, 41.08 ], [ -8.3726, 41.0709 ], [ -8.3727, 41.0657 ], [ -8.3803, 41.0534 ], [ -8.3752, 41.0501 ], [ -8.3896, 41.0499 ], [ -8.3987, 41.0524 ], [ -8.3991, 41.0498 ], [ -8.3963, 41.0461 ], [ -8.3991, 41.0439 ], [ -8.3982, 41.0397 ], [ -8.4, 41.0383 ], [ -8.4009, 41.0338 ], [ -8.3957, 41.0262 ], [ -8.3898, 41.0263 ], [ -8.3834, 41.0235 ], [ -8.3832, 41.0209 ], [ -8.386, 41.0192 ], [ -8.3854, 41.0156 ], [ -8.3878, 41.0134 ], [ -8.385, 41.0109 ], [ -8.3839, 41.005 ], [ -8.3868, 41.0024 ] ] ] ] } },
{ "type": "Feature", "properties": { "GID_2": "PRT.15.5_1", "GID_0": "PRT", "COUNTRY": "Portugal", "GID_1": "PRT.15_1", "NAME_1": "Porto", "NL_NAME_1": "NA", "NAME_2": "Lousada", "VARNAME_2": "NA", "NL_NAME_2": "NA", "TYPE_2": "Concelho", "ENGTYPE_2": "Municipality", "CC_2": "1305", "HASC_2": "PT.PO.LO" }, "geometry": { "type": "MultiPolygon", "coordinates": [ [ [ [ -8.2775, 41.2474 ], [ -8.2795, 41.246 ], [ -8.2782, 41.2381 ], [ -8.2918, 41.2314 ], [ -8.2986, 41.231 ], [ -8.3082, 41.234 ], [ -8.3103, 41.2413 ], [ -8.3078, 41.2434 ], [ -8.3091, 41.2462 ], [ -8.3126, 41.2476 ], [ -8.3109, 41.2498 ], [ -8.3204, 41.2513 ], [ -8.3335, 41.2565 ], [ -8.3338, 41.2621 ], [ -8.3313, 41.2668 ], [ -8.3355, 41.27 ], [ -8.3346, 41.2762 ], [ -8.3312, 41.2824 ], [ -8.3314, 41.2869 ], [ -8.3231, 41.2947 ], [ -8.3342, 41.2985 ], [ -8.3213, 41.309 ], [ -8.3173, 41.3169 ], [ -8.32, 41.3176 ], [ -8.3226, 41.3162 ], [ -8.3252, 41.3176 ], [ -8.3249, 41.3191 ], [ -8.3269, 41.3192 ], [ -8.3267, 41.3248 ], [ -8.3397, 41.335 ], [ -8.3204, 41.3457 ], [ -8.3164, 41.3513 ], [ -8.3096, 41.3501 ], [ -8.3092, 41.3475 ], [ -8.3068, 41.3474 ], [ -8.304, 41.3433 ], [ -8.2982, 41.3434 ], [ -8.2965, 41.3416 ], [ -8.2899, 41.3433 ], [ -8.2873, 41.3411 ], [ -8.2784, 41.3458 ], [ -8.2691, 41.337 ], [ -8.2666, 41.3304 ], [ -8.2735, 41.3253 ], [ -8.2795, 41.3232 ], [ -8.279, 41.3168 ], [ -8.277, 41.3142 ], [ -8.2658, 41.3127 ], [ -8.2626, 41.3104 ], [ -8.2544, 41.3117 ], [ -8.2557, 41.3149 ], [ -8.2487, 41.3145 ], [ -8.2474, 41.3156 ], [ -8.2425, 41.3094 ], [ -8.2276, 41.3028 ], [ -8.2216, 41.3036 ], [ -8.2189, 41.3066 ], [ -8.2192, 41.3098 ], [ -8.2112, 41.3113 ], [ -8.2109, 41.3045 ], [ -8.2081, 41.3029 ], [ -8.2058, 41.2948 ], [ -8.1929, 41.2945 ], [ -8.1949, 41.2921 ], [ -8.194, 41.29 ], [ -8.1957, 41.2872 ], [ -8.2028, 41.2844 ], [ -8.2097, 41.2765 ], [ -8.2087, 41.2667 ], [ -8.2113, 41.2647 ], [ -8.2113, 41.2581 ], [ -8.2163, 41.2505 ], [ -8.2158, 41.2454 ], [ -8.224, 41.2446 ], [ -8.2286, 41.2411 ], [ -8.2417, 41.2378 ], [ -8.2612, 41.2402 ], [ -8.2679, 41.2421 ], [ -8.269, 41.2437 ], [ -8.2731, 41.2434 ], [ -8.2775, 41.2474 ] ] ] ] } },
{ "type": "Feature", "properties": { "GID_2": "PRT.15.6_1", "GID_0": "PRT", "COUNTRY": "Portugal", "GID_1": "PRT.15_1", "NAME_1": "Porto", "NL_NAME_1": "NA", "NAME_2": "Maia", "VARNAME_2": "NA", "NL_NAME_2": "NA", "TYPE_2": "Concelho", "ENGTYPE_2": "Municipality", "CC_2": "1306", "HASC_2": "PT.PO.MI" }, "geometry": { "type": "MultiPolygon", "coordinates": [ [ [ [ -8.5757, 41.1967 ], [ -8.5795, 41.1929 ], [ -8.5833, 41.1811 ], [ -8.5885, 41.1797 ], [ -8.596, 41.1819 ], [ -8.5968, 41.1867 ], [ -8.5954, 41.1905 ], [ -8.5974, 41.1982 ], [ -8.6002, 41.1993 ], [ -8.6025, 41.2037 ], [ -8.6055, 41.2041 ], [ -8.6075, 41.2068 ], [ -8.6105, 41.2072 ], [ -8.6148, 41.2053 ], [ -8.6125, 41.2079 ], [ -8.6141, 41.2204 ], [ -8.6181, 41.2247 ], [ -8.6216, 41.2236 ], [ -8.6204, 41.2224 ], [ -8.6229, 41.2199 ], [ -8.6239, 41.2222 ], [ -8.6224, 41.2256 ], [ -8.6277, 41.2269 ], [ -8.6318, 41.2247 ], [ -8.6364, 41.2257 ], [ -8.6372, 41.2269 ], [ -8.6356, 41.2293 ], [ -8.6416, 41.2312 ], [ -8.6408, 41.2351 ], [ -8.6457, 41.2366 ], [ -8.6492, 41.2327 ], [ -8.6476, 41.2287 ], [ -8.6493, 41.2256 ], [ -8.6614, 41.2265 ], [ -8.666, 41.2227 ], [ -8.668, 41.2248 ], [ -8.6692, 41.2319 ], [ -8.6679, 41.2328 ], [ -8.6697, 41.2342 ], [ -8.6913, 41.2366 ], [ -8.6932, 41.2381 ], [ -8.6935, 41.2452 ], [ -8.6848, 41.2497 ], [ -8.6848, 41.253 ], [ -8.6881, 41.2561 ], [ -8.6828, 41.2613 ], [ -8.6648, 41.2622 ], [ -8.6576, 41.2561 ], [ -8.6525, 41.2587 ], [ -8.6506, 41.2604 ], [ -8.6539, 41.264 ], [ -8.6527, 41.2742 ], [ -8.6459, 41.2774 ], [ -8.6301, 41.2808 ], [ -8.6248, 41.2853 ], [ -8.6232, 41.2889 ], [ -8.6236, 41.2931 ], [ -8.6218, 41.2954 ], [ -8.6085, 41.2915 ], [ -8.6021, 41.2804 ], [ -8.591, 41.285 ], [ -8.5911, 41.2798 ], [ -8.5812, 41.2713 ], [ -8.575, 41.2595 ], [ -8.5669, 41.2583 ], [ -8.5652, 41.2614 ], [ -8.5614, 41.2594 ], [ -8.5596, 41.2651 ], [ -8.5607, 41.2676 ], [ -8.5568, 41.272 ], [ -8.5444, 41.2753 ], [ -8.5398, 41.2737 ], [ -8.5388, 41.2741 ], [ -8.5407, 41.2769 ], [ -8.5306, 41.2854 ], [ -8.5222, 41.2882 ], [ -8.5168, 41.287 ], [ -8.5153, 41.2858 ], [ -8.5156, 41.2742 ], [ -8.5197, 41.2684 ], [ -8.5284, 41.2635 ], [ -8.5346, 41.2476 ], [ -8.544, 41.2339 ], [ -8.5435, 41.2322 ], [ -8.5488, 41.231 ], [ -8.553, 41.2337 ], [ -8.5628, 41.2358 ], [ -8.5678, 41.2401 ], [ -8.5707, 41.2404 ], [ -8.5647, 41.2347 ], [ -8.5659, 41.2317 ], [ -8.5651, 41.2271 ], [ -8.5607, 41.222 ], [ -8.5626, 41.2214 ], [ -8.5591, 41.2199 ], [ -8.5596, 41.2142 ], [ -8.5629, 41.2117 ], [ -8.5628, 41.2078 ], [ -8.5575, 41.2058 ], [ -8.555, 41.1984 ], [ -8.5579, 41.196 ], [ -8.5757, 41.1967 ] ] ] ] } },
{ "type": "Feature", "properties": { "GID_2": "PRT.15.7_1", "GID_0": "PRT", "COUNTRY": "Portugal", "GID_1": "PRT.15_1", "NAME_1": "Porto", "NL_NAME_1": "NA", "NAME_2": "MarcodeCanaveses", "VARNAME_2": "NA", "NL_NAME_2": "NA", "TYPE_2": "Concelho", "ENGTYPE_2": "Municipality", "CC_2": "1307", "HASC_2": "PT.PO.MC" }, "geometry": { "type": "MultiPolygon", "coordinates": [ [ [ [ -8.275, 41.0656 ], [ -8.2816, 41.0689 ], [ -8.2865, 41.0784 ], [ -8.2929, 41.0801 ], [ -8.2903, 41.0862 ], [ -8.2813, 41.0942 ], [ -8.2585, 41.0975 ], [ -8.2521, 41.1009 ], [ -8.248, 41.1099 ], [ -8.2267, 41.1292 ], [ -8.2267, 41.1309 ], [ -8.2311, 41.1327 ], [ -8.2296, 41.1435 ], [ -8.2155, 41.1475 ], [ -8.2104, 41.1517 ], [ -8.2038, 41.1519 ], [ -8.1946, 41.1603 ], [ -8.1914, 41.1658 ], [ -8.1977, 41.172 ], [ -8.2033, 41.1678 ], [ -8.2089, 41.1687 ], [ -8.2109, 41.1702 ], [ -8.2088, 41.1767 ], [ -8.2097, 41.1778 ], [ -8.2267, 41.1828 ], [ -8.2342, 41.1879 ], [ -8.2338, 41.1902 ], [ -8.2365, 41.1944 ], [ -8.2325, 41.1998 ], [ -8.2305, 41.2041 ], [ -8.2314, 41.2054 ], [ -8.2261, 41.2078 ], [ -8.2178, 41.2151 ], [ -8.2068, 41.2185 ], [ -8.1919, 41.218 ], [ -8.1923, 41.2202 ], [ -8.1902, 41.2212 ], [ -8.1847, 41.2171 ], [ -8.1799, 41.2158 ], [ -8.1766, 41.2161 ], [ -8.171, 41.2195 ], [ -8.1691, 41.2213 ], [ -8.1714, 41.2239 ], [ -8.1689, 41.2259 ], [ -8.1726, 41.2273 ], [ -8.1725, 41.2324 ], [ -8.1742, 41.2363 ], [ -8.1681, 41.2393 ], [ -8.1622, 41.2459 ], [ -8.1525, 41.2517 ], [ -8.1486, 41.2571 ], [ -8.1446, 41.2562 ], [ -8.1371, 41.259 ], [ -8.1377, 41.255 ], [ -8.1322, 41.2519 ], [ -8.1352, 41.2491 ], [ -8.1423, 41.2488 ], [ -8.1462, 41.2437 ], [ -8.1485, 41.2429 ], [ -8.1531, 41.2349 ], [ -8.1607, 41.232 ], [ -8.1613, 41.229 ], [ -8.1655, 41.2241 ], [ -8.1628, 41.2222 ], [ -8.1616, 41.2225 ], [ -8.1624, 41.2255 ], [ -8.1573, 41.2279 ], [ -8.1523, 41.2246 ], [ -8.1493, 41.2258 ], [ -8.1478, 41.2236 ], [ -8.1405, 41.2254 ], [ -8.1359, 41.2287 ], [ -8.14, 41.2237 ], [ -8.1396, 41.2221 ], [ -8.1353, 41.219 ], [ -8.1298, 41.2206 ], [ -8.1262, 41.2145 ], [ -8.1237, 41.2188 ], [ -8.1256, 41.223 ], [ -8.1246, 41.224 ], [ -8.1201, 41.2237 ], [ -8.1172, 41.2257 ], [ -8.0804, 41.2258 ], [ -8.072, 41.2229 ], [ -8.0619, 41.2104 ], [ -8.0431, 41.1986 ], [ -8.0413, 41.1894 ], [ -8.0543, 41.1866 ], [ -8.057, 41.1844 ], [ -8.0592, 41.179 ], [ -8.0585, 41.1666 ], [ -8.0622, 41.1638 ], [ -8.0619, 41.1617 ], [ -8.0664, 41.1575 ], [ -8.0728, 41.156 ], [ -8.0729, 41.1544 ], [ -8.0828, 41.1473 ], [ -8.0961, 41.1415 ], [ -8.0991, 41.1417 ], [ -8.1136, 41.1345 ], [ -8.1148, 41.1285 ], [ -8.1067, 41.125 ], [ -8.1051, 41.1214 ], [ -8.1065, 41.12 ], [ -8.1042, 41.1197 ], [ -8.1035, 41.1143 ], [ -8.1011, 41.111 ], [ -8.1017, 41.1086 ], [ -8.1, 41.1084 ], [ -8.0967, 41.1036 ], [ -8.0969, 41.1007 ], [ -8.113, 41.095 ], [ -8.1165, 41.0895 ], [ -8.1273, 41.0876 ], [ -8.1355, 41.0838 ], [ -8.1469, 41.0842 ], [ -8.1609, 41.0894 ], [ -8.1728, 41.0882 ], [ -8.1878, 41.0931 ], [ -8.2045, 41.0941 ], [ -8.2117, 41.0912 ], [ -8.2217, 41.0794 ], [ -8.2341, 41.0786 ], [ -8.2442, 41.0701 ], [ -8.2504, 41.0687 ], [ -8.2594, 41.0704 ], [ -8.2654, 41.0648 ], [ -8.275, 41.0656 ] ] ] ] } },
{ "type": "Feature", "properties": { "GID_2": "PRT.15.8_1", "GID_0": "PRT", "COUNTRY": "Portugal", "GID_1": "PRT.15_1", "NAME_1": "Porto", "NL_NAME_1": "NA", "NAME_2": "Matosinhos", "VARNAME_2": "NA", "NL_NAME_2": "NA", "TYPE_2": "Concelho", "ENGTYPE_2": "Municipality", "CC_2": "1308", "HASC_2": "PT.PO.MT" }, "geometry": { "type": "MultiPolygon", "coordinates": [ [ [ [ -8.6114, 41.206 ], [ -8.6095, 41.2074 ], [ -8.6073, 41.2067 ], [ -8.6055, 41.2041 ], [ -8.6025, 41.2037 ], [ -8.6002, 41.1993 ], [ -8.5974, 41.1982 ], [ -8.5954, 41.1903 ], [ -8.5969, 41.1838 ], [ -8.6041, 41.1859 ], [ -8.6115, 41.1854 ], [ -8.617, 41.1839 ], [ -8.6218, 41.1804 ], [ -8.6324, 41.1792 ], [ -8.6426, 41.1843 ], [ -8.6578, 41.1774 ], [ -8.6618, 41.177 ], [ -8.6667, 41.1791 ], [ -8.6753, 41.1721 ], [ -8.6792, 41.1715 ], [ -8.6842, 41.1736 ], [ -8.6904, 41.1735 ], [ -8.6971, 41.1788 ], [ -8.702, 41.1767 ], [ -8.7034, 41.1766 ], [ -8.7042, 41.1769 ], [ -8.7057, 41.1779 ], [ -8.702, 41.1768 ], [ -8.6965, 41.1804 ], [ -8.6979, 41.1821 ], [ -8.7005, 41.1807 ], [ -8.7007, 41.181 ], [ -8.6982, 41.1822 ], [ -8.701, 41.1818 ], [ -8.6993, 41.1834 ], [ -8.7012, 41.1823 ], [ -8.7014, 41.1826 ], [ -8.6949, 41.1882 ], [ -8.6965, 41.1885 ], [ -8.701, 41.1854 ], [ -8.7004, 41.1838 ], [ -8.7057, 41.1857 ], [ -8.7087, 41.1849 ], [ -8.7104, 41.1807 ], [ -8.709, 41.1796 ], [ -8.7096, 41.1774 ], [ -8.7074, 41.1724 ], [ -8.7082, 41.1721 ], [ -8.7124, 41.1835 ], [ -8.7054, 41.1874 ], [ -8.7049, 41.1893 ], [ -8.7096, 41.1971 ], [ -8.7171, 41.204 ], [ -8.7151, 41.209 ], [ -8.7154, 41.2215 ], [ -8.7207, 41.2279 ], [ -8.721, 41.2324 ], [ -8.7229, 41.2329 ], [ -8.7262, 41.2404 ], [ -8.7262, 41.2426 ], [ -8.7232, 41.2457 ], [ -8.7226, 41.2521 ], [ -8.7229, 41.2571 ], [ -8.7271, 41.2646 ], [ -8.7264, 41.2704 ], [ -8.7205, 41.2706 ], [ -8.7177, 41.2688 ], [ -8.7171, 41.2705 ], [ -8.7143, 41.2698 ], [ -8.7089, 41.2728 ], [ -8.704, 41.2722 ], [ -8.7017, 41.2695 ], [ -8.7014, 41.2646 ], [ -8.7028, 41.264 ], [ -8.6988, 41.2566 ], [ -8.6945, 41.2558 ], [ -8.6921, 41.2569 ], [ -8.6901, 41.2555 ], [ -8.6881, 41.2566 ], [ -8.6848, 41.253 ], [ -8.6848, 41.2497 ], [ -8.6934, 41.2453 ], [ -8.6932, 41.2381 ], [ -8.6913, 41.2366 ], [ -8.6697, 41.2342 ], [ -8.6679, 41.2328 ], [ -8.6692, 41.2319 ], [ -8.668, 41.2248 ], [ -8.666, 41.2227 ], [ -8.6614, 41.2265 ], [ -8.6493, 41.2256 ], [ -8.6476, 41.2287 ], [ -8.6492, 41.2327 ], [ -8.6457, 41.2366 ], [ -8.6408, 41.2351 ], [ -8.6416, 41.2312 ], [ -8.6356, 41.2293 ], [ -8.6372, 41.2269 ], [ -8.6364, 41.2257 ], [ -8.6318, 41.2247 ], [ -8.6277, 41.2269 ], [ -8.6224, 41.2256 ], [ -8.6239, 41.2222 ], [ -8.6229, 41.2199 ], [ -8.6204, 41.2224 ], [ -8.6216, 41.2236 ], [ -8.6181, 41.2247 ], [ -8.6141, 41.2204 ], [ -8.6125, 41.2079 ], [ -8.6148, 41.2053 ], [ -8.6114, 41.206 ] ] ] ] } },
{ "type": "Feature", "properties": { "GID_2": "PRT.15.9_1", "GID_0": "PRT", "COUNTRY": "Portugal", "GID_1": "PRT.15_1", "NAME_1": "Porto", "NL_NAME_1": "NA", "NAME_2": "PaçosdeFerreira", "VARNAME_2": "NA", "NL_NAME_2": "NA", "TYPE_2": "Concelho", "ENGTYPE_2": "Municipality", "CC_2": "1309", "HASC_2": "PT.PO.PF" }, "geometry": { "type": "MultiPolygon", "coordinates": [ [ [ [ -8.3727, 41.2577 ], [ -8.3758, 41.2533 ], [ -8.3847, 41.2472 ], [ -8.3915, 41.2463 ], [ -8.3982, 41.2428 ], [ -8.4085, 41.2425 ], [ -8.408, 41.2454 ], [ -8.4037, 41.2491 ], [ -8.4107, 41.2523 ], [ -8.4127, 41.2572 ], [ -8.4154, 41.2558 ], [ -8.4184, 41.2568 ], [ -8.4234, 41.2533 ], [ -8.4319, 41.253 ], [ -8.4381, 41.2483 ], [ -8.4401, 41.2445 ], [ -8.4521, 41.2433 ], [ -8.4492, 41.2598 ], [ -8.4503, 41.262 ], [ -8.4338, 41.278 ], [ -8.4293, 41.2869 ], [ -8.4299, 41.298 ], [ -8.4143, 41.3045 ], [ -8.4066, 41.3061 ], [ -8.3974, 41.3109 ], [ -8.3918, 41.3214 ], [ -8.3955, 41.3266 ], [ -8.3998, 41.3292 ], [ -8.3953, 41.331 ], [ -8.3937, 41.3325 ], [ -8.3948, 41.3334 ], [ -8.3842, 41.3372 ], [ -8.3757, 41.3358 ], [ -8.371, 41.3324 ], [ -8.3518, 41.3337 ], [ -8.347, 41.3359 ], [ -8.34, 41.3352 ], [ -8.3267, 41.3248 ], [ -8.3269, 41.3192 ], [ -8.3249, 41.3191 ], [ -8.3252, 41.3176 ], [ -8.3226, 41.3162 ], [ -8.32, 41.3176 ], [ -8.3173, 41.3169 ], [ -8.3213, 41.309 ], [ -8.3342, 41.2985 ], [ -8.3231, 41.2947 ], [ -8.3314, 41.2869 ], [ -8.3312, 41.2824 ], [ -8.3346, 41.2762 ], [ -8.3355, 41.27 ], [ -8.3313, 41.2668 ], [ -8.3338, 41.2621 ], [ -8.333, 41.2529 ], [ -8.335, 41.2519 ], [ -8.3397, 41.2584 ], [ -8.3443, 41.2596 ], [ -8.3544, 41.2597 ], [ -8.3637, 41.2571 ], [ -8.3727, 41.2577 ] ] ] ] } },
{ "type": "Feature", "properties": { "GID_2": "PRT.15.10_1", "GID_0": "PRT", "COUNTRY": "Portugal", "GID_1": "PRT.15_1", "NAME_1": "Porto", "NL_NAME_1": "NA", "NAME_2": "Paredes", "VARNAME_2": "NA", "NL_NAME_2": "NA", "TYPE_2": "Concelho", "ENGTYPE_2": "Municipality", "CC_2": "1310", "HASC_2": "PT.PO.PA" }, "geometry": { "type": "MultiPolygon", "coordinates": [ [ [ [ -8.439, 41.0889 ], [ -8.4491, 41.1003 ], [ -8.4553, 41.1096 ], [ -8.4574, 41.1156 ], [ -8.4647, 41.1167 ], [ -8.474, 41.1361 ], [ -8.4677, 41.1452 ], [ -8.4537, 41.1611 ], [ -8.4521, 41.1611 ], [ -8.4517, 41.1632 ], [ -8.442, 41.1674 ], [ -8.4439, 41.1713 ], [ -8.4423, 41.174 ], [ -8.445, 41.1794 ], [ -8.4484, 41.1806 ], [ -8.4515, 41.1883 ], [ -8.4584, 41.1887 ], [ -8.4565, 41.1907 ], [ -8.4576, 41.1926 ], [ -8.4513, 41.1927 ], [ -8.4466, 41.1971 ], [ -8.4468, 41.1999 ], [ -8.4523, 41.2032 ], [ -8.4509, 41.2091 ], [ -8.444, 41.2172 ], [ -8.4427, 41.223 ], [ -8.4406, 41.2256 ], [ -8.4403, 41.2309 ], [ -8.4438, 41.2335 ], [ -8.4426, 41.2373 ], [ -8.4494, 41.2386 ], [ -8.4503, 41.241 ], [ -8.447, 41.2432 ], [ -8.4429, 41.2421 ], [ -8.4381, 41.2483 ], [ -8.4319, 41.253 ], [ -8.4234, 41.2533 ], [ -8.4184, 41.2568 ], [ -8.4154, 41.2558 ], [ -8.4128, 41.2572 ], [ -8.4107, 41.2523 ], [ -8.4037, 41.2491 ], [ -8.408, 41.2454 ], [ -8.4085, 41.2425 ], [ -8.3982, 41.2428 ], [ -8.3915, 41.2463 ], [ -8.3847, 41.2472 ], [ -8.3758, 41.2533 ], [ -8.3724, 41.258 ], [ -8.3637, 41.2571 ], [ -8.3544, 41.2597 ], [ -8.3397, 41.2584 ], [ -8.335, 41.2519 ], [ -8.333, 41.2529 ], [ -8.3335, 41.2565 ], [ -8.3204, 41.2513 ], [ -8.3109, 41.2498 ], [ -8.3126, 41.2476 ], [ -8.3091, 41.2462 ], [ -8.3078, 41.2434 ], [ -8.3103, 41.2413 ], [ -8.3079, 41.2337 ], [ -8.2962, 41.2308 ], [ -8.2965, 41.2294 ], [ -8.3039, 41.2207 ], [ -8.3141, 41.2153 ], [ -8.3155, 41.2106 ], [ -8.3185, 41.2093 ], [ -8.3185, 41.2066 ], [ -8.3222, 41.2035 ], [ -8.3201, 41.2009 ], [ -8.3312, 41.1952 ], [ -8.335, 41.1949 ], [ -8.3377, 41.1976 ], [ -8.3468, 41.1916 ], [ -8.3475, 41.1878 ], [ -8.351, 41.1858 ], [ -8.3508, 41.183 ], [ -8.3466, 41.1807 ], [ -8.3472, 41.1788 ], [ -8.3446, 41.1732 ], [ -8.3482, 41.1722 ], [ -8.3488, 41.1691 ], [ -8.3535, 41.1712 ], [ -8.3628, 41.1685 ], [ -8.3715, 41.1578 ], [ -8.3754, 41.1593 ], [ -8.3801, 41.1555 ], [ -8.3816, 41.1522 ], [ -8.379, 41.1515 ], [ -8.3796, 41.1485 ], [ -8.3711, 41.1403 ], [ -8.382, 41.1355 ], [ -8.3926, 41.1268 ], [ -8.3874, 41.1155 ], [ -8.3807, 41.1082 ], [ -8.3714, 41.0939 ], [ -8.3743, 41.0908 ], [ -8.3696, 41.0855 ], [ -8.3711, 41.0823 ], [ -8.3684, 41.0765 ], [ -8.369, 41.0683 ], [ -8.3842, 41.0843 ], [ -8.3927, 41.087 ], [ -8.3971, 41.0905 ], [ -8.4017, 41.0901 ], [ -8.4068, 41.095 ], [ -8.4128, 41.0977 ], [ -8.4197, 41.0955 ], [ -8.4242, 41.0912 ], [ -8.4312, 41.0884 ], [ -8.4368, 41.0867 ], [ -8.439, 41.0889 ] ] ] ] } },
{ "type": "Feature", "properties": { "GID_2": "PRT.15.11_1", "GID_0": "PRT", "COUNTRY": "Portugal", "GID_1": "PRT.15_1", "NAME_1": "Porto", "NL_NAME_1": "NA", "NAME_2": "Penafiel", "VARNAME_2": "NA", "NL_NAME_2": "NA", "TYPE_2": "Concelho", "ENGTYPE_2": "Municipality", "CC_2": "1311", "HASC_2": "PT.PO.PE" }, "geometry": { "type": "MultiPolygon", "coordinates": [ [ [ [ -8.3327, 41.0539 ], [ -8.3428, 41.0429 ], [ -8.3522, 41.0401 ], [ -8.3584, 41.0422 ], [ -8.3685, 41.0501 ], [ -8.3752, 41.0501 ], [ -8.3803, 41.0534 ], [ -8.3727, 41.0657 ], [ -8.3726, 41.0709 ], [ -8.369, 41.0683 ], [ -8.3684, 41.0765 ], [ -8.3711, 41.0823 ], [ -8.3695, 41.0853 ], [ -8.3715, 41.0891 ], [ -8.3743, 41.0908 ], [ -8.3714, 41.0939 ], [ -8.3807, 41.1082 ], [ -8.3874, 41.1155 ], [ -8.3926, 41.1268 ], [ -8.382, 41.1355 ], [ -8.3711, 41.1403 ], [ -8.3796, 41.1485 ], [ -8.379, 41.1515 ], [ -8.3816, 41.1522 ], [ -8.3801, 41.1555 ], [ -8.3754, 41.1593 ], [ -8.3715, 41.1578 ], [ -8.3634, 41.1681 ], [ -8.3598, 41.1699 ], [ -8.3535, 41.1712 ], [ -8.3486, 41.1693 ], [ -8.3483, 41.1721 ], [ -8.3446, 41.1732 ], [ -8.3446, 41.175 ], [ -8.348, 41.1825 ], [ -8.3507, 41.1828 ], [ -8.351, 41.1857 ], [ -8.3475, 41.1878 ], [ -8.3468, 41.1916 ], [ -8.3377, 41.1976 ], [ -8.335, 41.1949 ], [ -8.3312, 41.1952 ], [ -8.3201, 41.2009 ], [ -8.3222, 41.2035 ], [ -8.3185, 41.2066 ], [ -8.3185, 41.2093 ], [ -8.3155, 41.2106 ], [ -8.3127, 41.2168 ], [ -8.3039, 41.2207 ], [ -8.295, 41.2316 ], [ -8.2918, 41.2314 ], [ -8.2774, 41.2388 ], [ -8.2795, 41.246 ], [ -8.2769, 41.248 ], [ -8.2731, 41.2434 ], [ -8.269, 41.2437 ], [ -8.2679, 41.2421 ], [ -8.2605, 41.24 ], [ -8.2562, 41.2405 ], [ -8.2417, 41.2378 ], [ -8.2323, 41.2397 ], [ -8.2218, 41.2452 ], [ -8.2164, 41.2462 ], [ -8.2138, 41.2445 ], [ -8.2068, 41.2458 ], [ -8.2019, 41.241 ], [ -8.1936, 41.2427 ], [ -8.1896, 41.241 ], [ -8.1927, 41.2383 ], [ -8.1794, 41.2353 ], [ -8.1762, 41.2332 ], [ -8.1735, 41.2339 ], [ -8.1725, 41.2272 ], [ -8.1689, 41.2259 ], [ -8.1714, 41.2239 ], [ -8.1691, 41.2213 ], [ -8.171, 41.2195 ], [ -8.1769, 41.216 ], [ -8.1809, 41.2158 ], [ -8.1902, 41.2212 ], [ -8.1923, 41.2202 ], [ -8.1919, 41.218 ], [ -8.2068, 41.2185 ], [ -8.2178, 41.2151 ], [ -8.2261, 41.2078 ], [ -8.2306, 41.2062 ], [ -8.2325, 41.1998 ], [ -8.2361, 41.1959 ], [ -8.233, 41.1869 ], [ -8.2267, 41.1828 ], [ -8.2097, 41.1778 ], [ -8.2099, 41.1693 ], [ -8.2051, 41.1674 ], [ -8.1986, 41.172 ], [ -8.1947, 41.1703 ], [ -8.1914, 41.1658 ], [ -8.1946, 41.1603 ], [ -8.2038, 41.1519 ], [ -8.2104, 41.1517 ], [ -8.2155, 41.1475 ], [ -8.2296, 41.1435 ], [ -8.2311, 41.1327 ], [ -8.2267, 41.1309 ], [ -8.2267, 41.1292 ], [ -8.248, 41.1099 ], [ -8.2521, 41.1009 ], [ -8.2585, 41.0975 ], [ -8.2827, 41.0935 ], [ -8.2903, 41.0862 ], [ -8.2929, 41.0801 ], [ -8.2983, 41.077 ], [ -8.3007, 41.0697 ], [ -8.3134, 41.059 ], [ -8.3258, 41.0584 ], [ -8.3327, 41.0539 ] ] ] ] } },
{ "type": "Feature", "properties": { "GID_2": "PRT.15.12_1", "GID_0": "PRT", "COUNTRY": "Portugal", "GID_1": "PRT.15_1", "NAME_1": "Porto", "NL_NAME_1": "NA", "NAME_2": "Porto", "VARNAME_2": "NA", "NL_NAME_2": "NA", "TYPE_2": "Concelho", "ENGTYPE_2": "Municipality", "CC_2": "1312", "HASC_2": "PT.PO.PO" }, "geometry": { "type": "MultiPolygon", "coordinates": [ [ [ [ -8.6218, 41.1804 ], [ -8.616, 41.1843 ], [ -8.6041, 41.1859 ], [ -8.5903, 41.1799 ], [ -8.5841, 41.1814 ], [ -8.5759, 41.1809 ], [ -8.566, 41.1759 ], [ -8.5679, 41.1739 ], [ -8.5672, 41.1715 ], [ -8.5703, 41.17 ], [ -8.5707, 41.1681 ], [ -8.5669, 41.1669 ], [ -8.566, 41.1614 ], [ -8.5587, 41.1561 ], [ -8.5545, 41.1597 ], [ -8.5526, 41.1582 ], [ -8.5548, 41.1573 ], [ -8.5549, 41.153 ], [ -8.5623, 41.1496 ], [ -8.5637, 41.1464 ], [ -8.5689, 41.1474 ], [ -8.5701, 41.1448 ], [ -8.5735, 41.1441 ], [ -8.5721, 41.1427 ], [ -8.5757, 41.14 ], [ -8.5779, 41.1419 ], [ -8.5821, 41.1424 ], [ -8.5942, 41.1384 ], [ -8.6009, 41.1412 ], [ -8.6156, 41.1389 ], [ -8.6391, 41.1475 ], [ -8.661, 41.1428 ], [ -8.6678, 41.143 ], [ -8.6709, 41.1465 ], [ -8.6749, 41.1471 ], [ -8.6837, 41.158 ], [ -8.6855, 41.1577 ], [ -8.6863, 41.1629 ], [ -8.6913, 41.1688 ], [ -8.6888, 41.1699 ], [ -8.6901, 41.1734 ], [ -8.6758, 41.172 ], [ -8.6667, 41.1791 ], [ -8.6618, 41.177 ], [ -8.6578, 41.1774 ], [ -8.6426, 41.1843 ], [ -8.6326, 41.1793 ], [ -8.6218, 41.1804 ] ], [ [ -8.6904, 41.1691 ], [ -8.6903, 41.1691 ], [ -8.6903, 41.1692 ], [ -8.6904, 41.1691 ] ] ] ] } },
{ "type": "Feature", "properties": { "GID_2": "PRT.15.13_1", "GID_0": "PRT", "COUNTRY": "Portugal", "GID_1": "PRT.15_1", "NAME_1": "Porto", "NL_NAME_1": "NA", "NAME_2": "PóvoadeVarzim", "VARNAME_2": "NA", "NL_NAME_2": "NA", "TYPE_2": "Concelho", "ENGTYPE_2": "Municipality", "CC_2": "1313", "HASC_2": "PT.PO.PV" }, "geometry": { "type": "MultiPolygon", "coordinates": [ [ [ [ -8.7292, 41.3863 ], [ -8.7303, 41.3846 ], [ -8.7292, 41.3789 ], [ -8.7223, 41.3745 ], [ -8.7218, 41.368 ], [ -8.7396, 41.3646 ], [ -8.74, 41.3697 ], [ -8.7533, 41.3739 ], [ -8.7633, 41.3724 ], [ -8.7626, 41.375 ], [ -8.7665, 41.3772 ], [ -8.7677, 41.3746 ], [ -8.7665, 41.3739 ], [ -8.7689, 41.374 ], [ -8.7712, 41.3704 ], [ -8.7718, 41.3706 ], [ -8.7687, 41.3758 ], [ -8.7694, 41.3793 ], [ -8.7721, 41.3846 ], [ -8.7746, 41.386 ], [ -8.7746, 41.3915 ], [ -8.7785, 41.3963 ], [ -8.7774, 41.4012 ], [ -8.7868, 41.4151 ], [ -8.784, 41.4218 ], [ -8.7837, 41.4318 ], [ -8.7785, 41.4487 ], [ -8.7751, 41.4712 ], [ -8.7688, 41.4688 ], [ -8.7526, 41.4661 ], [ -8.7457, 41.4686 ], [ -8.7402, 41.4637 ], [ -8.7395, 41.4606 ], [ -8.7295, 41.4536 ], [ -8.7198, 41.4553 ], [ -8.7093, 41.4535 ], [ -8.7086, 41.4502 ], [ -8.7007, 41.4421 ], [ -8.6832, 41.4492 ], [ -8.6681, 41.4446 ], [ -8.6624, 41.4415 ], [ -8.6574, 41.4363 ], [ -8.651, 41.4258 ], [ -8.6501, 41.4197 ], [ -8.6403, 41.4176 ], [ -8.6346, 41.4187 ], [ -8.6293, 41.4141 ], [ -8.6227, 41.4149 ], [ -8.6224, 41.4098 ], [ -8.6158, 41.4105 ], [ -8.6134, 41.4082 ], [ -8.6052, 41.4127 ], [ -8.5958, 41.4007 ], [ -8.5907, 41.4001 ], [ -8.5917, 41.3939 ], [ -8.6102, 41.3913 ], [ -8.6101, 41.3888 ], [ -8.617, 41.3872 ], [ -8.6233, 41.3827 ], [ -8.6293, 41.3864 ], [ -8.6315, 41.3898 ], [ -8.6407, 41.3944 ], [ -8.6479, 41.4061 ], [ -8.6512, 41.408 ], [ -8.6538, 41.4071 ], [ -8.6555, 41.4111 ], [ -8.6658, 41.4082 ], [ -8.6682, 41.4101 ], [ -8.6714, 41.4075 ], [ -8.6737, 41.4113 ], [ -8.7019, 41.4257 ], [ -8.7158, 41.4131 ], [ -8.711, 41.4078 ], [ -8.71, 41.4033 ], [ -8.7129, 41.3986 ], [ -8.7098, 41.3967 ], [ -8.7144, 41.3938 ], [ -8.7204, 41.3952 ], [ -8.7234, 41.3893 ], [ -8.7292, 41.3863 ] ] ] ] } },
{ "type": "Feature", "properties": { "GID_2": "PRT.15.14_1", "GID_0": "PRT", "COUNTRY": "Portugal", "GID_1": "PRT.15_1", "NAME_1": "Porto", "NL_NAME_1": "NA", "NAME_2": "SantoTirso", "VARNAME_2": "NA", "NL_NAME_2": "NA", "TYPE_2": "Concelho", "ENGTYPE_2": "Municipality", "CC_2": "1314", "HASC_2": "PT.PO.ST" }, "geometry": { "type": "MultiPolygon", "coordinates": [ [ [ [ -8.5198, 41.2689 ], [ -8.5156, 41.2742 ], [ -8.5153, 41.2893 ], [ -8.5105, 41.2932 ], [ -8.5076, 41.2988 ], [ -8.5101, 41.3022 ], [ -8.5088, 41.3117 ], [ -8.5129, 41.3205 ], [ -8.512, 41.3294 ], [ -8.5062, 41.3393 ], [ -8.5077, 41.3441 ], [ -8.5162, 41.3463 ], [ -8.5142, 41.3494 ], [ -8.5173, 41.354 ], [ -8.5096, 41.3604 ], [ -8.5076, 41.3638 ], [ -8.5028, 41.3635 ], [ -8.5014, 41.3683 ], [ -8.4959, 41.3682 ], [ -8.4911, 41.3701 ], [ -8.4832, 41.3685 ], [ -8.4752, 41.3724 ], [ -8.4712, 41.3729 ], [ -8.4682, 41.3712 ], [ -8.4637, 41.3738 ], [ -8.4523, 41.3756 ], [ -8.4493, 41.374 ], [ -8.4489, 41.3698 ], [ -8.4445, 41.3669 ], [ -8.4417, 41.3626 ], [ -8.4317, 41.3629 ], [ -8.4225, 41.366 ], [ -8.4119, 41.3759 ], [ -8.4063, 41.3785 ], [ -8.4069, 41.3803 ], [ -8.404, 41.3835 ], [ -8.3994, 41.3843 ], [ -8.3843, 41.3809 ], [ -8.3945, 41.3728 ], [ -8.3956, 41.3692 ], [ -8.3942, 41.3619 ], [ -8.384, 41.3648 ], [ -8.3828, 41.3672 ], [ -8.3788, 41.3683 ], [ -8.3746, 41.3623 ], [ -8.3652, 41.3635 ], [ -8.3614, 41.3661 ], [ -8.3569, 41.3652 ], [ -8.3452, 41.3715 ], [ -8.3427, 41.3756 ], [ -8.3356, 41.3745 ], [ -8.3299, 41.377 ], [ -8.3261, 41.3769 ], [ -8.3256, 41.3725 ], [ -8.3281, 41.3658 ], [ -8.3238, 41.3621 ], [ -8.3223, 41.3574 ], [ -8.3198, 41.3552 ], [ -8.318, 41.356 ], [ -8.3164, 41.3513 ], [ -8.3187, 41.347 ], [ -8.3397, 41.335 ], [ -8.347, 41.3359 ], [ -8.3518, 41.3337 ], [ -8.371, 41.3324 ], [ -8.3757, 41.3358 ], [ -8.3842, 41.3372 ], [ -8.3948, 41.3334 ], [ -8.3937, 41.3325 ], [ -8.3953, 41.331 ], [ -8.3998, 41.3292 ], [ -8.3955, 41.3266 ], [ -8.3918, 41.3214 ], [ -8.396, 41.3129 ], [ -8.4053, 41.3066 ], [ -8.4299, 41.298 ], [ -8.4293, 41.2869 ], [ -8.4338, 41.278 ], [ -8.4503, 41.262 ], [ -8.4492, 41.2598 ], [ -8.4501, 41.2551 ], [ -8.454, 41.2445 ], [ -8.4638, 41.2444 ], [ -8.496, 41.2381 ], [ -8.5125, 41.2494 ], [ -8.5151, 41.2614 ], [ -8.5198, 41.2689 ] ] ] ] } },
{ "type": "Feature", "properties": { "GID_2": "PRT.15.15_1", "GID_0": "PRT", "COUNTRY": "Portugal", "GID_1": "PRT.15_1", "NAME_1": "Porto", "NL_NAME_1": "NA", "NAME_2": "Trofa", "VARNAME_2": "NA", "NL_NAME_2": "NA", "TYPE_2": "Concelho", "ENGTYPE_2": "Municipality", "CC_2": "1318", "HASC_2": "PT.PO.TR" }, "geometry": { "type": "MultiPolygon", "coordinates": [ [ [ [ -8.5805, 41.2693 ], [ -8.5868, 41.2772 ], [ -8.5911, 41.2798 ], [ -8.591, 41.285 ], [ -8.6021, 41.2804 ], [ -8.6085, 41.2915 ], [ -8.6218, 41.2954 ], [ -8.6281, 41.3093 ], [ -8.6311, 41.3109 ], [ -8.6345, 41.3196 ], [ -8.6316, 41.3299 ], [ -8.622, 41.3425 ], [ -8.621, 41.3412 ], [ -8.6228, 41.3379 ], [ -8.6205, 41.3358 ], [ -8.6129, 41.3415 ], [ -8.6037, 41.3386 ], [ -8.6026, 41.3454 ], [ -8.5978, 41.3469 ], [ -8.5687, 41.3464 ], [ -8.5589, 41.3443 ], [ -8.5502, 41.3479 ], [ -8.5439, 41.3468 ], [ -8.5378, 41.3431 ], [ -8.5289, 41.3467 ], [ -8.5162, 41.3463 ], [ -8.5075, 41.344 ], [ -8.5068, 41.3363 ], [ -8.512, 41.3294 ], [ -8.5129, 41.3205 ], [ -8.5088, 41.3117 ], [ -8.5101, 41.3022 ], [ -8.5076, 41.2988 ], [ -8.5105, 41.2932 ], [ -8.5153, 41.2893 ], [ -8.5153, 41.2858 ], [ -8.5196, 41.2883 ], [ -8.5246, 41.2879 ], [ -8.5249, 41.2865 ], [ -8.5306, 41.2854 ], [ -8.5363, 41.2818 ], [ -8.5362, 41.2803 ], [ -8.541, 41.2765 ], [ -8.5388, 41.2741 ], [ -8.549, 41.2749 ], [ -8.5568, 41.272 ], [ -8.5607, 41.2676 ], [ -8.5596, 41.2651 ], [ -8.5614, 41.2594 ], [ -8.5652, 41.2614 ], [ -8.5669, 41.2583 ], [ -8.575, 41.2595 ], [ -8.5805, 41.2693 ] ] ] ] } },
{ "type": "Feature", "properties": { "GID_2": "PRT.15.16_1", "GID_0": "PRT", "COUNTRY": "Portugal", "GID_1": "PRT.15_1", "NAME_1": "Porto", "NL_NAME_1": "NA", "NAME_2": "Valongo", "VARNAME_2": "NA", "NL_NAME_2": "NA", "TYPE_2": "Concelho", "ENGTYPE_2": "Municipality", "CC_2": "1315", "HASC_2": "PT.PO.VA" }, "geometry": { "type": "MultiPolygon", "coordinates": [ [ [ [ -8.457, 41.1919 ], [ -8.4584, 41.1887 ], [ -8.4517, 41.1885 ], [ -8.4483, 41.1805 ], [ -8.4449, 41.1793 ], [ -8.4423, 41.174 ], [ -8.4439, 41.1713 ], [ -8.442, 41.1674 ], [ -8.4517, 41.1632 ], [ -8.4521, 41.1611 ], [ -8.4537, 41.1611 ], [ -8.471, 41.1408 ], [ -8.4824, 41.1475 ], [ -8.4944, 41.1457 ], [ -8.4957, 41.1594 ], [ -8.5007, 41.1696 ], [ -8.5089, 41.1833 ], [ -8.5236, 41.2006 ], [ -8.5273, 41.2033 ], [ -8.5409, 41.2028 ], [ -8.5454, 41.2002 ], [ -8.5484, 41.2009 ], [ -8.551, 41.1974 ], [ -8.555, 41.1967 ], [ -8.5575, 41.2058 ], [ -8.5628, 41.2078 ], [ -8.5629, 41.2117 ], [ -8.5596, 41.2142 ], [ -8.5591, 41.2199 ], [ -8.5626, 41.2214 ], [ -8.5607, 41.222 ], [ -8.5651, 41.2271 ], [ -8.5659, 41.2317 ], [ -8.5647, 41.2347 ], [ -8.5707, 41.2404 ], [ -8.5678, 41.2401 ], [ -8.5628, 41.2358 ], [ -8.553, 41.2337 ], [ -8.5488, 41.231 ], [ -8.5435, 41.2322 ], [ -8.544, 41.2339 ], [ -8.5346, 41.2476 ], [ -8.5289, 41.2628 ], [ -8.5203, 41.269 ], [ -8.5151, 41.2614 ], [ -8.5125, 41.2494 ], [ -8.496, 41.2381 ], [ -8.4638, 41.2444 ], [ -8.454, 41.2445 ], [ -8.4523, 41.2472 ], [ -8.4521, 41.2433 ], [ -8.4401, 41.2445 ], [ -8.4429, 41.2421 ], [ -8.4488, 41.2427 ], [ -8.4505, 41.2404 ], [ -8.4494, 41.2386 ], [ -8.4426, 41.2373 ], [ -8.4438, 41.2335 ], [ -8.4403, 41.2309 ], [ -8.4406, 41.2256 ], [ -8.4427, 41.223 ], [ -8.444, 41.2172 ], [ -8.4509, 41.2091 ], [ -8.4523, 41.2032 ], [ -8.4468, 41.1999 ], [ -8.4466, 41.1971 ], [ -8.4513, 41.1927 ], [ -8.457, 41.1919 ] ] ] ] } },
{ "type": "Feature", "properties": { "GID_2": "PRT.15.17_1", "GID_0": "PRT", "COUNTRY": "Portugal", "GID_1": "PRT.15_1", "NAME_1": "Porto", "NL_NAME_1": "NA", "NAME_2": "ViladoConde", "VARNAME_2": "NA", "NL_NAME_2": "NA", "TYPE_2": "Concelho", "ENGTYPE_2": "Municipality", "CC_2": "1316", "HASC_2": "PT.PO.VC" }, "geometry": { "type": "MultiPolygon", "coordinates": [ [ [ [ -8.6871, 41.2577 ], [ -8.6901, 41.2555 ], [ -8.6921, 41.2569 ], [ -8.6945, 41.2558 ], [ -8.6988, 41.2566 ], [ -8.7028, 41.264 ], [ -8.7014, 41.2646 ], [ -8.7017, 41.2695 ], [ -8.7055, 41.2731 ], [ -8.7127, 41.2715 ], [ -8.7145, 41.2698 ], [ -8.7171, 41.2705 ], [ -8.7177, 41.2688 ], [ -8.7205, 41.2706 ], [ -8.7265, 41.2704 ], [ -8.7329, 41.2904 ], [ -8.7365, 41.296 ], [ -8.7365, 41.3035 ], [ -8.7385, 41.3037 ], [ -8.7371, 41.3063 ], [ -8.7399, 41.3099 ], [ -8.7393, 41.3324 ], [ -8.7457, 41.3407 ], [ -8.7476, 41.341 ], [ -8.7498, 41.3366 ], [ -8.7503, 41.3402 ], [ -8.7554, 41.3428 ], [ -8.7542, 41.3474 ], [ -8.7557, 41.3511 ], [ -8.7551, 41.3549 ], [ -8.7583, 41.3602 ], [ -8.7614, 41.3617 ], [ -8.7612, 41.3648 ], [ -8.7628, 41.3654 ], [ -8.7636, 41.3669 ], [ -8.7619, 41.3663 ], [ -8.7617, 41.3679 ], [ -8.766, 41.3695 ], [ -8.7679, 41.372 ], [ -8.7642, 41.3692 ], [ -8.7636, 41.3728 ], [ -8.7536, 41.374 ], [ -8.748, 41.373 ], [ -8.74, 41.3697 ], [ -8.7396, 41.3646 ], [ -8.7218, 41.368 ], [ -8.7223, 41.3745 ], [ -8.7292, 41.3789 ], [ -8.7303, 41.3846 ], [ -8.7234, 41.3893 ], [ -8.7205, 41.3952 ], [ -8.7144, 41.3938 ], [ -8.7098, 41.3967 ], [ -8.7129, 41.3986 ], [ -8.71, 41.4033 ], [ -8.711, 41.4078 ], [ -8.7158, 41.4131 ], [ -8.7019, 41.4257 ], [ -8.6737, 41.4113 ], [ -8.6714, 41.4075 ], [ -8.6682, 41.4101 ], [ -8.6658, 41.4082 ], [ -8.6558, 41.4112 ], [ -8.6538, 41.4071 ], [ -8.6512, 41.408 ], [ -8.6479, 41.4061 ], [ -8.6407, 41.3944 ], [ -8.6308, 41.3892 ], [ -8.6207, 41.3793 ], [ -8.6213, 41.3763 ], [ -8.6183, 41.3725 ], [ -8.6154, 41.3646 ], [ -8.6163, 41.3548 ], [ -8.6128, 41.3513 ], [ -8.6106, 41.3411 ], [ -8.6134, 41.3414 ], [ -8.6211, 41.3359 ], [ -8.6228, 41.3379 ], [ -8.621, 41.3412 ], [ -8.622, 41.3425 ], [ -8.6316, 41.3299 ], [ -8.6345, 41.3196 ], [ -8.6311, 41.3109 ], [ -8.6281, 41.3093 ], [ -8.6218, 41.2962 ], [ -8.6248, 41.2853 ], [ -8.6314, 41.28 ], [ -8.6459, 41.2774 ], [ -8.6527, 41.2742 ], [ -8.6539, 41.264 ], [ -8.6506, 41.2604 ], [ -8.6576, 41.2561 ], [ -8.6658, 41.2624 ], [ -8.6828, 41.2613 ], [ -8.6871, 41.2577 ] ] ] ] } },
{ "type": "Feature", "properties": { "GID_2": "PRT.15.18_1", "GID_0": "PRT", "COUNTRY": "Portugal", "GID_1": "PRT.15_1", "NAME_1": "Porto", "NL_NAME_1": "NA", "NAME_2": "VilaNovadeGaia", "VARNAME_2": "NA", "NL_NAME_2": "NA", "TYPE_2": "Concelho", "ENGTYPE_2": "Municipality", "CC_2": "1317", "HASC_2": "PT.PO.VG" }, "geometry": { "type": "MultiPolygon", "coordinates": [ [ [ [ -8.6021, 41.0095 ], [ -8.6028, 41.0102 ], [ -8.594, 41.0142 ], [ -8.6058, 41.0258 ], [ -8.6183, 41.0202 ], [ -8.6228, 41.0198 ], [ -8.623, 41.0187 ], [ -8.631, 41.0184 ], [ -8.6354, 41.0153 ], [ -8.645, 41.016 ], [ -8.6449, 41.0254 ], [ -8.6468, 41.0272 ], [ -8.6467, 41.0326 ], [ -8.6563, 41.0521 ], [ -8.6568, 41.0612 ], [ -8.6582, 41.0627 ], [ -8.6574, 41.0679 ], [ -8.6594, 41.0691 ], [ -8.6575, 41.0907 ], [ -8.6602, 41.0956 ], [ -8.6598, 41.0982 ], [ -8.6627, 41.1007 ], [ -8.6625, 41.1042 ], [ -8.6655, 41.1059 ], [ -8.6638, 41.1064 ], [ -8.6656, 41.1081 ], [ -8.6634, 41.1169 ], [ -8.6685, 41.1215 ], [ -8.6715, 41.1343 ], [ -8.6682, 41.1396 ], [ -8.6746, 41.1471 ], [ -8.6709, 41.1465 ], [ -8.6678, 41.143 ], [ -8.661, 41.1428 ], [ -8.648, 41.1463 ], [ -8.6367, 41.1472 ], [ -8.6156, 41.1389 ], [ -8.6009, 41.1412 ], [ -8.5942, 41.1384 ], [ -8.585, 41.1422 ], [ -8.5779, 41.1419 ], [ -8.5737, 41.1371 ], [ -8.5688, 41.1262 ], [ -8.549, 41.1221 ], [ -8.5364, 41.1063 ], [ -8.528, 41.1005 ], [ -8.5189, 41.078 ], [ -8.5138, 41.0726 ], [ -8.5066, 41.0704 ], [ -8.4993, 41.0705 ], [ -8.4788, 41.0754 ], [ -8.4704, 41.0753 ], [ -8.4668, 41.0732 ], [ -8.458, 41.0612 ], [ -8.4487, 41.0535 ], [ -8.4516, 41.05 ], [ -8.4514, 41.0474 ], [ -8.4568, 41.0424 ], [ -8.466, 41.0483 ], [ -8.4772, 41.0517 ], [ -8.4769, 41.0529 ], [ -8.4862, 41.0527 ], [ -8.4895, 41.0492 ], [ -8.4926, 41.0396 ], [ -8.4817, 41.0349 ], [ -8.4757, 41.034 ], [ -8.4759, 41.0315 ], [ -8.4696, 41.0323 ], [ -8.4666, 41.0303 ], [ -8.475, 41.0285 ], [ -8.4775, 41.0248 ], [ -8.4917, 41.0224 ], [ -8.4887, 41.0129 ], [ -8.4947, 41.0104 ], [ -8.4976, 41.0117 ], [ -8.5056, 41.0096 ], [ -8.5153, 41.0157 ], [ -8.5277, 41.0357 ], [ -8.5284, 41.0405 ], [ -8.5357, 41.0364 ], [ -8.5418, 41.0374 ], [ -8.5415, 41.0359 ], [ -8.5549, 41.0264 ], [ -8.5541, 41.0231 ], [ -8.5575, 41.0183 ], [ -8.5572, 41.0156 ], [ -8.5659, 41.0138 ], [ -8.5887, 41.0134 ], [ -8.5976, 41.0096 ], [ -8.6021, 41.0095 ] ] ] ] } },
{ "type": "Feature", "properties": { "GID_2": "PRT.18.1_1", "GID_0": "PRT", "COUNTRY": "Portugal", "GID_1": "PRT.18_1", "NAME_1": "VianadoCastelo", "NL_NAME_1": "NA", "NAME_2": "ArcosdeValdevez", "VARNAME_2": "NA", "NL_NAME_2": "NA", "TYPE_2": "Concelho", "ENGTYPE_2": "Municipality", "CC_2": "1601", "HASC_2": "PT.VC.AV" }, "geometry": { "type": "MultiPolygon", "coordinates": [ [ [ [ -8.4854, 41.7925 ], [ -8.4981, 41.7908 ], [ -8.5081, 41.7934 ], [ -8.514, 41.7924 ], [ -8.5166, 41.7935 ], [ -8.5176, 41.7981 ], [ -8.5151, 41.8011 ], [ -8.519, 41.8059 ], [ -8.5227, 41.8057 ], [ -8.5235, 41.8075 ], [ -8.5215, 41.8199 ], [ -8.5195, 41.8226 ], [ -8.5265, 41.8236 ], [ -8.5297, 41.8265 ], [ -8.531, 41.8302 ], [ -8.5285, 41.8404 ], [ -8.5238, 41.8479 ], [ -8.523, 41.8577 ], [ -8.5131, 41.8681 ], [ -8.5146, 41.8754 ], [ -8.508, 41.8789 ], [ -8.5061, 41.8839 ], [ -8.4993, 41.8848 ], [ -8.4989, 41.8884 ], [ -8.4903, 41.8969 ], [ -8.4885, 41.9015 ], [ -8.4911, 41.9077 ], [ -8.4887, 41.9125 ], [ -8.4924, 41.9149 ], [ -8.4942, 41.9206 ], [ -8.4933, 41.9236 ], [ -8.5078, 41.9377 ], [ -8.508, 41.9443 ], [ -8.5048, 41.9482 ], [ -8.5046, 41.9523 ], [ -8.5012, 41.9574 ], [ -8.501, 41.9606 ], [ -8.4944, 41.966 ], [ -8.4846, 41.9659 ], [ -8.4721, 41.9734 ], [ -8.4618, 41.971 ], [ -8.4542, 41.9736 ], [ -8.4491, 41.9726 ], [ -8.4386, 41.9737 ], [ -8.4372, 41.9766 ], [ -8.4336, 41.976 ], [ -8.4309, 41.9776 ], [ -8.4014, 41.9757 ], [ -8.3945, 41.9784 ], [ -8.3834, 41.9783 ], [ -8.3762, 41.9815 ], [ -8.3647, 41.9816 ], [ -8.3606, 41.9801 ], [ -8.3605, 41.9836 ], [ -8.3581, 41.982 ], [ -8.3559, 41.9841 ], [ -8.3534, 41.9826 ], [ -8.3496, 41.9833 ], [ -8.3445, 41.9855 ], [ -8.342, 41.99 ], [ -8.3364, 41.9878 ], [ -8.3294, 41.9919 ], [ -8.3316, 41.9948 ], [ -8.3305, 41.9964 ], [ -8.3174, 41.9947 ], [ -8.3154, 41.9961 ], [ -8.3047, 41.9954 ], [ -8.2975, 41.9923 ], [ -8.293, 41.9921 ], [ -8.2885, 41.9777 ], [ -8.2864, 41.9754 ], [ -8.279, 41.9728 ], [ -8.2658, 41.981 ], [ -8.2663, 41.9837 ], [ -8.2635, 41.9928 ], [ -8.2644, 41.9969 ], [ -8.2519, 42.0119 ], [ -8.2366, 42.0143 ], [ -8.2229, 42.0069 ], [ -8.204, 42.0187 ], [ -8.1998, 42.0159 ], [ -8.194, 42.0174 ], [ -8.1918, 42.0076 ], [ -8.1947, 41.9967 ], [ -8.1917, 41.9898 ], [ -8.1972, 41.9839 ], [ -8.1983, 41.9781 ], [ -8.2044, 41.9675 ], [ -8.2153, 41.9576 ], [ -8.2177, 41.9461 ], [ -8.2102, 41.9236 ], [ -8.212, 41.9186 ], [ -8.2169, 41.9132 ], [ -8.2168, 41.9053 ], [ -8.2143, 41.9012 ], [ -8.2154, 41.8988 ], [ -8.2055, 41.8937 ], [ -8.2013, 41.8881 ], [ -8.2005, 41.8828 ], [ -8.1979, 41.8795 ], [ -8.2007, 41.8782 ], [ -8.1997, 41.8735 ], [ -8.205, 41.8712 ], [ -8.2138, 41.8727 ], [ -8.2177, 41.8677 ], [ -8.2269, 41.871 ], [ -8.2314, 41.8676 ], [ -8.2399, 41.8644 ], [ -8.2428, 41.8669 ], [ -8.2452, 41.8667 ], [ -8.2479, 41.8618 ], [ -8.2594, 41.8614 ], [ -8.2641, 41.8591 ], [ -8.2759, 41.8597 ], [ -8.2835, 41.8575 ], [ -8.2879, 41.8538 ], [ -8.2891, 41.8445 ], [ -8.2952, 41.8419 ], [ -8.2995, 41.8363 ], [ -8.3101, 41.8286 ], [ -8.3283, 41.8239 ], [ -8.3297, 41.8209 ], [ -8.3324, 41.8203 ], [ -8.3332, 41.8157 ], [ -8.3349, 41.8148 ], [ -8.3436, 41.8124 ], [ -8.358, 41.8124 ], [ -8.3706, 41.8101 ], [ -8.3788, 41.8121 ], [ -8.3836, 41.8158 ], [ -8.3922, 41.813 ], [ -8.4025, 41.8144 ], [ -8.4051, 41.8102 ], [ -8.4094, 41.8078 ], [ -8.4165, 41.8106 ], [ -8.4233, 41.8096 ], [ -8.428, 41.8062 ], [ -8.4485, 41.8063 ], [ -8.4718, 41.8018 ], [ -8.4781, 41.7952 ], [ -8.4854, 41.7925 ] ] ] ] } },
{ "type": "Feature", "properties": { "GID_2": "PRT.18.2_1", "GID_0": "PRT", "COUNTRY": "Portugal", "GID_1": "PRT.18_1", "NAME_1": "VianadoCastelo", "NL_NAME_1": "NA", "NAME_2": "Caminha", "VARNAME_2": "NA", "NL_NAME_2": "NA", "TYPE_2": "Concelho", "ENGTYPE_2": "Municipality", "CC_2": "1602", "HASC_2": "PT.VC.CA" }, "geometry": { "type": "MultiPolygon", "coordinates": [ [ [ [ -8.8749, 41.7976 ], [ -8.8685, 41.8015 ], [ -8.8643, 41.811 ], [ -8.8618, 41.8093 ], [ -8.8601, 41.8104 ], [ -8.866, 41.8135 ], [ -8.8743, 41.821 ], [ -8.8735, 41.8271 ], [ -8.8763, 41.831 ], [ -8.876, 41.8371 ], [ -8.8724, 41.8424 ], [ -8.8668, 41.8457 ], [ -8.866, 41.8493 ], [ -8.8676, 41.8593 ], [ -8.8733, 41.8699 ], [ -8.8654, 41.8741 ], [ -8.863, 41.872 ], [ -8.851, 41.8771 ], [ -8.8282, 41.8991 ], [ -8.8213, 41.9092 ], [ -8.8184, 41.9113 ], [ -8.805, 41.9148 ], [ -8.7937, 41.915 ], [ -8.7857, 41.9174 ], [ -8.7817, 41.9164 ], [ -8.7743, 41.907 ], [ -8.7741, 41.8986 ], [ -8.7771, 41.8956 ], [ -8.7676, 41.8928 ], [ -8.7684, 41.8903 ], [ -8.7661, 41.8889 ], [ -8.7648, 41.8843 ], [ -8.7598, 41.8806 ], [ -8.7525, 41.8812 ], [ -8.7504, 41.8762 ], [ -8.7452, 41.8752 ], [ -8.7439, 41.8771 ], [ -8.7388, 41.8732 ], [ -8.7363, 41.8773 ], [ -8.7335, 41.8769 ], [ -8.7236, 41.8716 ], [ -8.7235, 41.8674 ], [ -8.7263, 41.8653 ], [ -8.7247, 41.8641 ], [ -8.7105, 41.8677 ], [ -8.7008, 41.8567 ], [ -8.6701, 41.8468 ], [ -8.6789, 41.8409 ], [ -8.6793, 41.8358 ], [ -8.6773, 41.8286 ], [ -8.6789, 41.8235 ], [ -8.684, 41.8223 ], [ -8.6902, 41.8142 ], [ -8.7117, 41.8248 ], [ -8.7131, 41.8211 ], [ -8.7186, 41.8211 ], [ -8.7242, 41.8186 ], [ -8.7322, 41.8245 ], [ -8.7399, 41.8265 ], [ -8.744, 41.8297 ], [ -8.7478, 41.8278 ], [ -8.7521, 41.8233 ], [ -8.757, 41.8211 ], [ -8.7559, 41.8193 ], [ -8.7594, 41.8189 ], [ -8.7587, 41.8161 ], [ -8.7604, 41.8146 ], [ -8.7557, 41.7962 ], [ -8.7627, 41.7955 ], [ -8.7655, 41.7969 ], [ -8.7697, 41.7947 ], [ -8.7717, 41.7982 ], [ -8.7699, 41.7998 ], [ -8.7805, 41.8034 ], [ -8.7826, 41.8008 ], [ -8.7887, 41.8002 ], [ -8.7907, 41.7981 ], [ -8.7932, 41.8006 ], [ -8.7929, 41.8042 ], [ -8.7911, 41.8044 ], [ -8.7921, 41.8058 ], [ -8.8033, 41.8045 ], [ -8.8049, 41.8023 ], [ -8.8116, 41.8019 ], [ -8.8238, 41.804 ], [ -8.8311, 41.803 ], [ -8.8361, 41.8004 ], [ -8.8375, 41.7974 ], [ -8.8373, 41.7912 ], [ -8.8437, 41.7808 ], [ -8.8542, 41.7886 ], [ -8.8749, 41.796 ], [ -8.8749, 41.7976 ] ] ] ] } },
{ "type": "Feature", "properties": { "GID_2": "PRT.18.3_1", "GID_0": "PRT", "COUNTRY": "Portugal", "GID_1": "PRT.18_1", "NAME_1": "VianadoCastelo", "NL_NAME_1": "NA", "NAME_2": "Melgaço", "VARNAME_2": "NA", "NL_NAME_2": "NA", "TYPE_2": "Concelho", "ENGTYPE_2": "Municipality", "CC_2": "1603", "HASC_2": "PT.VC.ME" }, "geometry": { "type": "MultiPolygon", "coordinates": [ [ [ [ -8.2105, 41.9254 ], [ -8.2176, 41.9444 ], [ -8.217, 41.9528 ], [ -8.2124, 41.9612 ], [ -8.2044, 41.9675 ], [ -8.1983, 41.9781 ], [ -8.1972, 41.9839 ], [ -8.1917, 41.9898 ], [ -8.1947, 41.9967 ], [ -8.1918, 42.0076 ], [ -8.194, 42.0174 ], [ -8.1998, 42.0159 ], [ -8.204, 42.0187 ], [ -8.2229, 42.0069 ], [ -8.2366, 42.0143 ], [ -8.2519, 42.0119 ], [ -8.2644, 41.9969 ], [ -8.2635, 41.9928 ], [ -8.2663, 41.9837 ], [ -8.2658, 41.981 ], [ -8.279, 41.9728 ], [ -8.2864, 41.9754 ], [ -8.2891, 41.9786 ], [ -8.2911, 41.9889 ], [ -8.2931, 41.9921 ], [ -8.2903, 41.9967 ], [ -8.2901, 42.0043 ], [ -8.2928, 42.0074 ], [ -8.2964, 42.0077 ], [ -8.2977, 42.0093 ], [ -8.301, 42.0209 ], [ -8.3057, 42.0261 ], [ -8.3034, 42.0271 ], [ -8.3043, 42.0313 ], [ -8.3099, 42.0401 ], [ -8.3042, 42.0409 ], [ -8.3115, 42.0458 ], [ -8.3155, 42.0442 ], [ -8.3287, 42.0537 ], [ -8.317, 42.0621 ], [ -8.3317, 42.0637 ], [ -8.3343, 42.0688 ], [ -8.3358, 42.0778 ], [ -8.3389, 42.0802 ], [ -8.3422, 42.0796 ], [ -8.3423, 42.0811 ], [ -8.3394, 42.0842 ], [ -8.3318, 42.0839 ], [ -8.3252, 42.0895 ], [ -8.3237, 42.1003 ], [ -8.3171, 42.1045 ], [ -8.3134, 42.103 ], [ -8.3039, 42.1039 ], [ -8.2963, 42.1078 ], [ -8.2949, 42.1111 ], [ -8.2907, 42.1119 ], [ -8.2891, 42.1145 ], [ -8.2736, 42.1241 ], [ -8.263, 42.1209 ], [ -8.2591, 42.1213 ], [ -8.2557, 42.1267 ], [ -8.2561, 42.1346 ], [ -8.2455, 42.1398 ], [ -8.2401, 42.1391 ], [ -8.2308, 42.1329 ], [ -8.2219, 42.1341 ], [ -8.2179, 42.1386 ], [ -8.2066, 42.141 ], [ -8.2003, 42.1488 ], [ -8.2014, 42.1529 ], [ -8.1987, 42.1543 ], [ -8.1964, 42.1527 ], [ -8.1954, 42.1482 ], [ -8.1915, 42.1428 ], [ -8.188, 42.1436 ], [ -8.1908, 42.1402 ], [ -8.1876, 42.1375 ], [ -8.1896, 42.1352 ], [ -8.1886, 42.1337 ], [ -8.1931, 42.1301 ], [ -8.1933, 42.1262 ], [ -8.1911, 42.1182 ], [ -8.1918, 42.1145 ], [ -8.1888, 42.1112 ], [ -8.1859, 42.0982 ], [ -8.1879, 42.0924 ], [ -8.1849, 42.0838 ], [ -8.1865, 42.0814 ], [ -8.1854, 42.0764 ], [ -8.1881, 42.0739 ], [ -8.1821, 42.0651 ], [ -8.1755, 42.0653 ], [ -8.1704, 42.0673 ], [ -8.1596, 42.0758 ], [ -8.1496, 42.0793 ], [ -8.1379, 42.0758 ], [ -8.1214, 42.0828 ], [ -8.1187, 42.0823 ], [ -8.0966, 42.0723 ], [ -8.0882, 42.0576 ], [ -8.0844, 42.0473 ], [ -8.0827, 42.0282 ], [ -8.086, 42.0165 ], [ -8.0931, 42.0118 ], [ -8.115, 42.0049 ], [ -8.1247, 42.0066 ], [ -8.1278, 42.0056 ], [ -8.1407, 41.9887 ], [ -8.163, 41.9827 ], [ -8.1628, 41.9756 ], [ -8.1692, 41.9662 ], [ -8.1695, 41.963 ], [ -8.1736, 41.9624 ], [ -8.1762, 41.9589 ], [ -8.1749, 41.955 ], [ -8.1798, 41.9539 ], [ -8.1891, 41.9475 ], [ -8.1918, 41.9434 ], [ -8.1979, 41.9395 ], [ -8.1978, 41.9375 ], [ -8.2025, 41.9324 ], [ -8.2023, 41.9299 ], [ -8.205, 41.9261 ], [ -8.2102, 41.9236 ], [ -8.2105, 41.9254 ] ] ] ] } },
{ "type": "Feature", "properties": { "GID_2": "PRT.18.4_1", "GID_0": "PRT", "COUNTRY": "Portugal", "GID_1": "PRT.18_1", "NAME_1": "VianadoCastelo", "NL_NAME_1": "NA", "NAME_2": "Monção", "VARNAME_2": "NA", "NL_NAME_2": "NA", "TYPE_2": "Concelho", "ENGTYPE_2": "Municipality", "CC_2": "1604", "HASC_2": "PT.VC.MO" }, "geometry": { "type": "MultiPolygon", "coordinates": [ [ [ [ -8.4681, 41.9723 ], [ -8.4733, 41.973 ], [ -8.4832, 41.9664 ], [ -8.4867, 41.9658 ], [ -8.4986, 41.9662 ], [ -8.5115, 41.9709 ], [ -8.5163, 41.9711 ], [ -8.5192, 41.9693 ], [ -8.5361, 41.9741 ], [ -8.5337, 42.0017 ], [ -8.5295, 42.0126 ], [ -8.5304, 42.0182 ], [ -8.5293, 42.0226 ], [ -8.5317, 42.0293 ], [ -8.5408, 42.0356 ], [ -8.5448, 42.0419 ], [ -8.5444, 42.0466 ], [ -8.5468, 42.054 ], [ -8.5258, 42.063 ], [ -8.5262, 42.0694 ], [ -8.5284, 42.0736 ], [ -8.5264, 42.0771 ], [ -8.5198, 42.0796 ], [ -8.5015, 42.0778 ], [ -8.4861, 42.0819 ], [ -8.4782, 42.0807 ], [ -8.443, 42.0824 ], [ -8.4342, 42.0774 ], [ -8.4311, 42.0729 ], [ -8.4225, 42.0726 ], [ -8.4048, 42.0804 ], [ -8.393, 42.08 ], [ -8.3906, 42.0752 ], [ -8.3816, 42.0764 ], [ -8.371, 42.0883 ], [ -8.3625, 42.0905 ], [ -8.3533, 42.0898 ], [ -8.3394, 42.0842 ], [ -8.3423, 42.0797 ], [ -8.3387, 42.0801 ], [ -8.3358, 42.0778 ], [ -8.3343, 42.0688 ], [ -8.3317, 42.0638 ], [ -8.317, 42.0621 ], [ -8.3287, 42.0537 ], [ -8.3155, 42.0442 ], [ -8.3115, 42.0458 ], [ -8.3042, 42.0409 ], [ -8.3099, 42.0401 ], [ -8.3038, 42.0299 ], [ -8.3034, 42.0271 ], [ -8.3057, 42.026 ], [ -8.301, 42.0209 ], [ -8.2968, 42.008 ], [ -8.2909, 42.0056 ], [ -8.2894, 42.0009 ], [ -8.2931, 41.9921 ], [ -8.2975, 41.9923 ], [ -8.3047, 41.9954 ], [ -8.3154, 41.9961 ], [ -8.3174, 41.9947 ], [ -8.3305, 41.9964 ], [ -8.3316, 41.9948 ], [ -8.3294, 41.9919 ], [ -8.3364, 41.9878 ], [ -8.342, 41.99 ], [ -8.3445, 41.9855 ], [ -8.3496, 41.9833 ], [ -8.3534, 41.9826 ], [ -8.3559, 41.9841 ], [ -8.3581, 41.982 ], [ -8.3605, 41.9836 ], [ -8.3606, 41.9801 ], [ -8.3647, 41.9816 ], [ -8.3762, 41.9815 ], [ -8.3834, 41.9783 ], [ -8.3945, 41.9784 ], [ -8.4014, 41.9757 ], [ -8.4309, 41.9776 ], [ -8.4336, 41.976 ], [ -8.4372, 41.9766 ], [ -8.4386, 41.9737 ], [ -8.4491, 41.9726 ], [ -8.4542, 41.9736 ], [ -8.4618, 41.971 ], [ -8.4681, 41.9723 ] ] ] ] } },
{ "type": "Feature", "properties": { "GID_2": "PRT.18.5_1", "GID_0": "PRT", "COUNTRY": "Portugal", "GID_1": "PRT.18_1", "NAME_1": "VianadoCastelo", "NL_NAME_1": "NA", "NAME_2": "ParedesdeCoura", "VARNAME_2": "NA", "NL_NAME_2": "NA", "TYPE_2": "Concelho", "ENGTYPE_2": "Municipality", "CC_2": "1605", "HASC_2": "PT.VC.PC" }, "geometry": { "type": "MultiPolygon", "coordinates": [ [ [ [ -8.6221, 41.8443 ], [ -8.6265, 41.848 ], [ -8.6333, 41.8488 ], [ -8.6386, 41.8542 ], [ -8.646, 41.8588 ], [ -8.6513, 41.8563 ], [ -8.6566, 41.8584 ], [ -8.6584, 41.8683 ], [ -8.6686, 41.8795 ], [ -8.6718, 41.8855 ], [ -8.6754, 41.8877 ], [ -8.6698, 41.8888 ], [ -8.661, 41.8857 ], [ -8.6588, 41.8963 ], [ -8.6569, 41.8976 ], [ -8.6548, 41.9037 ], [ -8.6478, 41.9033 ], [ -8.645, 41.9062 ], [ -8.6385, 41.9091 ], [ -8.6376, 41.9129 ], [ -8.6387, 41.9317 ], [ -8.6357, 41.9341 ], [ -8.625, 41.937 ], [ -8.6154, 41.9445 ], [ -8.6132, 41.9486 ], [ -8.5794, 41.959 ], [ -8.5644, 41.9718 ], [ -8.5599, 41.9769 ], [ -8.5588, 41.9806 ], [ -8.5555, 41.9826 ], [ -8.5442, 41.9789 ], [ -8.5361, 41.9741 ], [ -8.5192, 41.9693 ], [ -8.5163, 41.9711 ], [ -8.5115, 41.9709 ], [ -8.4944, 41.966 ], [ -8.501, 41.9606 ], [ -8.5012, 41.9574 ], [ -8.5046, 41.9523 ], [ -8.5048, 41.9482 ], [ -8.508, 41.9443 ], [ -8.5078, 41.9377 ], [ -8.4933, 41.9236 ], [ -8.4942, 41.9206 ], [ -8.4924, 41.9149 ], [ -8.4887, 41.9125 ], [ -8.4911, 41.9077 ], [ -8.4885, 41.9015 ], [ -8.4903, 41.8969 ], [ -8.4989, 41.8884 ], [ -8.4993, 41.8848 ], [ -8.5061, 41.8839 ], [ -8.508, 41.8789 ], [ -8.5143, 41.8758 ], [ -8.5131, 41.8681 ], [ -8.523, 41.8577 ], [ -8.5231, 41.8544 ], [ -8.5287, 41.8607 ], [ -8.5509, 41.8643 ], [ -8.5617, 41.8703 ], [ -8.5702, 41.8701 ], [ -8.576, 41.8632 ], [ -8.5894, 41.8659 ], [ -8.5984, 41.8654 ], [ -8.6012, 41.8622 ], [ -8.6058, 41.8614 ], [ -8.6221, 41.8443 ] ] ] ] } },
{ "type": "Feature", "properties": { "GID_2": "PRT.18.6_1", "GID_0": "PRT", "COUNTRY": "Portugal", "GID_1": "PRT.18_1", "NAME_1": "VianadoCastelo", "NL_NAME_1": "NA", "NAME_2": "PontedaBarca", "VARNAME_2": "NA", "NL_NAME_2": "NA", "TYPE_2": "Concelho", "ENGTYPE_2": "Municipality", "CC_2": "1606", "HASC_2": "PT.VC.PB" }, "geometry": { "type": "MultiPolygon", "coordinates": [ [ [ [ -8.4628, 41.7332 ], [ -8.4754, 41.7403 ], [ -8.4748, 41.7439 ], [ -8.4699, 41.7489 ], [ -8.4695, 41.7538 ], [ -8.468, 41.755 ], [ -8.4696, 41.7595 ], [ -8.4663, 41.7655 ], [ -8.4698, 41.7683 ], [ -8.4722, 41.7679 ], [ -8.4798, 41.7718 ], [ -8.4721, 41.7883 ], [ -8.4781, 41.7952 ], [ -8.4723, 41.8016 ], [ -8.4485, 41.8063 ], [ -8.428, 41.8062 ], [ -8.4233, 41.8096 ], [ -8.4165, 41.8106 ], [ -8.4094, 41.8078 ], [ -8.4051, 41.8102 ], [ -8.4025, 41.8144 ], [ -8.3922, 41.813 ], [ -8.3836, 41.8158 ], [ -8.3788, 41.8121 ], [ -8.3706, 41.8101 ], [ -8.358, 41.8124 ], [ -8.3436, 41.8124 ], [ -8.3349, 41.8148 ], [ -8.3332, 41.8157 ], [ -8.3324, 41.8203 ], [ -8.3297, 41.8209 ], [ -8.3283, 41.8239 ], [ -8.3101, 41.8286 ], [ -8.2995, 41.8363 ], [ -8.2952, 41.8419 ], [ -8.2891, 41.8445 ], [ -8.2879, 41.8538 ], [ -8.2839, 41.8573 ], [ -8.2759, 41.8597 ], [ -8.2641, 41.8591 ], [ -8.2594, 41.8614 ], [ -8.2479, 41.8618 ], [ -8.2452, 41.8667 ], [ -8.2428, 41.8669 ], [ -8.2399, 41.8644 ], [ -8.2314, 41.8676 ], [ -8.2269, 41.871 ], [ -8.2175, 41.8677 ], [ -8.2138, 41.8727 ], [ -8.205, 41.8712 ], [ -8.1934, 41.8764 ], [ -8.1829, 41.875 ], [ -8.1717, 41.8791 ], [ -8.1693, 41.8765 ], [ -8.1664, 41.8624 ], [ -8.1617, 41.861 ], [ -8.1634, 41.8316 ], [ -8.1673, 41.8076 ], [ -8.1767, 41.8081 ], [ -8.1835, 41.8128 ], [ -8.1899, 41.8099 ], [ -8.1961, 41.8125 ], [ -8.2003, 41.8082 ], [ -8.2037, 41.8071 ], [ -8.2056, 41.8042 ], [ -8.214, 41.8023 ], [ -8.2292, 41.788 ], [ -8.2406, 41.7889 ], [ -8.2454, 41.7829 ], [ -8.2609, 41.7784 ], [ -8.2722, 41.7711 ], [ -8.277, 41.772 ], [ -8.2783, 41.7749 ], [ -8.2915, 41.7819 ], [ -8.297, 41.7786 ], [ -8.2993, 41.7684 ], [ -8.3068, 41.7612 ], [ -8.33, 41.765 ], [ -8.3341, 41.7635 ], [ -8.3374, 41.7647 ], [ -8.3506, 41.7598 ], [ -8.3645, 41.7629 ], [ -8.3712, 41.7706 ], [ -8.3749, 41.7704 ], [ -8.3831, 41.7612 ], [ -8.3946, 41.7611 ], [ -8.3988, 41.7578 ], [ -8.4095, 41.7595 ], [ -8.4205, 41.7566 ], [ -8.4243, 41.7574 ], [ -8.4247, 41.7552 ], [ -8.4306, 41.7536 ], [ -8.4314, 41.7516 ], [ -8.4372, 41.7478 ], [ -8.443, 41.7474 ], [ -8.4461, 41.7439 ], [ -8.4528, 41.7417 ], [ -8.4542, 41.7357 ], [ -8.4615, 41.7323 ], [ -8.4628, 41.7332 ] ] ] ] } },
{ "type": "Feature", "properties": { "GID_2": "PRT.18.7_1", "GID_0": "PRT", "COUNTRY": "Portugal", "GID_1": "PRT.18_1", "NAME_1": "VianadoCastelo", "NL_NAME_1": "NA", "NAME_2": "PontedeLima", "VARNAME_2": "NA", "NL_NAME_2": "NA", "TYPE_2": "Concelho", "ENGTYPE_2": "Municipality", "CC_2": "1607", "HASC_2": "PT.VC.PL" }, "geometry": { "type": "MultiPolygon", "coordinates": [ [ [ [ -8.6047, 41.6349 ], [ -8.605, 41.6366 ], [ -8.6164, 41.644 ], [ -8.6301, 41.6439 ], [ -8.629, 41.6445 ], [ -8.6299, 41.6493 ], [ -8.6271, 41.6508 ], [ -8.6433, 41.6544 ], [ -8.6432, 41.6608 ], [ -8.6467, 41.6648 ], [ -8.6457, 41.6664 ], [ -8.6464, 41.6797 ], [ -8.654, 41.6824 ], [ -8.6566, 41.6858 ], [ -8.6479, 41.6893 ], [ -8.6494, 41.6936 ], [ -8.6434, 41.6962 ], [ -8.642, 41.7014 ], [ -8.6442, 41.7083 ], [ -8.647, 41.7097 ], [ -8.6499, 41.7145 ], [ -8.6546, 41.7149 ], [ -8.655, 41.718 ], [ -8.6599, 41.7177 ], [ -8.6655, 41.7197 ], [ -8.6669, 41.7224 ], [ -8.6643, 41.7343 ], [ -8.6752, 41.7463 ], [ -8.6757, 41.75 ], [ -8.6797, 41.7526 ], [ -8.6804, 41.757 ], [ -8.6845, 41.7597 ], [ -8.6912, 41.769 ], [ -8.6997, 41.7754 ], [ -8.6951, 41.7805 ], [ -8.6958, 41.7821 ], [ -8.6939, 41.785 ], [ -8.6929, 41.7911 ], [ -8.6878, 41.7998 ], [ -8.6904, 41.8051 ], [ -8.6902, 41.8142 ], [ -8.6872, 41.8195 ], [ -8.6784, 41.8248 ], [ -8.6773, 41.8295 ], [ -8.6793, 41.8358 ], [ -8.6788, 41.841 ], [ -8.6701, 41.8468 ], [ -8.6635, 41.8485 ], [ -8.6624, 41.854 ], [ -8.6578, 41.858 ], [ -8.6513, 41.8563 ], [ -8.646, 41.8588 ], [ -8.6386, 41.8542 ], [ -8.6333, 41.8488 ], [ -8.6265, 41.848 ], [ -8.6221, 41.8443 ], [ -8.6058, 41.8614 ], [ -8.6012, 41.8622 ], [ -8.5984, 41.8654 ], [ -8.5894, 41.8659 ], [ -8.576, 41.8632 ], [ -8.5702, 41.8701 ], [ -8.5617, 41.8703 ], [ -8.5509, 41.8643 ], [ -8.5287, 41.8607 ], [ -8.5231, 41.8549 ], [ -8.5238, 41.8479 ], [ -8.5285, 41.8404 ], [ -8.531, 41.8302 ], [ -8.5297, 41.8265 ], [ -8.5265, 41.8236 ], [ -8.5195, 41.8226 ], [ -8.5215, 41.8199 ], [ -8.5235, 41.8075 ], [ -8.5227, 41.8057 ], [ -8.519, 41.8059 ], [ -8.5151, 41.8011 ], [ -8.5176, 41.7981 ], [ -8.5166, 41.7935 ], [ -8.514, 41.7924 ], [ -8.5081, 41.7934 ], [ -8.4971, 41.7908 ], [ -8.4854, 41.7925 ], [ -8.4781, 41.7952 ], [ -8.4721, 41.7883 ], [ -8.4798, 41.7718 ], [ -8.4722, 41.7679 ], [ -8.4698, 41.7683 ], [ -8.4663, 41.7655 ], [ -8.4696, 41.7595 ], [ -8.468, 41.755 ], [ -8.4695, 41.7538 ], [ -8.4699, 41.7489 ], [ -8.4748, 41.7439 ], [ -8.4754, 41.7403 ], [ -8.4615, 41.7323 ], [ -8.486, 41.7272 ], [ -8.4877, 41.7297 ], [ -8.4873, 41.7398 ], [ -8.4935, 41.7416 ], [ -8.5016, 41.7386 ], [ -8.5067, 41.733 ], [ -8.5184, 41.7262 ], [ -8.5192, 41.7231 ], [ -8.5137, 41.7213 ], [ -8.5217, 41.6796 ], [ -8.5332, 41.6795 ], [ -8.5354, 41.6774 ], [ -8.5358, 41.6734 ], [ -8.5428, 41.6714 ], [ -8.5473, 41.6633 ], [ -8.5409, 41.6601 ], [ -8.5419, 41.6581 ], [ -8.5379, 41.6554 ], [ -8.5363, 41.6507 ], [ -8.5427, 41.6393 ], [ -8.5407, 41.6313 ], [ -8.5524, 41.6271 ], [ -8.5633, 41.6262 ], [ -8.5628, 41.6237 ], [ -8.5687, 41.6267 ], [ -8.5773, 41.643 ], [ -8.5842, 41.6439 ], [ -8.5948, 41.6399 ], [ -8.5988, 41.636 ], [ -8.6047, 41.6349 ] ] ] ] } },
{ "type": "Feature", "properties": { "GID_2": "PRT.18.8_1", "GID_0": "PRT", "COUNTRY": "Portugal", "GID_1": "PRT.18_1", "NAME_1": "VianadoCastelo", "NL_NAME_1": "NA", "NAME_2": "Valença", "VARNAME_2": "NA", "NL_NAME_2": "NA", "TYPE_2": "Concelho", "ENGTYPE_2": "Municipality", "CC_2": "1608", "HASC_2": "PT.VC.VA" }, "geometry": { "type": "MultiPolygon", "coordinates": [ [ [ [ -8.6388, 41.9292 ], [ -8.6391, 41.9272 ], [ -8.6431, 41.9292 ], [ -8.6596, 41.9317 ], [ -8.6663, 41.9349 ], [ -8.6688, 41.9487 ], [ -8.6664, 41.9654 ], [ -8.6731, 41.9656 ], [ -8.6743, 41.9819 ], [ -8.6808, 41.9852 ], [ -8.6819, 41.9889 ], [ -8.6819, 41.9906 ], [ -8.6773, 41.9921 ], [ -8.6703, 41.9991 ], [ -8.6613, 42.0033 ], [ -8.6573, 42.0184 ], [ -8.6591, 42.0255 ], [ -8.6576, 42.0301 ], [ -8.654, 42.0333 ], [ -8.6464, 42.0365 ], [ -8.6399, 42.0456 ], [ -8.6283, 42.0506 ], [ -8.6009, 42.0546 ], [ -8.5953, 42.0569 ], [ -8.5919, 42.0564 ], [ -8.5865, 42.0526 ], [ -8.5812, 42.0519 ], [ -8.5468, 42.054 ], [ -8.5444, 42.0466 ], [ -8.5448, 42.0419 ], [ -8.5408, 42.0356 ], [ -8.5317, 42.0293 ], [ -8.5293, 42.0226 ], [ -8.5304, 42.0182 ], [ -8.5295, 42.0126 ], [ -8.5337, 42.0017 ], [ -8.5361, 41.9741 ], [ -8.5442, 41.9789 ], [ -8.5555, 41.9826 ], [ -8.5588, 41.9806 ], [ -8.5599, 41.9769 ], [ -8.5644, 41.9718 ], [ -8.5794, 41.959 ], [ -8.6132, 41.9486 ], [ -8.6182, 41.9421 ], [ -8.625, 41.937 ], [ -8.6357, 41.9341 ], [ -8.6387, 41.9317 ], [ -8.6388, 41.9292 ] ] ] ] } },
{ "type": "Feature", "properties": { "GID_2": "PRT.18.9_1", "GID_0": "PRT", "COUNTRY": "Portugal", "GID_1": "PRT.18_1", "NAME_1": "VianadoCastelo", "NL_NAME_1": "NA", "NAME_2": "VianadoCastelo", "VARNAME_2": "NA", "NL_NAME_2": "NA", "TYPE_2": "Concelho", "ENGTYPE_2": "Municipality", "CC_2": "1609", "HASC_2": "PT.VC.VC" }, "geometry": { "type": "MultiPolygon", "coordinates": [ [ [ [ -8.76, 41.6144 ], [ -8.7694, 41.6134 ], [ -8.7712, 41.6162 ], [ -8.7743, 41.6136 ], [ -8.7761, 41.616 ], [ -8.7821, 41.6138 ], [ -8.7826, 41.6119 ], [ -8.7879, 41.6128 ], [ -8.8007, 41.6064 ], [ -8.8066, 41.6092 ], [ -8.8078, 41.6133 ], [ -8.8099, 41.6121 ], [ -8.8135, 41.6213 ], [ -8.8193, 41.626 ], [ -8.8188, 41.6321 ], [ -8.821, 41.6396 ], [ -8.8273, 41.6497 ], [ -8.8252, 41.6628 ], [ -8.8261, 41.6713 ], [ -8.8323, 41.6789 ], [ -8.8364, 41.6799 ], [ -8.8375, 41.6777 ], [ -8.8364, 41.6804 ], [ -8.8355, 41.681 ], [ -8.8398, 41.6837 ], [ -8.8364, 41.6868 ], [ -8.8379, 41.687 ], [ -8.8296, 41.6904 ], [ -8.838, 41.6874 ], [ -8.8406, 41.6897 ], [ -8.8409, 41.6879 ], [ -8.8425, 41.6908 ], [ -8.8413, 41.6878 ], [ -8.8437, 41.6887 ], [ -8.8413, 41.684 ], [ -8.8442, 41.6847 ], [ -8.8465, 41.6831 ], [ -8.844, 41.6743 ], [ -8.8446, 41.6735 ], [ -8.8493, 41.6921 ], [ -8.8526, 41.6976 ], [ -8.856, 41.6982 ], [ -8.8604, 41.7035 ], [ -8.8782, 41.7451 ], [ -8.8776, 41.7465 ], [ -8.8801, 41.749 ], [ -8.8807, 41.7532 ], [ -8.8765, 41.7579 ], [ -8.8785, 41.7632 ], [ -8.8763, 41.7671 ], [ -8.8738, 41.7682 ], [ -8.8696, 41.7771 ], [ -8.8699, 41.7871 ], [ -8.8746, 41.796 ], [ -8.8542, 41.7886 ], [ -8.8437, 41.7808 ], [ -8.8373, 41.7912 ], [ -8.8375, 41.7974 ], [ -8.8361, 41.8004 ], [ -8.8311, 41.803 ], [ -8.8238, 41.804 ], [ -8.8116, 41.8019 ], [ -8.8049, 41.8023 ], [ -8.8033, 41.8045 ], [ -8.7921, 41.8058 ], [ -8.7911, 41.8044 ], [ -8.7929, 41.8042 ], [ -8.7932, 41.8006 ], [ -8.7907, 41.7981 ], [ -8.7887, 41.8002 ], [ -8.7826, 41.8008 ], [ -8.7805, 41.8034 ], [ -8.7699, 41.7998 ], [ -8.7717, 41.7982 ], [ -8.7697, 41.7947 ], [ -8.7655, 41.7969 ], [ -8.7627, 41.7955 ], [ -8.7557, 41.7962 ], [ -8.7604, 41.8146 ], [ -8.7587, 41.8161 ], [ -8.7594, 41.8189 ], [ -8.7559, 41.8193 ], [ -8.757, 41.8211 ], [ -8.744, 41.8297 ], [ -8.7399, 41.8265 ], [ -8.7322, 41.8245 ], [ -8.7242, 41.8186 ], [ -8.7186, 41.8211 ], [ -8.7131, 41.8211 ], [ -8.7117, 41.8248 ], [ -8.6902, 41.8142 ], [ -8.6904, 41.8051 ], [ -8.6878, 41.7998 ], [ -8.6929, 41.7911 ], [ -8.6939, 41.785 ], [ -8.6958, 41.7821 ], [ -8.6951, 41.7805 ], [ -8.6997, 41.7752 ], [ -8.6912, 41.769 ], [ -8.6845, 41.7597 ], [ -8.6804, 41.757 ], [ -8.6797, 41.7526 ], [ -8.6757, 41.75 ], [ -8.6752, 41.7463 ], [ -8.6643, 41.7343 ], [ -8.6669, 41.7224 ], [ -8.6655, 41.7197 ], [ -8.6599, 41.7177 ], [ -8.655, 41.718 ], [ -8.6546, 41.7149 ], [ -8.6499, 41.7145 ], [ -8.647, 41.7097 ], [ -8.6442, 41.7083 ], [ -8.642, 41.7014 ], [ -8.6434, 41.6962 ], [ -8.6494, 41.6936 ], [ -8.6479, 41.6893 ], [ -8.6566, 41.6858 ], [ -8.654, 41.6824 ], [ -8.6464, 41.6797 ], [ -8.6457, 41.6664 ], [ -8.6467, 41.6648 ], [ -8.6439, 41.6626 ], [ -8.6428, 41.6584 ], [ -8.6442, 41.656 ], [ -8.6436, 41.6505 ], [ -8.6478, 41.6468 ], [ -8.6459, 41.6391 ], [ -8.6463, 41.6328 ], [ -8.6513, 41.6313 ], [ -8.6523, 41.6336 ], [ -8.6549, 41.6333 ], [ -8.6552, 41.6365 ], [ -8.6611, 41.6389 ], [ -8.664, 41.6423 ], [ -8.6786, 41.6394 ], [ -8.6968, 41.6407 ], [ -8.702, 41.638 ], [ -8.7063, 41.6321 ], [ -8.7138, 41.6348 ], [ -8.725, 41.6335 ], [ -8.7324, 41.6217 ], [ -8.7419, 41.6191 ], [ -8.7482, 41.6249 ], [ -8.7509, 41.624 ], [ -8.7567, 41.6215 ], [ -8.7568, 41.6144 ], [ -8.76, 41.6144 ] ] ] ] } },
{ "type": "Feature", "properties": { "GID_2": "PRT.18.10_1", "GID_0": "PRT", "COUNTRY": "Portugal", "GID_1": "PRT.18_1", "NAME_1": "VianadoCastelo", "NL_NAME_1": "NA", "NAME_2": "VilaNovadeCerveira", "VARNAME_2": "NA", "NL_NAME_2": "NA", "TYPE_2": "Concelho", "ENGTYPE_2": "Municipality", "CC_2": "1610", "HASC_2": "PT.VC.VN" }, "geometry": { "type": "MultiPolygon", "coordinates": [ [ [ [ -8.6879, 41.8528 ], [ -8.7019, 41.8573 ], [ -8.7105, 41.8677 ], [ -8.7247, 41.8641 ], [ -8.7263, 41.8653 ], [ -8.7235, 41.8674 ], [ -8.7236, 41.8716 ], [ -8.7335, 41.8769 ], [ -8.7363, 41.8773 ], [ -8.7388, 41.8732 ], [ -8.7439, 41.8771 ], [ -8.7452, 41.8752 ], [ -8.7504, 41.8762 ], [ -8.7525, 41.8812 ], [ -8.7602, 41.8808 ], [ -8.7648, 41.8843 ], [ -8.7661, 41.8889 ], [ -8.7684, 41.8903 ], [ -8.7676, 41.8928 ], [ -8.7771, 41.8956 ], [ -8.7741, 41.8986 ], [ -8.7743, 41.907 ], [ -8.7798, 41.9129 ], [ -8.7805, 41.9156 ], [ -8.7857, 41.9174 ], [ -8.7579, 41.932 ], [ -8.7486, 41.9413 ], [ -8.7466, 41.9504 ], [ -8.7485, 41.9608 ], [ -8.7441, 41.9659 ], [ -8.7161, 41.9802 ], [ -8.6987, 41.9838 ], [ -8.6887, 41.9901 ], [ -8.6834, 41.9907 ], [ -8.6819, 41.9906 ], [ -8.6808, 41.9852 ], [ -8.6743, 41.9819 ], [ -8.6731, 41.9656 ], [ -8.6664, 41.9654 ], [ -8.6688, 41.9487 ], [ -8.6663, 41.9349 ], [ -8.6596, 41.9317 ], [ -8.641, 41.9287 ], [ -8.6391, 41.9272 ], [ -8.6376, 41.9129 ], [ -8.6385, 41.9091 ], [ -8.645, 41.9062 ], [ -8.6478, 41.9033 ], [ -8.6548, 41.9037 ], [ -8.6569, 41.8976 ], [ -8.6588, 41.8963 ], [ -8.661, 41.8857 ], [ -8.6698, 41.8888 ], [ -8.6754, 41.8877 ], [ -8.6718, 41.8855 ], [ -8.6686, 41.8795 ], [ -8.6584, 41.8683 ], [ -8.6585, 41.8651 ], [ -8.6565, 41.8627 ], [ -8.6566, 41.8584 ], [ -8.6624, 41.854 ], [ -8.6633, 41.8486 ], [ -8.6701, 41.8468 ], [ -8.6879, 41.8528 ] ] ] ] } },
{ "type": "Feature", "properties": { "GID_2": "PRT.19.1_1", "GID_0": "PRT", "COUNTRY": "Portugal", "GID_1": "PRT.19_1", "NAME_1": "VilaReal", "NL_NAME_1": "NA", "NAME_2": "Alijó", "VARNAME_2": "NA", "NL_NAME_2": "NA", "TYPE_2": "Concelho", "ENGTYPE_2": "Municipality", "CC_2": "1701", "HASC_2": "PT.VR.AL" }, "geometry": { "type": "MultiPolygon", "coordinates": [ [ [ [ -7.5163, 41.1874 ], [ -7.52, 41.1818 ], [ -7.5244, 41.1797 ], [ -7.5431, 41.1883 ], [ -7.5486, 41.188 ], [ -7.548, 41.1952 ], [ -7.5444, 41.1974 ], [ -7.5405, 41.2043 ], [ -7.5431, 41.2059 ], [ -7.5439, 41.2089 ], [ -7.5483, 41.2098 ], [ -7.5482, 41.2127 ], [ -7.544, 41.2132 ], [ -7.547, 41.2157 ], [ -7.5442, 41.2167 ], [ -7.5428, 41.2202 ], [ -7.5397, 41.2194 ], [ -7.5393, 41.2224 ], [ -7.537, 41.224 ], [ -7.5406, 41.2297 ], [ -7.5386, 41.2311 ], [ -7.5372, 41.2294 ], [ -7.5315, 41.2334 ], [ -7.5408, 41.2369 ], [ -7.5403, 41.2381 ], [ -7.5379, 41.2369 ], [ -7.5396, 41.2403 ], [ -7.5369, 41.2428 ], [ -7.5378, 41.2447 ], [ -7.5367, 41.247 ], [ -7.5385, 41.2478 ], [ -7.5424, 41.2459 ], [ -7.5437, 41.2473 ], [ -7.538, 41.2525 ], [ -7.5389, 41.2546 ], [ -7.5374, 41.2565 ], [ -7.5403, 41.2583 ], [ -7.544, 41.258 ], [ -7.5423, 41.26 ], [ -7.5443, 41.2639 ], [ -7.5488, 41.2676 ], [ -7.5514, 41.2672 ], [ -7.55, 41.2726 ], [ -7.5552, 41.2741 ], [ -7.5539, 41.2766 ], [ -7.5571, 41.278 ], [ -7.5556, 41.2807 ], [ -7.5597, 41.2848 ], [ -7.5572, 41.2855 ], [ -7.5574, 41.2874 ], [ -7.5615, 41.2881 ], [ -7.5598, 41.296 ], [ -7.5646, 41.297 ], [ -7.5633, 41.2988 ], [ -7.5644, 41.3003 ], [ -7.5691, 41.3002 ], [ -7.568, 41.3045 ], [ -7.5656, 41.3064 ], [ -7.5711, 41.3073 ], [ -7.5707, 41.3089 ], [ -7.573, 41.3097 ], [ -7.5697, 41.3117 ], [ -7.5712, 41.3132 ], [ -7.5681, 41.3158 ], [ -7.5701, 41.3165 ], [ -7.571, 41.3178 ], [ -7.5697, 41.3187 ], [ -7.574, 41.3221 ], [ -7.5704, 41.3228 ], [ -7.5708, 41.3246 ], [ -7.5747, 41.3253 ], [ -7.5756, 41.3274 ], [ -7.5736, 41.3292 ], [ -7.5791, 41.3304 ], [ -7.5801, 41.3337 ], [ -7.5832, 41.3361 ], [ -7.5809, 41.3393 ], [ -7.5828, 41.3419 ], [ -7.5907, 41.3423 ], [ -7.5882, 41.3455 ], [ -7.5904, 41.3476 ], [ -7.5887, 41.3492 ], [ -7.5918, 41.3506 ], [ -7.592, 41.3529 ], [ -7.5951, 41.3533 ], [ -7.5951, 41.3565 ], [ -7.5985, 41.3613 ], [ -7.6012, 41.3625 ], [ -7.602, 41.3726 ], [ -7.6037, 41.3735 ], [ -7.602, 41.3761 ], [ -7.6014, 41.3935 ], [ -7.5888, 41.4036 ], [ -7.5829, 41.3997 ], [ -7.571, 41.4018 ], [ -7.563, 41.3968 ], [ -7.5545, 41.3964 ], [ -7.5221, 41.4015 ], [ -7.5145, 41.3886 ], [ -7.5107, 41.3857 ], [ -7.5039, 41.3843 ], [ -7.4945, 41.3863 ], [ -7.4787, 41.3834 ], [ -7.4498, 41.3895 ], [ -7.4458, 41.3866 ], [ -7.4361, 41.3719 ], [ -7.4115, 41.3718 ], [ -7.4098, 41.3698 ], [ -7.4115, 41.3644 ], [ -7.4095, 41.3616 ], [ -7.4043, 41.3585 ], [ -7.3998, 41.3594 ], [ -7.3967, 41.3575 ], [ -7.3945, 41.3506 ], [ -7.3906, 41.3482 ], [ -7.3881, 41.3441 ], [ -7.3876, 41.3379 ], [ -7.3916, 41.3341 ], [ -7.3871, 41.3277 ], [ -7.3726, 41.3303 ], [ -7.369, 41.3278 ], [ -7.3644, 41.3272 ], [ -7.3625, 41.324 ], [ -7.3757, 41.3136 ], [ -7.3726, 41.3107 ], [ -7.3655, 41.3079 ], [ -7.3622, 41.3038 ], [ -7.3698, 41.3006 ], [ -7.3727, 41.2932 ], [ -7.39, 41.2877 ], [ -7.3919, 41.2845 ], [ -7.3933, 41.2785 ], [ -7.387, 41.273 ], [ -7.3893, 41.265 ], [ -7.3952, 41.262 ], [ -7.3921, 41.2555 ], [ -7.3954, 41.2513 ], [ -7.3889, 41.2486 ], [ -7.3873, 41.2451 ], [ -7.3886, 41.243 ], [ -7.407, 41.2446 ], [ -7.4141, 41.2484 ], [ -7.4231, 41.2393 ], [ -7.4212, 41.2373 ], [ -7.4229, 41.2322 ], [ -7.4199, 41.2271 ], [ -7.4212, 41.2208 ], [ -7.4319, 41.2108 ], [ -7.446, 41.2147 ], [ -7.4533, 41.214 ], [ -7.4577, 41.2113 ], [ -7.4664, 41.2006 ], [ -7.4783, 41.1984 ], [ -7.5029, 41.1994 ], [ -7.5092, 41.1966 ], [ -7.5163, 41.1874 ] ] ] ] } },
{ "type": "Feature", "properties": { "GID_2": "PRT.19.2_1", "GID_0": "PRT", "COUNTRY": "Portugal", "GID_1": "PRT.19_1", "NAME_1": "VilaReal", "NL_NAME_1": "NA", "NAME_2": "Boticas", "VARNAME_2": "NA", "NL_NAME_2": "NA", "TYPE_2": "Concelho", "ENGTYPE_2": "Municipality", "CC_2": "1702", "HASC_2": "PT.VR.BO" }, "geometry": { "type": "MultiPolygon", "coordinates": [ [ [ [ -7.8138, 41.5799 ], [ -7.8162, 41.5813 ], [ -7.8172, 41.5795 ], [ -7.8197, 41.5799 ], [ -7.8151, 41.5854 ], [ -7.8202, 41.5879 ], [ -7.82, 41.5897 ], [ -7.8295, 41.6022 ], [ -7.8395, 41.611 ], [ -7.8509, 41.6151 ], [ -7.8759, 41.6202 ], [ -7.9025, 41.6312 ], [ -7.9037, 41.6327 ], [ -7.8982, 41.6357 ], [ -7.8977, 41.6376 ], [ -7.9078, 41.6403 ], [ -7.9106, 41.6452 ], [ -7.9178, 41.6509 ], [ -7.9135, 41.659 ], [ -7.9016, 41.6607 ], [ -7.8972, 41.6687 ], [ -7.8931, 41.6699 ], [ -7.8954, 41.6723 ], [ -7.8981, 41.6866 ], [ -7.8976, 41.6948 ], [ -7.8947, 41.7016 ], [ -7.8855, 41.706 ], [ -7.8831, 41.7099 ], [ -7.8773, 41.7125 ], [ -7.8669, 41.7104 ], [ -7.8603, 41.7029 ], [ -7.8599, 41.6989 ], [ -7.8464, 41.692 ], [ -7.84, 41.7011 ], [ -7.8413, 41.7135 ], [ -7.8435, 41.716 ], [ -7.8307, 41.7278 ], [ -7.8202, 41.7272 ], [ -7.813, 41.7231 ], [ -7.8061, 41.7151 ], [ -7.7995, 41.7212 ], [ -7.7955, 41.7217 ], [ -7.791, 41.7197 ], [ -7.7849, 41.7203 ], [ -7.7792, 41.7164 ], [ -7.7753, 41.7106 ], [ -7.7648, 41.7082 ], [ -7.7615, 41.7137 ], [ -7.7625, 41.7169 ], [ -7.7338, 41.722 ], [ -7.7166, 41.7186 ], [ -7.6902, 41.7172 ], [ -7.6789, 41.7228 ], [ -7.6771, 41.7251 ], [ -7.6702, 41.7243 ], [ -7.6588, 41.7283 ], [ -7.6577, 41.7321 ], [ -7.6521, 41.7347 ], [ -7.6466, 41.7428 ], [ -7.6483, 41.7479 ], [ -7.6462, 41.75 ], [ -7.647, 41.7519 ], [ -7.6449, 41.7584 ], [ -7.6363, 41.766 ], [ -7.6341, 41.7691 ], [ -7.635, 41.7714 ], [ -7.6216, 41.7839 ], [ -7.611, 41.7874 ], [ -7.6088, 41.7953 ], [ -7.6065, 41.7921 ], [ -7.5899, 41.7867 ], [ -7.5782, 41.7773 ], [ -7.5804, 41.7669 ], [ -7.5627, 41.7447 ], [ -7.5641, 41.7404 ], [ -7.5635, 41.7357 ], [ -7.5687, 41.733 ], [ -7.5757, 41.7255 ], [ -7.5799, 41.7231 ], [ -7.5825, 41.7242 ], [ -7.6003, 41.7059 ], [ -7.5992, 41.7007 ], [ -7.6, 41.6975 ], [ -7.6032, 41.6952 ], [ -7.6033, 41.6894 ], [ -7.5977, 41.6833 ], [ -7.5971, 41.6762 ], [ -7.5944, 41.6744 ], [ -7.5937, 41.6705 ], [ -7.599, 41.6597 ], [ -7.6035, 41.6573 ], [ -7.6046, 41.6524 ], [ -7.6083, 41.6528 ], [ -7.6192, 41.6485 ], [ -7.6192, 41.6456 ], [ -7.6153, 41.6437 ], [ -7.6154, 41.6411 ], [ -7.6387, 41.634 ], [ -7.6438, 41.6355 ], [ -7.6664, 41.6257 ], [ -7.6743, 41.6155 ], [ -7.6713, 41.6111 ], [ -7.6731, 41.6071 ], [ -7.6854, 41.6043 ], [ -7.6928, 41.5986 ], [ -7.7014, 41.5988 ], [ -7.7092, 41.5916 ], [ -7.7063, 41.5887 ], [ -7.6981, 41.5864 ], [ -7.6992, 41.583 ], [ -7.7036, 41.5818 ], [ -7.711, 41.5835 ], [ -7.7153, 41.58 ], [ -7.7196, 41.5808 ], [ -7.7228, 41.5789 ], [ -7.7297, 41.5814 ], [ -7.729, 41.5851 ], [ -7.7334, 41.5927 ], [ -7.7323, 41.5975 ], [ -7.7338, 41.5995 ], [ -7.7266, 41.6016 ], [ -7.7187, 41.6069 ], [ -7.7174, 41.6192 ], [ -7.7045, 41.6261 ], [ -7.704, 41.6316 ], [ -7.7094, 41.6351 ], [ -7.7131, 41.6405 ], [ -7.7193, 41.6394 ], [ -7.7236, 41.6447 ], [ -7.7275, 41.646 ], [ -7.7284, 41.6493 ], [ -7.7322, 41.6524 ], [ -7.7386, 41.6495 ], [ -7.7442, 41.6503 ], [ -7.7545, 41.6451 ], [ -7.7569, 41.6399 ], [ -7.7607, 41.6206 ], [ -7.7752, 41.6004 ], [ -7.7832, 41.5942 ], [ -7.7873, 41.5874 ], [ -7.8018, 41.5888 ], [ -7.8045, 41.5843 ], [ -7.8073, 41.5855 ], [ -7.8071, 41.5839 ], [ -7.8121, 41.5785 ], [ -7.8138, 41.5799 ] ] ] ] } },
{ "type": "Feature", "properties": { "GID_2": "PRT.19.3_1", "GID_0": "PRT", "COUNTRY": "Portugal", "GID_1": "PRT.19_1", "NAME_1": "VilaReal", "NL_NAME_1": "NA", "NAME_2": "Chaves", "VARNAME_2": "NA", "NL_NAME_2": "NA", "TYPE_2": "Concelho", "ENGTYPE_2": "Municipality", "CC_2": "1703", "HASC_2": "PT.VR.CH" }, "geometry": { "type": "MultiPolygon", "coordinates": [ [ [ [ -7.4485, 41.6311 ], [ -7.4437, 41.6281 ], [ -7.4452, 41.6172 ], [ -7.4578, 41.6039 ], [ -7.48, 41.5932 ], [ -7.4933, 41.5939 ], [ -7.4978, 41.5857 ], [ -7.5071, 41.5813 ], [ -7.5178, 41.5936 ], [ -7.5201, 41.6009 ], [ -7.5153, 41.607 ], [ -7.5195, 41.6092 ], [ -7.5183, 41.6121 ], [ -7.5232, 41.6164 ], [ -7.5299, 41.6177 ], [ -7.5369, 41.6145 ], [ -7.5509, 41.6141 ], [ -7.5574, 41.6041 ], [ -7.5753, 41.5959 ], [ -7.5865, 41.6003 ], [ -7.5913, 41.6242 ], [ -7.5976, 41.6249 ], [ -7.6013, 41.6289 ], [ -7.6115, 41.6322 ], [ -7.6199, 41.6389 ], [ -7.6205, 41.6397 ], [ -7.615, 41.6419 ], [ -7.6154, 41.6439 ], [ -7.6192, 41.6456 ], [ -7.6192, 41.6485 ], [ -7.6083, 41.6528 ], [ -7.6046, 41.6524 ], [ -7.6035, 41.6573 ], [ -7.599, 41.6597 ], [ -7.5937, 41.6705 ], [ -7.5944, 41.6744 ], [ -7.5971, 41.6762 ], [ -7.5977, 41.6833 ], [ -7.6033, 41.6894 ], [ -7.6032, 41.6952 ], [ -7.6, 41.6975 ], [ -7.5992, 41.7007 ], [ -7.6003, 41.7059 ], [ -7.5825, 41.7242 ], [ -7.5799, 41.7231 ], [ -7.5757, 41.7255 ], [ -7.5687, 41.733 ], [ -7.5637, 41.7353 ], [ -7.5627, 41.7447 ], [ -7.5804, 41.7669 ], [ -7.5782, 41.7773 ], [ -7.5907, 41.7869 ], [ -7.5867, 41.7994 ], [ -7.5797, 41.8055 ], [ -7.5805, 41.8123 ], [ -7.5931, 41.8249 ], [ -7.6049, 41.8239 ], [ -7.6111, 41.827 ], [ -7.6114, 41.8292 ], [ -7.5988, 41.8331 ], [ -7.5739, 41.8297 ], [ -7.5662, 41.8329 ], [ -7.559, 41.8344 ], [ -7.5509, 41.8337 ], [ -7.5491, 41.8358 ], [ -7.5441, 41.8354 ], [ -7.544, 41.8368 ], [ -7.5406, 41.8375 ], [ -7.5385, 41.8366 ], [ -7.521, 41.842 ], [ -7.5056, 41.8508 ], [ -7.5076, 41.8556 ], [ -7.5133, 41.8621 ], [ -7.5113, 41.8653 ], [ -7.5022, 41.8694 ], [ -7.4913, 41.8712 ], [ -7.4852, 41.8613 ], [ -7.4742, 41.8638 ], [ -7.4525, 41.8651 ], [ -7.4503, 41.8633 ], [ -7.4456, 41.8578 ], [ -7.4488, 41.8528 ], [ -7.4467, 41.8433 ], [ -7.4437, 41.8394 ], [ -7.4272, 41.8331 ], [ -7.4258, 41.8302 ], [ -7.4264, 41.8263 ], [ -7.4303, 41.8248 ], [ -7.4309, 41.8229 ], [ -7.4247, 41.8165 ], [ -7.4295, 41.8124 ], [ -7.4276, 41.8074 ], [ -7.4211, 41.8113 ], [ -7.4163, 41.8116 ], [ -7.4157, 41.8135 ], [ -7.4088, 41.8167 ], [ -7.4027, 41.8218 ], [ -7.4026, 41.8255 ], [ -7.3976, 41.8264 ], [ -7.3952, 41.8295 ], [ -7.3948, 41.8332 ], [ -7.3916, 41.835 ], [ -7.3904, 41.8423 ], [ -7.3862, 41.8413 ], [ -7.3726, 41.849 ], [ -7.3696, 41.8488 ], [ -7.3658, 41.8528 ], [ -7.3639, 41.8528 ], [ -7.3564, 41.8405 ], [ -7.3349, 41.8451 ], [ -7.3153, 41.8425 ], [ -7.3051, 41.8473 ], [ -7.301, 41.8516 ], [ -7.2838, 41.8522 ], [ -7.272, 41.8596 ], [ -7.2622, 41.8628 ], [ -7.2578, 41.8659 ], [ -7.245, 41.8688 ], [ -7.232, 41.8673 ], [ -7.2195, 41.8728 ], [ -7.2083, 41.88 ], [ -7.2005, 41.8795 ], [ -7.2033, 41.8738 ], [ -7.1949, 41.8663 ], [ -7.2007, 41.8604 ], [ -7.2017, 41.8497 ], [ -7.2069, 41.8459 ], [ -7.2054, 41.8376 ], [ -7.2136, 41.8268 ], [ -7.2078, 41.8257 ], [ -7.2045, 41.8199 ], [ -7.2046, 41.8172 ], [ -7.2083, 41.8176 ], [ -7.2102, 41.8138 ], [ -7.2086, 41.8089 ], [ -7.2058, 41.8098 ], [ -7.2046, 41.8087 ], [ -7.2058, 41.8049 ], [ -7.2009, 41.806 ], [ -7.1985, 41.8027 ], [ -7.2019, 41.798 ], [ -7.1973, 41.7975 ], [ -7.1942, 41.7945 ], [ -7.193, 41.7915 ], [ -7.1958, 41.7893 ], [ -7.1929, 41.7871 ], [ -7.1936, 41.7821 ], [ -7.1971, 41.7798 ], [ -7.2007, 41.7821 ], [ -7.2048, 41.7809 ], [ -7.2079, 41.782 ], [ -7.2144, 41.777 ], [ -7.2099, 41.7718 ], [ -7.2261, 41.7682 ], [ -7.2348, 41.7686 ], [ -7.2423, 41.7739 ], [ -7.2521, 41.7728 ], [ -7.2635, 41.7765 ], [ -7.2806, 41.774 ], [ -7.2817, 41.77 ], [ -7.2968, 41.7617 ], [ -7.3067, 41.7533 ], [ -7.3078, 41.7516 ], [ -7.306, 41.7482 ], [ -7.3069, 41.7463 ], [ -7.3143, 41.7405 ], [ -7.3194, 41.7393 ], [ -7.3297, 41.7242 ], [ -7.3379, 41.7254 ], [ -7.3574, 41.7167 ], [ -7.3659, 41.7151 ], [ -7.3684, 41.703 ], [ -7.3718, 41.7007 ], [ -7.3585, 41.689 ], [ -7.3606, 41.6808 ], [ -7.3652, 41.678 ], [ -7.3645, 41.6739 ], [ -7.3775, 41.6762 ], [ -7.377, 41.6834 ], [ -7.3707, 41.6958 ], [ -7.3765, 41.7 ], [ -7.3882, 41.7011 ], [ -7.3945, 41.7082 ], [ -7.4083, 41.7061 ], [ -7.4149, 41.7032 ], [ -7.4158, 41.6955 ], [ -7.413, 41.6904 ], [ -7.4257, 41.6903 ], [ -7.4297, 41.686 ], [ -7.433, 41.6856 ], [ -7.4338, 41.675 ], [ -7.4258, 41.6706 ], [ -7.4203, 41.6632 ], [ -7.4208, 41.6605 ], [ -7.4297, 41.6519 ], [ -7.4284, 41.6461 ], [ -7.444, 41.6461 ], [ -7.453, 41.6404 ], [ -7.4538, 41.6394 ], [ -7.4485, 41.6311 ] ] ] ] } },
{ "type": "Feature", "properties": { "GID_2": "PRT.19.4_1", "GID_0": "PRT", "COUNTRY": "Portugal", "GID_1": "PRT.19_1", "NAME_1": "VilaReal", "NL_NAME_1": "NA", "NAME_2": "MesãoFrio", "VARNAME_2": "NA", "NL_NAME_2": "NA", "TYPE_2": "Concelho", "ENGTYPE_2": "Municipality", "CC_2": "1704", "HASC_2": "PT.VR.MF" }, "geometry": { "type": "MultiPolygon", "coordinates": [ [ [ [ -7.9118, 41.1207 ], [ -7.9124, 41.1242 ], [ -7.9109, 41.1271 ], [ -7.9133, 41.1301 ], [ -7.9124, 41.133 ], [ -7.9144, 41.1345 ], [ -7.9124, 41.1385 ], [ -7.9088, 41.1427 ], [ -7.9012, 41.1473 ], [ -7.9022, 41.1491 ], [ -7.9001, 41.1516 ], [ -7.9037, 41.1548 ], [ -7.8988, 41.1567 ], [ -7.898, 41.1586 ], [ -7.8928, 41.1595 ], [ -7.893, 41.1618 ], [ -7.8895, 41.1632 ], [ -7.8936, 41.1639 ], [ -7.8983, 41.1673 ], [ -7.8955, 41.1685 ], [ -7.8989, 41.1728 ], [ -7.8905, 41.1825 ], [ -7.8901, 41.1867 ], [ -7.8881, 41.1882 ], [ -7.8903, 41.2025 ], [ -7.8842, 41.1991 ], [ -7.8776, 41.1867 ], [ -7.8708, 41.1847 ], [ -7.8641, 41.1865 ], [ -7.8539, 41.185 ], [ -7.8461, 41.1878 ], [ -7.8441, 41.1872 ], [ -7.8447, 41.1842 ], [ -7.8413, 41.1842 ], [ -7.8372, 41.1814 ], [ -7.8272, 41.1856 ], [ -7.8271, 41.1832 ], [ -7.8215, 41.1802 ], [ -7.8204, 41.1753 ], [ -7.8219, 41.1718 ], [ -7.8273, 41.1648 ], [ -7.8331, 41.161 ], [ -7.8352, 41.1534 ], [ -7.8516, 41.1556 ], [ -7.8603, 41.1584 ], [ -7.8761, 41.1564 ], [ -7.8795, 41.1531 ], [ -7.8825, 41.1455 ], [ -7.8851, 41.1429 ], [ -7.8872, 41.1342 ], [ -7.8893, 41.133 ], [ -7.8932, 41.1347 ], [ -7.8974, 41.1319 ], [ -7.8971, 41.1248 ], [ -7.8997, 41.1206 ], [ -7.9054, 41.1187 ], [ -7.9118, 41.1207 ] ] ] ] } },
{ "type": "Feature", "properties": { "GID_2": "PRT.19.5_1", "GID_0": "PRT", "COUNTRY": "Portugal", "GID_1": "PRT.19_1", "NAME_1": "VilaReal", "NL_NAME_1": "NA", "NAME_2": "MondimdeBasto", "VARNAME_2": "NA", "NL_NAME_2": "NA", "TYPE_2": "Concelho", "ENGTYPE_2": "Municipality", "CC_2": "1705", "HASC_2": "PT.VR.MB" }, "geometry": { "type": "MultiPolygon", "coordinates": [ [ [ [ -7.8851, 41.4423 ], [ -7.8837, 41.4404 ], [ -7.8773, 41.4392 ], [ -7.8616, 41.444 ], [ -7.8551, 41.4443 ], [ -7.8487, 41.4396 ], [ -7.8422, 41.438 ], [ -7.8316, 41.4323 ], [ -7.8259, 41.427 ], [ -7.82, 41.4139 ], [ -7.7887, 41.4114 ], [ -7.7949, 41.3999 ], [ -7.8007, 41.3978 ], [ -7.8058, 41.3933 ], [ -7.8159, 41.3918 ], [ -7.8216, 41.3787 ], [ -7.8196, 41.3645 ], [ -7.8343, 41.3435 ], [ -7.8529, 41.3277 ], [ -7.869, 41.3259 ], [ -7.8864, 41.3182 ], [ -7.8958, 41.3157 ], [ -7.8982, 41.3129 ], [ -7.8974, 41.3096 ], [ -7.8988, 41.3076 ], [ -7.9076, 41.3027 ], [ -7.9148, 41.3072 ], [ -7.9174, 41.3072 ], [ -7.9176, 41.3095 ], [ -7.9283, 41.3156 ], [ -7.9292, 41.318 ], [ -7.9398, 41.3222 ], [ -7.9558, 41.3232 ], [ -7.9639, 41.3296 ], [ -7.963, 41.331 ], [ -7.9655, 41.3327 ], [ -7.9609, 41.3362 ], [ -7.9588, 41.3432 ], [ -7.9534, 41.3442 ], [ -7.9528, 41.346 ], [ -7.95, 41.3456 ], [ -7.9502, 41.3478 ], [ -7.9478, 41.3489 ], [ -7.9473, 41.3527 ], [ -7.9566, 41.359 ], [ -7.9726, 41.3604 ], [ -7.9735, 41.3639 ], [ -7.9706, 41.3659 ], [ -7.9698, 41.3723 ], [ -7.9742, 41.3752 ], [ -7.9693, 41.3815 ], [ -7.9675, 41.392 ], [ -7.972, 41.3927 ], [ -7.9762, 41.3901 ], [ -7.9811, 41.3949 ], [ -7.9741, 41.397 ], [ -7.9754, 41.4026 ], [ -7.9678, 41.4001 ], [ -7.9635, 41.4011 ], [ -7.963, 41.4039 ], [ -7.9664, 41.4131 ], [ -7.9611, 41.418 ], [ -7.9412, 41.4307 ], [ -7.939, 41.4364 ], [ -7.9388, 41.4431 ], [ -7.9369, 41.4447 ], [ -7.9438, 41.4526 ], [ -7.9381, 41.462 ], [ -7.937, 41.4713 ], [ -7.9382, 41.4774 ], [ -7.9259, 41.4887 ], [ -7.915, 41.4918 ], [ -7.91, 41.4885 ], [ -7.9042, 41.4889 ], [ -7.9046, 41.4864 ], [ -7.9067, 41.4854 ], [ -7.9033, 41.4806 ], [ -7.9035, 41.4772 ], [ -7.9098, 41.4691 ], [ -7.9094, 41.4659 ], [ -7.902, 41.4597 ], [ -7.9026, 41.4588 ], [ -7.894, 41.4534 ], [ -7.89, 41.4479 ], [ -7.889, 41.4436 ], [ -7.8851, 41.4423 ] ] ] ] } },
{ "type": "Feature", "properties": { "GID_2": "PRT.19.6_1", "GID_0": "PRT", "COUNTRY": "Portugal", "GID_1": "PRT.19_1", "NAME_1": "VilaReal", "NL_NAME_1": "NA", "NAME_2": "Montalegre", "VARNAME_2": "NA", "NL_NAME_2": "NA", "TYPE_2": "Concelho", "ENGTYPE_2": "Municipality", "CC_2": "1706", "HASC_2": "PT.VR.MT" }, "geometry": { "type": "MultiPolygon", "coordinates": [ [ [ [ -7.958, 41.5976 ], [ -7.9655, 41.6038 ], [ -7.987, 41.6008 ], [ -7.9966, 41.6031 ], [ -7.9996, 41.6081 ], [ -8.0004, 41.6155 ], [ -8.003, 41.6209 ], [ -8.0012, 41.6409 ], [ -7.9974, 41.6426 ], [ -7.9976, 41.6449 ], [ -7.9943, 41.648 ], [ -7.994, 41.6506 ], [ -7.9989, 41.6533 ], [ -7.9947, 41.6636 ], [ -7.9859, 41.6696 ], [ -7.9815, 41.6781 ], [ -7.9848, 41.6819 ], [ -7.9889, 41.6818 ], [ -7.9891, 41.6849 ], [ -7.9921, 41.6846 ], [ -7.9973, 41.6878 ], [ -7.9992, 41.6866 ], [ -8.0023, 41.6883 ], [ -8.0038, 41.6868 ], [ -8.009, 41.6906 ], [ -8.018, 41.6892 ], [ -8.0242, 41.6979 ], [ -8.0298, 41.6979 ], [ -8.0373, 41.7008 ], [ -8.0499, 41.6923 ], [ -8.0583, 41.6931 ], [ -8.0653, 41.6918 ], [ -8.0742, 41.6956 ], [ -8.0809, 41.6952 ], [ -8.0863, 41.6924 ], [ -8.0983, 41.6901 ], [ -8.1011, 41.6909 ], [ -8.1047, 41.6889 ], [ -8.1087, 41.691 ], [ -8.1128, 41.6877 ], [ -8.1155, 41.6897 ], [ -8.1194, 41.6892 ], [ -8.1185, 41.6923 ], [ -8.1091, 41.7032 ], [ -8.0949, 41.7068 ], [ -8.0926, 41.7108 ], [ -8.0882, 41.7126 ], [ -8.0845, 41.7224 ], [ -8.0819, 41.7246 ], [ -8.0822, 41.7323 ], [ -8.0808, 41.7353 ], [ -8.0786, 41.7357 ], [ -8.0793, 41.7394 ], [ -8.0766, 41.7407 ], [ -8.0786, 41.743 ], [ -8.0774, 41.7491 ], [ -8.071, 41.7527 ], [ -8.0706, 41.7558 ], [ -8.0641, 41.7581 ], [ -8.0618, 41.7606 ], [ -8.0618, 41.7706 ], [ -8.0636, 41.7737 ], [ -8.0606, 41.7776 ], [ -8.0642, 41.7861 ], [ -8.0608, 41.7873 ], [ -8.0615, 41.7897 ], [ -8.0587, 41.793 ], [ -8.0573, 41.7981 ], [ -8.0487, 41.7997 ], [ -8.0451, 41.8039 ], [ -8.0451, 41.8104 ], [ -8.0485, 41.8135 ], [ -8.0512, 41.8195 ], [ -8.0457, 41.8241 ], [ -8.0413, 41.8252 ], [ -8.0416, 41.8278 ], [ -8.0387, 41.83 ], [ -8.0301, 41.8296 ], [ -8.0193, 41.8321 ], [ -8.0131, 41.8295 ], [ -8.0121, 41.8346 ], [ -8.0058, 41.8446 ], [ -8.006, 41.8471 ], [ -8.003, 41.8503 ], [ -7.9957, 41.8525 ], [ -7.9944, 41.8542 ], [ -7.9956, 41.858 ], [ -7.9894, 41.8595 ], [ -7.9899, 41.8625 ], [ -7.9877, 41.8692 ], [ -7.9715, 41.8764 ], [ -7.9692, 41.8744 ], [ -7.9567, 41.8752 ], [ -7.9561, 41.8732 ], [ -7.9488, 41.871 ], [ -7.9285, 41.8778 ], [ -7.9212, 41.8778 ], [ -7.9197, 41.8802 ], [ -7.9213, 41.8818 ], [ -7.9101, 41.9073 ], [ -7.9097, 41.9225 ], [ -7.9063, 41.9271 ], [ -7.8879, 41.9268 ], [ -7.8847, 41.9243 ], [ -7.8837, 41.9184 ], [ -7.8874, 41.9073 ], [ -7.8844, 41.8891 ], [ -7.8848, 41.8809 ], [ -7.8884, 41.8697 ], [ -7.8882, 41.8661 ], [ -7.8922, 41.8595 ], [ -7.8879, 41.8556 ], [ -7.8816, 41.8561 ], [ -7.8728, 41.8449 ], [ -7.8719, 41.8501 ], [ -7.8663, 41.8589 ], [ -7.859, 41.8605 ], [ -7.8584, 41.8626 ], [ -7.8494, 41.8617 ], [ -7.8415, 41.8665 ], [ -7.8452, 41.8813 ], [ -7.8028, 41.8819 ], [ -7.7869, 41.8841 ], [ -7.7783, 41.8869 ], [ -7.7635, 41.899 ], [ -7.7532, 41.8982 ], [ -7.7498, 41.8948 ], [ -7.745, 41.8931 ], [ -7.7333, 41.8923 ], [ -7.7221, 41.9004 ], [ -7.7041, 41.9073 ], [ -7.6973, 41.9072 ], [ -7.6878, 41.9022 ], [ -7.6779, 41.8931 ], [ -7.6682, 41.8933 ], [ -7.6654, 41.8878 ], [ -7.6538, 41.8812 ], [ -7.6254, 41.8799 ], [ -7.6184, 41.8851 ], [ -7.6076, 41.8795 ], [ -7.5915, 41.8807 ], [ -7.5872, 41.8795 ], [ -7.5858, 41.8819 ], [ -7.5833, 41.8787 ], [ -7.5841, 41.8757 ], [ -7.5886, 41.8735 ], [ -7.5893, 41.8711 ], [ -7.5983, 41.8693 ], [ -7.6018, 41.8665 ], [ -7.5994, 41.8647 ], [ -7.6001, 41.8604 ], [ -7.6072, 41.8526 ], [ -7.6061, 41.8487 ], [ -7.6096, 41.8487 ], [ -7.6115, 41.8467 ], [ -7.6147, 41.8326 ], [ -7.6139, 41.8297 ], [ -7.6106, 41.8285 ], [ -7.6111, 41.827 ], [ -7.6049, 41.8239 ], [ -7.5931, 41.8249 ], [ -7.5805, 41.8123 ], [ -7.5797, 41.8055 ], [ -7.5867, 41.7994 ], [ -7.5907, 41.7869 ], [ -7.6065, 41.7921 ], [ -7.6088, 41.7953 ], [ -7.611, 41.7874 ], [ -7.6216, 41.7839 ], [ -7.6314, 41.775 ], [ -7.635, 41.7714 ], [ -7.6341, 41.7691 ], [ -7.6363, 41.766 ], [ -7.6449, 41.7584 ], [ -7.647, 41.7519 ], [ -7.6462, 41.75 ], [ -7.6483, 41.7479 ], [ -7.6466, 41.7428 ], [ -7.6521, 41.7347 ], [ -7.6577, 41.7321 ], [ -7.6588, 41.7283 ], [ -7.6702, 41.7243 ], [ -7.6771, 41.7251 ], [ -7.6789, 41.7228 ], [ -7.6902, 41.7172 ], [ -7.7166, 41.7186 ], [ -7.7338, 41.722 ], [ -7.758, 41.7181 ], [ -7.7625, 41.7169 ], [ -7.7615, 41.7137 ], [ -7.7648, 41.7082 ], [ -7.7753, 41.7106 ], [ -7.7792, 41.7164 ], [ -7.7849, 41.7203 ], [ -7.791, 41.7197 ], [ -7.7955, 41.7217 ], [ -7.7995, 41.7212 ], [ -7.8061, 41.7151 ], [ -7.813, 41.7231 ], [ -7.8202, 41.7272 ], [ -7.8307, 41.7278 ], [ -7.8435, 41.716 ], [ -7.8413, 41.7135 ], [ -7.84, 41.7011 ], [ -7.8464, 41.692 ], [ -7.8599, 41.6989 ], [ -7.8597, 41.702 ], [ -7.8658, 41.7099 ], [ -7.8773, 41.7125 ], [ -7.8831, 41.7099 ], [ -7.8855, 41.706 ], [ -7.8959, 41.7001 ], [ -7.8981, 41.6866 ], [ -7.8954, 41.6723 ], [ -7.8931, 41.6699 ], [ -7.8972, 41.6687 ], [ -7.9016, 41.6607 ], [ -7.9135, 41.659 ], [ -7.9178, 41.6509 ], [ -7.9106, 41.6452 ], [ -7.9078, 41.6403 ], [ -7.8977, 41.6376 ], [ -7.8982, 41.6357 ], [ -7.9037, 41.6327 ], [ -7.9025, 41.6312 ], [ -7.8759, 41.6202 ], [ -7.8509, 41.6151 ], [ -7.8573, 41.6014 ], [ -7.8641, 41.599 ], [ -7.8659, 41.5955 ], [ -7.8794, 41.5882 ], [ -7.8837, 41.5881 ], [ -7.8913, 41.5934 ], [ -7.9022, 41.587 ], [ -7.9143, 41.5878 ], [ -7.9308, 41.5952 ], [ -7.9405, 41.5945 ], [ -7.9467, 41.5961 ], [ -7.9535, 41.5932 ], [ -7.958, 41.5976 ] ] ] ] } },
{ "type": "Feature", "properties": { "GID_2": "PRT.19.7_1", "GID_0": "PRT", "COUNTRY": "Portugal", "GID_1": "PRT.19_1", "NAME_1": "VilaReal", "NL_NAME_1": "NA", "NAME_2": "Murça", "VARNAME_2": "NA", "NL_NAME_2": "NA", "TYPE_2": "Concelho", "ENGTYPE_2": "Municipality", "CC_2": "1707", "HASC_2": "PT.VR.MU" }, "geometry": { "type": "MultiPolygon", "coordinates": [ [ [ [ -7.4504, 41.3894 ], [ -7.4787, 41.3834 ], [ -7.4945, 41.3863 ], [ -7.5039, 41.3843 ], [ -7.5107, 41.3857 ], [ -7.5145, 41.3886 ], [ -7.5221, 41.4015 ], [ -7.5545, 41.3964 ], [ -7.563, 41.3968 ], [ -7.571, 41.4018 ], [ -7.5829, 41.3997 ], [ -7.5888, 41.4036 ], [ -7.5604, 41.4379 ], [ -7.5509, 41.4401 ], [ -7.5492, 41.4382 ], [ -7.5419, 41.4387 ], [ -7.5304, 41.4428 ], [ -7.5218, 41.4509 ], [ -7.5049, 41.444 ], [ -7.5008, 41.4398 ], [ -7.497, 41.4396 ], [ -7.4983, 41.4417 ], [ -7.4953, 41.4436 ], [ -7.4976, 41.4462 ], [ -7.4923, 41.4487 ], [ -7.4894, 41.4552 ], [ -7.4836, 41.4557 ], [ -7.4844, 41.4603 ], [ -7.4794, 41.4615 ], [ -7.4809, 41.4636 ], [ -7.4727, 41.4694 ], [ -7.4748, 41.4705 ], [ -7.475, 41.4726 ], [ -7.4723, 41.4755 ], [ -7.4714, 41.4794 ], [ -7.4738, 41.4814 ], [ -7.4751, 41.4896 ], [ -7.4804, 41.4961 ], [ -7.4811, 41.4998 ], [ -7.4595, 41.4933 ], [ -7.456, 41.4943 ], [ -7.4549, 41.5003 ], [ -7.4466, 41.4969 ], [ -7.4339, 41.5108 ], [ -7.4307, 41.512 ], [ -7.4209, 41.5279 ], [ -7.4188, 41.5278 ], [ -7.4166, 41.5251 ], [ -7.4073, 41.5221 ], [ -7.4031, 41.5171 ], [ -7.4005, 41.5003 ], [ -7.3835, 41.4899 ], [ -7.3854, 41.4859 ], [ -7.3902, 41.4821 ], [ -7.3963, 41.4829 ], [ -7.4, 41.4791 ], [ -7.4032, 41.4786 ], [ -7.4056, 41.4606 ], [ -7.4037, 41.4587 ], [ -7.3955, 41.4564 ], [ -7.3869, 41.4567 ], [ -7.3737, 41.4534 ], [ -7.374, 41.4516 ], [ -7.3689, 41.4483 ], [ -7.3691, 41.4454 ], [ -7.3648, 41.44 ], [ -7.3653, 41.4365 ], [ -7.3608, 41.4317 ], [ -7.3598, 41.4282 ], [ -7.3611, 41.4259 ], [ -7.3596, 41.4242 ], [ -7.3643, 41.4193 ], [ -7.3635, 41.4177 ], [ -7.3668, 41.4152 ], [ -7.3641, 41.4127 ], [ -7.3663, 41.4113 ], [ -7.3662, 41.4093 ], [ -7.3622, 41.4065 ], [ -7.3664, 41.4037 ], [ -7.3663, 41.397 ], [ -7.3617, 41.3952 ], [ -7.3615, 41.3885 ], [ -7.3581, 41.3883 ], [ -7.3589, 41.385 ], [ -7.3618, 41.3851 ], [ -7.3605, 41.3843 ], [ -7.3614, 41.382 ], [ -7.3568, 41.3794 ], [ -7.3561, 41.3768 ], [ -7.3526, 41.3766 ], [ -7.3552, 41.3716 ], [ -7.3612, 41.3688 ], [ -7.3616, 41.3648 ], [ -7.356, 41.3578 ], [ -7.3481, 41.3516 ], [ -7.3142, 41.3414 ], [ -7.3147, 41.3384 ], [ -7.3322, 41.3368 ], [ -7.3481, 41.3306 ], [ -7.3561, 41.3313 ], [ -7.3625, 41.324 ], [ -7.3644, 41.3272 ], [ -7.369, 41.3278 ], [ -7.3726, 41.3303 ], [ -7.3867, 41.3276 ], [ -7.3916, 41.3341 ], [ -7.3874, 41.3386 ], [ -7.3885, 41.3453 ], [ -7.3945, 41.3506 ], [ -7.3967, 41.3575 ], [ -7.3998, 41.3594 ], [ -7.4043, 41.3585 ], [ -7.4101, 41.3623 ], [ -7.4116, 41.3648 ], [ -7.4103, 41.3708 ], [ -7.4361, 41.3719 ], [ -7.4458, 41.3866 ], [ -7.4504, 41.3894 ] ] ] ] } },
{ "type": "Feature", "properties": { "GID_2": "PRT.19.8_1", "GID_0": "PRT", "COUNTRY": "Portugal", "GID_1": "PRT.19_1", "NAME_1": "VilaReal", "NL_NAME_1": "NA", "NAME_2": "PesodaRégua", "VARNAME_2": "NA", "NL_NAME_2": "NA", "TYPE_2": "Concelho", "ENGTYPE_2": "Municipality", "CC_2": "1708", "HASC_2": "PT.VR.PR" }, "geometry": { "type": "MultiPolygon", "coordinates": [ [ [ [ -7.7008, 41.1419 ], [ -7.7163, 41.1449 ], [ -7.7366, 41.1453 ], [ -7.7635, 41.1524 ], [ -7.7767, 41.1521 ], [ -7.7831, 41.1548 ], [ -7.7873, 41.159 ], [ -7.7975, 41.1618 ], [ -7.8052, 41.1586 ], [ -7.8099, 41.148 ], [ -7.8135, 41.1457 ], [ -7.8173, 41.1461 ], [ -7.8253, 41.1508 ], [ -7.8352, 41.1534 ], [ -7.8331, 41.161 ], [ -7.8249, 41.1671 ], [ -7.8204, 41.1753 ], [ -7.8215, 41.1802 ], [ -7.8271, 41.1832 ], [ -7.8272, 41.1856 ], [ -7.8372, 41.1814 ], [ -7.8413, 41.1842 ], [ -7.8447, 41.1842 ], [ -7.8441, 41.1872 ], [ -7.8461, 41.1878 ], [ -7.8539, 41.185 ], [ -7.8641, 41.1865 ], [ -7.8708, 41.1847 ], [ -7.8776, 41.1867 ], [ -7.8797, 41.189 ], [ -7.881, 41.1949 ], [ -7.8842, 41.1991 ], [ -7.8903, 41.2025 ], [ -7.8941, 41.2092 ], [ -7.8921, 41.2107 ], [ -7.8918, 41.2137 ], [ -7.8883, 41.2178 ], [ -7.8836, 41.2283 ], [ -7.8785, 41.2326 ], [ -7.8798, 41.2343 ], [ -7.8778, 41.2409 ], [ -7.8755, 41.242 ], [ -7.8667, 41.2387 ], [ -7.8654, 41.2401 ], [ -7.8594, 41.2404 ], [ -7.851, 41.2369 ], [ -7.853, 41.2341 ], [ -7.8521, 41.2314 ], [ -7.8536, 41.2312 ], [ -7.8506, 41.2282 ], [ -7.8507, 41.2244 ], [ -7.8483, 41.2226 ], [ -7.8438, 41.2283 ], [ -7.8366, 41.2315 ], [ -7.8305, 41.2262 ], [ -7.8365, 41.2175 ], [ -7.8321, 41.2145 ], [ -7.8363, 41.2105 ], [ -7.8326, 41.2094 ], [ -7.8361, 41.2069 ], [ -7.8378, 41.2009 ], [ -7.8305, 41.2031 ], [ -7.8289, 41.1989 ], [ -7.8242, 41.1944 ], [ -7.8188, 41.1973 ], [ -7.8174, 41.1961 ], [ -7.8136, 41.1973 ], [ -7.8136, 41.1958 ], [ -7.8127, 41.197 ], [ -7.8054, 41.1947 ], [ -7.8053, 41.193 ], [ -7.8013, 41.1942 ], [ -7.7994, 41.1924 ], [ -7.7964, 41.1947 ], [ -7.7922, 41.1907 ], [ -7.7928, 41.1841 ], [ -7.7875, 41.1835 ], [ -7.7864, 41.1804 ], [ -7.7837, 41.1811 ], [ -7.7791, 41.1784 ], [ -7.7794, 41.1771 ], [ -7.7771, 41.1777 ], [ -7.7772, 41.1747 ], [ -7.7732, 41.1778 ], [ -7.7697, 41.1743 ], [ -7.7664, 41.1736 ], [ -7.7644, 41.1757 ], [ -7.7569, 41.1746 ], [ -7.7526, 41.1767 ], [ -7.7518, 41.1791 ], [ -7.7536, 41.181 ], [ -7.7484, 41.1859 ], [ -7.7512, 41.1933 ], [ -7.7448, 41.1955 ], [ -7.7456, 41.1991 ], [ -7.7437, 41.2018 ], [ -7.749, 41.2097 ], [ -7.7398, 41.2074 ], [ -7.7315, 41.2145 ], [ -7.727, 41.2122 ], [ -7.7247, 41.2127 ], [ -7.7254, 41.211 ], [ -7.7219, 41.2101 ], [ -7.7138, 41.2043 ], [ -7.7009, 41.2042 ], [ -7.6909, 41.1999 ], [ -7.683, 41.2011 ], [ -7.6658, 41.1929 ], [ -7.6583, 41.1847 ], [ -7.6498, 41.1821 ], [ -7.6482, 41.1797 ], [ -7.6504, 41.1786 ], [ -7.6489, 41.1783 ], [ -7.6494, 41.1768 ], [ -7.6516, 41.1771 ], [ -7.6501, 41.1736 ], [ -7.6512, 41.1713 ], [ -7.6491, 41.17 ], [ -7.6562, 41.1668 ], [ -7.6582, 41.1648 ], [ -7.6578, 41.1629 ], [ -7.666, 41.1622 ], [ -7.6859, 41.1515 ], [ -7.6914, 41.1444 ], [ -7.6969, 41.1417 ], [ -7.7008, 41.1419 ] ] ] ] } },
{ "type": "Feature", "properties": { "GID_2": "PRT.19.9_1", "GID_0": "PRT", "COUNTRY": "Portugal", "GID_1": "PRT.19_1", "NAME_1": "VilaReal", "NL_NAME_1": "NA", "NAME_2": "RibeiradePena", "VARNAME_2": "NA", "NL_NAME_2": "NA", "TYPE_2": "Concelho", "ENGTYPE_2": "Municipality", "CC_2": "1709", "HASC_2": "PT.VR.RP" }, "geometry": { "type": "MultiPolygon", "coordinates": [ [ [ [ -7.8058, 41.4122 ], [ -7.8204, 41.4142 ], [ -7.8259, 41.427 ], [ -7.8316, 41.4323 ], [ -7.8422, 41.438 ], [ -7.8487, 41.4396 ], [ -7.8551, 41.4443 ], [ -7.8616, 41.444 ], [ -7.8776, 41.4392 ], [ -7.8837, 41.4404 ], [ -7.889, 41.4436 ], [ -7.89, 41.4479 ], [ -7.894, 41.4534 ], [ -7.9026, 41.4588 ], [ -7.902, 41.4597 ], [ -7.9094, 41.4659 ], [ -7.9098, 41.4691 ], [ -7.9035, 41.4772 ], [ -7.9033, 41.4806 ], [ -7.9067, 41.4856 ], [ -7.9046, 41.4864 ], [ -7.9042, 41.4889 ], [ -7.8943, 41.5003 ], [ -7.898, 41.5064 ], [ -7.8943, 41.5132 ], [ -7.8923, 41.5138 ], [ -7.8927, 41.5107 ], [ -7.8886, 41.509 ], [ -7.8716, 41.5096 ], [ -7.8613, 41.5118 ], [ -7.864, 41.5244 ], [ -7.8529, 41.5272 ], [ -7.8505, 41.5326 ], [ -7.8445, 41.5336 ], [ -7.8405, 41.5369 ], [ -7.8371, 41.5365 ], [ -7.8378, 41.5393 ], [ -7.8418, 41.5417 ], [ -7.8372, 41.5449 ], [ -7.8316, 41.5461 ], [ -7.8335, 41.549 ], [ -7.8373, 41.5474 ], [ -7.8374, 41.5514 ], [ -7.8391, 41.5535 ], [ -7.8328, 41.5569 ], [ -7.8204, 41.5565 ], [ -7.8221, 41.5589 ], [ -7.8186, 41.5636 ], [ -7.8138, 41.5653 ], [ -7.8107, 41.5733 ], [ -7.8121, 41.5785 ], [ -7.8071, 41.5839 ], [ -7.8073, 41.5855 ], [ -7.8045, 41.5843 ], [ -7.8013, 41.5889 ], [ -7.788, 41.5869 ], [ -7.7832, 41.5942 ], [ -7.7752, 41.6004 ], [ -7.7607, 41.6206 ], [ -7.7567, 41.6408 ], [ -7.7539, 41.6457 ], [ -7.7442, 41.6503 ], [ -7.7386, 41.6495 ], [ -7.7322, 41.6524 ], [ -7.7284, 41.6493 ], [ -7.7275, 41.646 ], [ -7.7236, 41.6447 ], [ -7.7193, 41.6394 ], [ -7.713, 41.6404 ], [ -7.7094, 41.6351 ], [ -7.704, 41.6316 ], [ -7.7045, 41.6261 ], [ -7.7169, 41.6199 ], [ -7.7187, 41.6069 ], [ -7.7266, 41.6016 ], [ -7.7338, 41.5995 ], [ -7.7323, 41.5975 ], [ -7.7334, 41.5927 ], [ -7.729, 41.5851 ], [ -7.7297, 41.5814 ], [ -7.7228, 41.5789 ], [ -7.7298, 41.5755 ], [ -7.7338, 41.5713 ], [ -7.7324, 41.5684 ], [ -7.7353, 41.5647 ], [ -7.7434, 41.564 ], [ -7.7507, 41.5653 ], [ -7.7486, 41.5613 ], [ -7.754, 41.5592 ], [ -7.7516, 41.5551 ], [ -7.753, 41.5485 ], [ -7.7467, 41.5436 ], [ -7.7385, 41.5412 ], [ -7.7325, 41.5346 ], [ -7.7223, 41.5324 ], [ -7.7162, 41.5255 ], [ -7.7085, 41.5221 ], [ -7.7059, 41.5188 ], [ -7.7134, 41.5149 ], [ -7.7177, 41.5066 ], [ -7.7305, 41.5146 ], [ -7.742, 41.519 ], [ -7.7498, 41.5127 ], [ -7.7565, 41.4978 ], [ -7.7721, 41.4971 ], [ -7.7846, 41.4875 ], [ -7.7771, 41.4766 ], [ -7.7679, 41.4703 ], [ -7.755, 41.4663 ], [ -7.7517, 41.4622 ], [ -7.7428, 41.4579 ], [ -7.7337, 41.4562 ], [ -7.7265, 41.4437 ], [ -7.733, 41.4344 ], [ -7.7344, 41.4215 ], [ -7.737, 41.416 ], [ -7.7473, 41.4054 ], [ -7.7544, 41.4058 ], [ -7.767, 41.4036 ], [ -7.7721, 41.4101 ], [ -7.781, 41.4125 ], [ -7.7887, 41.4114 ], [ -7.8058, 41.4122 ] ] ] ] } },
{ "type": "Feature", "properties": { "GID_2": "PRT.19.10_1", "GID_0": "PRT", "COUNTRY": "Portugal", "GID_1": "PRT.19_1", "NAME_1": "VilaReal", "NL_NAME_1": "NA", "NAME_2": "Sabrosa", "VARNAME_2": "NA", "NL_NAME_2": "NA", "TYPE_2": "Concelho", "ENGTYPE_2": "Municipality", "CC_2": "1710", "HASC_2": "PT.VR.SA" }, "geometry": { "type": "MultiPolygon", "coordinates": [ [ [ [ -7.5476, 41.1957 ], [ -7.5486, 41.188 ], [ -7.5552, 41.1743 ], [ -7.5709, 41.1654 ], [ -7.5758, 41.1601 ], [ -7.5925, 41.1561 ], [ -7.6125, 41.1606 ], [ -7.6367, 41.1585 ], [ -7.6578, 41.1629 ], [ -7.6582, 41.1648 ], [ -7.6562, 41.1668 ], [ -7.6491, 41.17 ], [ -7.6512, 41.1713 ], [ -7.6501, 41.1736 ], [ -7.6516, 41.1771 ], [ -7.6494, 41.1768 ], [ -7.6489, 41.1783 ], [ -7.6504, 41.1786 ], [ -7.6439, 41.1838 ], [ -7.6441, 41.185 ], [ -7.6413, 41.1839 ], [ -7.6389, 41.1859 ], [ -7.6405, 41.1902 ], [ -7.6429, 41.1911 ], [ -7.6418, 41.1926 ], [ -7.6443, 41.1929 ], [ -7.6431, 41.1956 ], [ -7.6449, 41.1968 ], [ -7.6436, 41.1981 ], [ -7.6465, 41.2015 ], [ -7.6453, 41.2026 ], [ -7.6469, 41.2076 ], [ -7.6446, 41.2122 ], [ -7.6484, 41.2126 ], [ -7.6492, 41.2145 ], [ -7.6555, 41.2176 ], [ -7.6523, 41.2227 ], [ -7.6548, 41.225 ], [ -7.6482, 41.2295 ], [ -7.6474, 41.2326 ], [ -7.6511, 41.2351 ], [ -7.649, 41.2379 ], [ -7.6519, 41.2437 ], [ -7.6516, 41.2486 ], [ -7.6407, 41.2537 ], [ -7.637, 41.2602 ], [ -7.6458, 41.2638 ], [ -7.6537, 41.2648 ], [ -7.6443, 41.2693 ], [ -7.6434, 41.2726 ], [ -7.6383, 41.2737 ], [ -7.6388, 41.2765 ], [ -7.6325, 41.2774 ], [ -7.6304, 41.2802 ], [ -7.6324, 41.2827 ], [ -7.6306, 41.2861 ], [ -7.6269, 41.2909 ], [ -7.6211, 41.2946 ], [ -7.6213, 41.2966 ], [ -7.6133, 41.3062 ], [ -7.6127, 41.3118 ], [ -7.6193, 41.3235 ], [ -7.6126, 41.3321 ], [ -7.6003, 41.3531 ], [ -7.6244, 41.3653 ], [ -7.629, 41.3732 ], [ -7.6413, 41.376 ], [ -7.6433, 41.3885 ], [ -7.6509, 41.3961 ], [ -7.6279, 41.4125 ], [ -7.6201, 41.4097 ], [ -7.6196, 41.4014 ], [ -7.6107, 41.3911 ], [ -7.6014, 41.3935 ], [ -7.602, 41.3761 ], [ -7.6037, 41.3735 ], [ -7.602, 41.3726 ], [ -7.6011, 41.3624 ], [ -7.5985, 41.3613 ], [ -7.5951, 41.3565 ], [ -7.5951, 41.3533 ], [ -7.592, 41.3529 ], [ -7.5918, 41.3506 ], [ -7.5887, 41.3492 ], [ -7.5904, 41.3476 ], [ -7.5882, 41.3455 ], [ -7.5907, 41.3423 ], [ -7.5828, 41.3419 ], [ -7.5809, 41.3393 ], [ -7.5832, 41.3361 ], [ -7.5801, 41.3337 ], [ -7.5791, 41.3304 ], [ -7.5736, 41.3292 ], [ -7.5756, 41.3274 ], [ -7.5747, 41.3253 ], [ -7.5708, 41.3246 ], [ -7.5704, 41.3228 ], [ -7.574, 41.3221 ], [ -7.5697, 41.3187 ], [ -7.571, 41.3178 ], [ -7.5701, 41.3165 ], [ -7.5681, 41.3158 ], [ -7.5712, 41.3132 ], [ -7.5697, 41.3117 ], [ -7.573, 41.3097 ], [ -7.5707, 41.3089 ], [ -7.5709, 41.3072 ], [ -7.5656, 41.3065 ], [ -7.5695, 41.3019 ], [ -7.569, 41.3 ], [ -7.5644, 41.3003 ], [ -7.5633, 41.2988 ], [ -7.5646, 41.297 ], [ -7.5598, 41.296 ], [ -7.5615, 41.2881 ], [ -7.5574, 41.2874 ], [ -7.5572, 41.2855 ], [ -7.5597, 41.2848 ], [ -7.5556, 41.2807 ], [ -7.5571, 41.278 ], [ -7.5539, 41.2766 ], [ -7.5552, 41.2741 ], [ -7.55, 41.2726 ], [ -7.5514, 41.2672 ], [ -7.5488, 41.2676 ], [ -7.5443, 41.2639 ], [ -7.5423, 41.26 ], [ -7.544, 41.258 ], [ -7.5403, 41.2583 ], [ -7.5374, 41.2565 ], [ -7.5389, 41.2546 ], [ -7.538, 41.2525 ], [ -7.5437, 41.2471 ], [ -7.5424, 41.2459 ], [ -7.5368, 41.2472 ], [ -7.5369, 41.2428 ], [ -7.5396, 41.2403 ], [ -7.5379, 41.2369 ], [ -7.5403, 41.2381 ], [ -7.5408, 41.2369 ], [ -7.5315, 41.2333 ], [ -7.5372, 41.2294 ], [ -7.5386, 41.2311 ], [ -7.5406, 41.2297 ], [ -7.537, 41.224 ], [ -7.5393, 41.2224 ], [ -7.5397, 41.2194 ], [ -7.5428, 41.2202 ], [ -7.5442, 41.2167 ], [ -7.547, 41.2157 ], [ -7.5438, 41.2135 ], [ -7.5481, 41.2129 ], [ -7.5484, 41.2099 ], [ -7.5439, 41.2089 ], [ -7.5431, 41.2059 ], [ -7.5405, 41.2043 ], [ -7.5444, 41.1974 ], [ -7.5476, 41.1957 ] ] ] ] } },
{ "type": "Feature", "properties": { "GID_2": "PRT.19.11_1", "GID_0": "PRT", "COUNTRY": "Portugal", "GID_1": "PRT.19_1", "NAME_1": "VilaReal", "NL_NAME_1": "NA", "NAME_2": "SantaMartadePenaguião", "VARNAME_2": "NA", "NL_NAME_2": "NA", "TYPE_2": "Concelho", "ENGTYPE_2": "Municipality", "CC_2": "1711", "HASC_2": "PT.VR.SM" }, "geometry": { "type": "MultiPolygon", "coordinates": [ [ [ [ -7.7926, 41.1844 ], [ -7.7923, 41.1909 ], [ -7.7965, 41.1947 ], [ -7.7994, 41.1924 ], [ -7.8013, 41.1942 ], [ -7.8053, 41.193 ], [ -7.8054, 41.1947 ], [ -7.8127, 41.197 ], [ -7.8136, 41.1958 ], [ -7.8136, 41.1973 ], [ -7.8174, 41.1961 ], [ -7.8188, 41.1973 ], [ -7.8242, 41.1944 ], [ -7.8289, 41.1989 ], [ -7.8305, 41.2031 ], [ -7.8378, 41.2009 ], [ -7.8361, 41.2069 ], [ -7.8326, 41.2094 ], [ -7.8363, 41.2105 ], [ -7.8321, 41.2145 ], [ -7.8365, 41.2175 ], [ -7.8305, 41.2262 ], [ -7.8364, 41.2314 ], [ -7.8438, 41.2283 ], [ -7.8481, 41.2225 ], [ -7.8507, 41.2244 ], [ -7.8506, 41.2282 ], [ -7.8536, 41.2312 ], [ -7.8521, 41.2314 ], [ -7.853, 41.2341 ], [ -7.851, 41.2369 ], [ -7.8594, 41.2404 ], [ -7.8694, 41.239 ], [ -7.8836, 41.2478 ], [ -7.8956, 41.2487 ], [ -7.8948, 41.2501 ], [ -7.8771, 41.2629 ], [ -7.8696, 41.2616 ], [ -7.8685, 41.2642 ], [ -7.8655, 41.2647 ], [ -7.8626, 41.2631 ], [ -7.8607, 41.264 ], [ -7.861, 41.2657 ], [ -7.8567, 41.2662 ], [ -7.8525, 41.2633 ], [ -7.8438, 41.2622 ], [ -7.8402, 41.2656 ], [ -7.8333, 41.2641 ], [ -7.8286, 41.2658 ], [ -7.8239, 41.2645 ], [ -7.8221, 41.2616 ], [ -7.8179, 41.2622 ], [ -7.8184, 41.2604 ], [ -7.8159, 41.2599 ], [ -7.8113, 41.2557 ], [ -7.8046, 41.2577 ], [ -7.8012, 41.2608 ], [ -7.7988, 41.2604 ], [ -7.797, 41.2571 ], [ -7.7985, 41.2518 ], [ -7.7902, 41.2493 ], [ -7.7881, 41.246 ], [ -7.7831, 41.2475 ], [ -7.7799, 41.2503 ], [ -7.7792, 41.2531 ], [ -7.7818, 41.2574 ], [ -7.778, 41.264 ], [ -7.7743, 41.2635 ], [ -7.7691, 41.2674 ], [ -7.7657, 41.2659 ], [ -7.7623, 41.2674 ], [ -7.7602, 41.2714 ], [ -7.7579, 41.2708 ], [ -7.7552, 41.2729 ], [ -7.749, 41.2678 ], [ -7.7483, 41.264 ], [ -7.7508, 41.2624 ], [ -7.7487, 41.2548 ], [ -7.7536, 41.2534 ], [ -7.7518, 41.2501 ], [ -7.7537, 41.2472 ], [ -7.7526, 41.2455 ], [ -7.7568, 41.2454 ], [ -7.7526, 41.2395 ], [ -7.7561, 41.237 ], [ -7.7501, 41.2357 ], [ -7.7521, 41.2344 ], [ -7.7522, 41.232 ], [ -7.759, 41.2306 ], [ -7.7639, 41.2215 ], [ -7.7605, 41.2172 ], [ -7.761, 41.2157 ], [ -7.7584, 41.214 ], [ -7.7527, 41.2121 ], [ -7.7532, 41.2144 ], [ -7.7501, 41.2141 ], [ -7.7518, 41.2107 ], [ -7.7439, 41.2031 ], [ -7.7457, 41.198 ], [ -7.7443, 41.1962 ], [ -7.7513, 41.1931 ], [ -7.7486, 41.1854 ], [ -7.7536, 41.181 ], [ -7.7518, 41.1791 ], [ -7.7527, 41.1767 ], [ -7.7569, 41.1746 ], [ -7.7644, 41.1757 ], [ -7.7664, 41.1736 ], [ -7.7697, 41.1743 ], [ -7.7732, 41.1778 ], [ -7.7773, 41.1748 ], [ -7.7771, 41.1777 ], [ -7.7794, 41.1771 ], [ -7.7791, 41.1784 ], [ -7.7823, 41.1805 ], [ -7.7864, 41.1804 ], [ -7.7866, 41.1831 ], [ -7.7926, 41.1844 ] ] ] ] } },
{ "type": "Feature", "properties": { "GID_2": "PRT.19.12_1", "GID_0": "PRT", "COUNTRY": "Portugal", "GID_1": "PRT.19_1", "NAME_1": "VilaReal", "NL_NAME_1": "NA", "NAME_2": "Valpaços", "VARNAME_2": "NA", "NL_NAME_2": "NA", "TYPE_2": "Concelho", "ENGTYPE_2": "Municipality", "CC_2": "1712", "HASC_2": "PT.VR.VA" }, "geometry": { "type": "MultiPolygon", "coordinates": [ [ [ [ -7.3262, 41.4603 ], [ -7.3306, 41.459 ], [ -7.3327, 41.4512 ], [ -7.3445, 41.4527 ], [ -7.3472, 41.4503 ], [ -7.3554, 41.4482 ], [ -7.3653, 41.4404 ], [ -7.3691, 41.4454 ], [ -7.3689, 41.4483 ], [ -7.374, 41.4516 ], [ -7.3737, 41.4534 ], [ -7.4037, 41.4587 ], [ -7.4056, 41.4606 ], [ -7.4054, 41.4682 ], [ -7.4032, 41.4786 ], [ -7.4, 41.4791 ], [ -7.3963, 41.4829 ], [ -7.3902, 41.4821 ], [ -7.3854, 41.4859 ], [ -7.3835, 41.4899 ], [ -7.4005, 41.5003 ], [ -7.4031, 41.5171 ], [ -7.4073, 41.5221 ], [ -7.4166, 41.5251 ], [ -7.4188, 41.5278 ], [ -7.4209, 41.5279 ], [ -7.4307, 41.512 ], [ -7.4339, 41.5108 ], [ -7.4466, 41.4969 ], [ -7.4549, 41.5003 ], [ -7.456, 41.4943 ], [ -7.4595, 41.4933 ], [ -7.4812, 41.4999 ], [ -7.4838, 41.5018 ], [ -7.4889, 41.5133 ], [ -7.4986, 41.5262 ], [ -7.5004, 41.5363 ], [ -7.5141, 41.5533 ], [ -7.5175, 41.5622 ], [ -7.5253, 41.5635 ], [ -7.5229, 41.5667 ], [ -7.5283, 41.5685 ], [ -7.5311, 41.5754 ], [ -7.5296, 41.577 ], [ -7.528, 41.5904 ], [ -7.5239, 41.5933 ], [ -7.5178, 41.5936 ], [ -7.5071, 41.5813 ], [ -7.4978, 41.5857 ], [ -7.494, 41.5936 ], [ -7.4906, 41.5946 ], [ -7.48, 41.5932 ], [ -7.4663, 41.6006 ], [ -7.4598, 41.6023 ], [ -7.4541, 41.6073 ], [ -7.4507, 41.6124 ], [ -7.4454, 41.6167 ], [ -7.4437, 41.6281 ], [ -7.4496, 41.6318 ], [ -7.4538, 41.6394 ], [ -7.4491, 41.644 ], [ -7.444, 41.6461 ], [ -7.4284, 41.6461 ], [ -7.4297, 41.6519 ], [ -7.4208, 41.6605 ], [ -7.4201, 41.6629 ], [ -7.4263, 41.6711 ], [ -7.4338, 41.675 ], [ -7.433, 41.6856 ], [ -7.4297, 41.686 ], [ -7.4257, 41.6903 ], [ -7.413, 41.6904 ], [ -7.4158, 41.6955 ], [ -7.4149, 41.7032 ], [ -7.4083, 41.7061 ], [ -7.3945, 41.7082 ], [ -7.3882, 41.7011 ], [ -7.3765, 41.7 ], [ -7.3707, 41.6958 ], [ -7.377, 41.6834 ], [ -7.3775, 41.6762 ], [ -7.3645, 41.6739 ], [ -7.3652, 41.678 ], [ -7.3606, 41.6808 ], [ -7.3585, 41.689 ], [ -7.3718, 41.7007 ], [ -7.3684, 41.703 ], [ -7.3659, 41.7151 ], [ -7.3574, 41.7167 ], [ -7.3379, 41.7254 ], [ -7.3297, 41.7242 ], [ -7.3194, 41.7393 ], [ -7.3143, 41.7405 ], [ -7.3069, 41.7463 ], [ -7.306, 41.7482 ], [ -7.3078, 41.7516 ], [ -7.3067, 41.7533 ], [ -7.2968, 41.7617 ], [ -7.2817, 41.77 ], [ -7.2806, 41.774 ], [ -7.2635, 41.7765 ], [ -7.2521, 41.7728 ], [ -7.2423, 41.7739 ], [ -7.2348, 41.7686 ], [ -7.222, 41.7686 ], [ -7.2099, 41.7718 ], [ -7.2144, 41.777 ], [ -7.2079, 41.782 ], [ -7.2048, 41.7809 ], [ -7.2007, 41.7821 ], [ -7.1968, 41.7799 ], [ -7.1962, 41.7816 ], [ -7.1894, 41.7834 ], [ -7.1884, 41.7823 ], [ -7.1894, 41.7779 ], [ -7.1824, 41.7792 ], [ -7.1796, 41.7732 ], [ -7.1742, 41.7733 ], [ -7.1712, 41.7699 ], [ -7.1706, 41.7676 ], [ -7.174, 41.762 ], [ -7.1737, 41.7601 ], [ -7.1776, 41.758 ], [ -7.1739, 41.7531 ], [ -7.1742, 41.7491 ], [ -7.172, 41.7447 ], [ -7.1764, 41.7367 ], [ -7.1835, 41.7347 ], [ -7.1886, 41.7352 ], [ -7.1919, 41.733 ], [ -7.1952, 41.728 ], [ -7.1962, 41.7198 ], [ -7.2049, 41.7168 ], [ -7.2087, 41.7121 ], [ -7.2133, 41.6927 ], [ -7.214, 41.6803 ], [ -7.2204, 41.6744 ], [ -7.2292, 41.6578 ], [ -7.2429, 41.6421 ], [ -7.2481, 41.6296 ], [ -7.2454, 41.6269 ], [ -7.2444, 41.6192 ], [ -7.2455, 41.6159 ], [ -7.249, 41.6157 ], [ -7.2522, 41.6125 ], [ -7.2553, 41.5986 ], [ -7.2587, 41.5914 ], [ -7.2531, 41.5826 ], [ -7.2591, 41.5722 ], [ -7.2584, 41.5632 ], [ -7.2499, 41.5546 ], [ -7.2486, 41.5459 ], [ -7.2399, 41.5422 ], [ -7.24, 41.5353 ], [ -7.232, 41.5309 ], [ -7.2324, 41.5249 ], [ -7.2291, 41.5228 ], [ -7.238, 41.5189 ], [ -7.2839, 41.5156 ], [ -7.2911, 41.5088 ], [ -7.2883, 41.5052 ], [ -7.2924, 41.5012 ], [ -7.2973, 41.4992 ], [ -7.2965, 41.4953 ], [ -7.3015, 41.4875 ], [ -7.3008, 41.4842 ], [ -7.3023, 41.4823 ], [ -7.3008, 41.4794 ], [ -7.3032, 41.4758 ], [ -7.3046, 41.4688 ], [ -7.2978, 41.4651 ], [ -7.3076, 41.4613 ], [ -7.3262, 41.4603 ] ] ] ] } },
{ "type": "Feature", "properties": { "GID_2": "PRT.19.13_1", "GID_0": "PRT", "COUNTRY": "Portugal", "GID_1": "PRT.19_1", "NAME_1": "VilaReal", "NL_NAME_1": "NA", "NAME_2": "VilaPoucadeAguiar", "VARNAME_2": "NA", "NL_NAME_2": "NA", "TYPE_2": "Concelho", "ENGTYPE_2": "Municipality", "CC_2": "1713", "HASC_2": "PT.VR.VP" }, "geometry": { "type": "MultiPolygon", "coordinates": [ [ [ [ -7.5976, 41.3964 ], [ -7.6014, 41.3935 ], [ -7.6107, 41.3911 ], [ -7.6196, 41.4014 ], [ -7.6201, 41.4097 ], [ -7.6279, 41.4125 ], [ -7.6509, 41.3961 ], [ -7.6975, 41.4134 ], [ -7.7071, 41.4129 ], [ -7.7224, 41.4189 ], [ -7.7343, 41.4215 ], [ -7.733, 41.4344 ], [ -7.7265, 41.4438 ], [ -7.7337, 41.4562 ], [ -7.7428, 41.4579 ], [ -7.7517, 41.4622 ], [ -7.755, 41.4663 ], [ -7.7679, 41.4703 ], [ -7.7771, 41.4766 ], [ -7.7846, 41.4875 ], [ -7.7721, 41.4971 ], [ -7.7565, 41.4978 ], [ -7.7498, 41.5127 ], [ -7.742, 41.519 ], [ -7.7305, 41.5146 ], [ -7.7177, 41.5066 ], [ -7.7134, 41.5149 ], [ -7.7059, 41.5188 ], [ -7.7085, 41.5221 ], [ -7.7162, 41.5255 ], [ -7.7223, 41.5324 ], [ -7.7325, 41.5346 ], [ -7.7385, 41.5412 ], [ -7.7467, 41.5436 ], [ -7.753, 41.5485 ], [ -7.7516, 41.5551 ], [ -7.754, 41.5592 ], [ -7.7486, 41.5613 ], [ -7.7507, 41.5653 ], [ -7.7357, 41.5646 ], [ -7.7324, 41.5684 ], [ -7.7338, 41.5713 ], [ -7.7304, 41.575 ], [ -7.7204, 41.5806 ], [ -7.7153, 41.58 ], [ -7.7108, 41.5835 ], [ -7.7036, 41.5818 ], [ -7.6994, 41.5829 ], [ -7.6981, 41.5864 ], [ -7.7063, 41.5887 ], [ -7.7092, 41.5916 ], [ -7.7014, 41.5988 ], [ -7.6928, 41.5986 ], [ -7.6854, 41.6043 ], [ -7.6731, 41.6071 ], [ -7.6713, 41.6111 ], [ -7.6743, 41.6155 ], [ -7.6661, 41.6259 ], [ -7.6438, 41.6355 ], [ -7.6387, 41.634 ], [ -7.6205, 41.6397 ], [ -7.6115, 41.6322 ], [ -7.6013, 41.6289 ], [ -7.5976, 41.6249 ], [ -7.5913, 41.6242 ], [ -7.5865, 41.6003 ], [ -7.5753, 41.5959 ], [ -7.5574, 41.6041 ], [ -7.5522, 41.6131 ], [ -7.5498, 41.6145 ], [ -7.5369, 41.6145 ], [ -7.5299, 41.6177 ], [ -7.5232, 41.6164 ], [ -7.5187, 41.6127 ], [ -7.5195, 41.6092 ], [ -7.5153, 41.607 ], [ -7.5201, 41.6009 ], [ -7.5178, 41.5936 ], [ -7.5239, 41.5933 ], [ -7.528, 41.5904 ], [ -7.5296, 41.577 ], [ -7.5311, 41.5754 ], [ -7.5283, 41.5685 ], [ -7.5229, 41.5667 ], [ -7.5253, 41.5635 ], [ -7.5175, 41.5622 ], [ -7.5141, 41.5533 ], [ -7.5004, 41.5363 ], [ -7.4986, 41.5262 ], [ -7.4889, 41.5133 ], [ -7.4838, 41.5018 ], [ -7.4761, 41.4914 ], [ -7.4738, 41.4814 ], [ -7.4714, 41.4794 ], [ -7.4723, 41.4755 ], [ -7.475, 41.4726 ], [ -7.4748, 41.4705 ], [ -7.4727, 41.4695 ], [ -7.4736, 41.4681 ], [ -7.4809, 41.4636 ], [ -7.4794, 41.4615 ], [ -7.4844, 41.4603 ], [ -7.4836, 41.4556 ], [ -7.4894, 41.4552 ], [ -7.4923, 41.4487 ], [ -7.4976, 41.4462 ], [ -7.4953, 41.4436 ], [ -7.4983, 41.4417 ], [ -7.497, 41.4396 ], [ -7.5008, 41.4398 ], [ -7.5049, 41.444 ], [ -7.5218, 41.4509 ], [ -7.5304, 41.4428 ], [ -7.5419, 41.4387 ], [ -7.5492, 41.4382 ], [ -7.5509, 41.4401 ], [ -7.5604, 41.4379 ], [ -7.5877, 41.4045 ], [ -7.5976, 41.3964 ] ] ] ] } },
{ "type": "Feature", "properties": { "GID_2": "PRT.19.14_1", "GID_0": "PRT", "COUNTRY": "Portugal", "GID_1": "PRT.19_1", "NAME_1": "VilaReal", "NL_NAME_1": "NA", "NAME_2": "VilaReal", "VARNAME_2": "NA", "NL_NAME_2": "NA", "TYPE_2": "Concelho", "ENGTYPE_2": "Municipality", "CC_2": "1714", "HASC_2": "PT.VR.VR" }, "geometry": { "type": "MultiPolygon", "coordinates": [ [ [ [ -7.725, 41.2124 ], [ -7.7315, 41.2145 ], [ -7.7398, 41.2074 ], [ -7.7485, 41.2103 ], [ -7.749, 41.2087 ], [ -7.7511, 41.2097 ], [ -7.7501, 41.2141 ], [ -7.7532, 41.2144 ], [ -7.7527, 41.2121 ], [ -7.761, 41.2157 ], [ -7.7605, 41.2172 ], [ -7.7639, 41.2215 ], [ -7.7613, 41.2273 ], [ -7.7584, 41.231 ], [ -7.7522, 41.232 ], [ -7.7521, 41.2344 ], [ -7.7501, 41.2357 ], [ -7.7561, 41.237 ], [ -7.7526, 41.2395 ], [ -7.7568, 41.2454 ], [ -7.7526, 41.2455 ], [ -7.7537, 41.2472 ], [ -7.7518, 41.2501 ], [ -7.7536, 41.2534 ], [ -7.7487, 41.2548 ], [ -7.7508, 41.2624 ], [ -7.7483, 41.264 ], [ -7.749, 41.2678 ], [ -7.7553, 41.273 ], [ -7.7579, 41.2708 ], [ -7.7602, 41.2714 ], [ -7.7623, 41.2674 ], [ -7.7657, 41.2659 ], [ -7.7691, 41.2674 ], [ -7.7743, 41.2635 ], [ -7.778, 41.264 ], [ -7.7818, 41.2574 ], [ -7.7792, 41.2531 ], [ -7.7799, 41.2503 ], [ -7.7831, 41.2475 ], [ -7.7881, 41.246 ], [ -7.7902, 41.2493 ], [ -7.7985, 41.2518 ], [ -7.797, 41.2571 ], [ -7.7988, 41.2604 ], [ -7.8012, 41.2608 ], [ -7.8046, 41.2577 ], [ -7.8113, 41.2557 ], [ -7.8159, 41.2599 ], [ -7.8184, 41.2604 ], [ -7.8179, 41.2622 ], [ -7.8221, 41.2616 ], [ -7.8239, 41.2645 ], [ -7.8286, 41.2658 ], [ -7.8333, 41.2641 ], [ -7.8402, 41.2656 ], [ -7.8438, 41.2622 ], [ -7.8525, 41.2633 ], [ -7.8567, 41.2662 ], [ -7.861, 41.2657 ], [ -7.8607, 41.264 ], [ -7.8626, 41.2631 ], [ -7.8655, 41.2647 ], [ -7.8685, 41.2642 ], [ -7.8696, 41.2616 ], [ -7.8771, 41.2629 ], [ -7.8949, 41.2499 ], [ -7.8958, 41.2555 ], [ -7.894, 41.2601 ], [ -7.8968, 41.2636 ], [ -7.8964, 41.2675 ], [ -7.9045, 41.2719 ], [ -7.9162, 41.2726 ], [ -7.9141, 41.2805 ], [ -7.9186, 41.284 ], [ -7.9213, 41.2906 ], [ -7.9175, 41.2924 ], [ -7.9154, 41.2976 ], [ -7.8988, 41.3076 ], [ -7.8974, 41.3096 ], [ -7.8982, 41.3129 ], [ -7.8961, 41.3156 ], [ -7.8864, 41.3182 ], [ -7.869, 41.3259 ], [ -7.8529, 41.3277 ], [ -7.8343, 41.3435 ], [ -7.8196, 41.3645 ], [ -7.8216, 41.3787 ], [ -7.8159, 41.3918 ], [ -7.8058, 41.3933 ], [ -7.8007, 41.3978 ], [ -7.7949, 41.3999 ], [ -7.7887, 41.4114 ], [ -7.7814, 41.4126 ], [ -7.7732, 41.4106 ], [ -7.767, 41.4036 ], [ -7.7544, 41.4058 ], [ -7.7473, 41.4054 ], [ -7.7371, 41.4159 ], [ -7.7344, 41.4215 ], [ -7.7224, 41.4189 ], [ -7.7071, 41.4129 ], [ -7.6975, 41.4134 ], [ -7.6499, 41.3958 ], [ -7.6433, 41.3885 ], [ -7.6413, 41.376 ], [ -7.629, 41.3732 ], [ -7.6244, 41.3653 ], [ -7.6003, 41.3531 ], [ -7.6126, 41.3321 ], [ -7.6193, 41.3235 ], [ -7.6127, 41.3118 ], [ -7.6133, 41.3062 ], [ -7.6213, 41.2966 ], [ -7.6211, 41.2946 ], [ -7.6269, 41.2909 ], [ -7.6306, 41.2861 ], [ -7.6324, 41.2827 ], [ -7.6304, 41.2802 ], [ -7.6325, 41.2774 ], [ -7.6388, 41.2765 ], [ -7.6383, 41.2737 ], [ -7.6434, 41.2726 ], [ -7.6443, 41.2693 ], [ -7.6537, 41.2648 ], [ -7.6458, 41.2638 ], [ -7.637, 41.2602 ], [ -7.6407, 41.2537 ], [ -7.6516, 41.2486 ], [ -7.6519, 41.2437 ], [ -7.649, 41.2379 ], [ -7.6511, 41.2351 ], [ -7.6474, 41.2326 ], [ -7.6482, 41.2295 ], [ -7.6548, 41.225 ], [ -7.6523, 41.2227 ], [ -7.6555, 41.2176 ], [ -7.6492, 41.2145 ], [ -7.6484, 41.2126 ], [ -7.6446, 41.2122 ], [ -7.6469, 41.2076 ], [ -7.6453, 41.2026 ], [ -7.6465, 41.2015 ], [ -7.6436, 41.1981 ], [ -7.6449, 41.1968 ], [ -7.6431, 41.1956 ], [ -7.6443, 41.1929 ], [ -7.6418, 41.1926 ], [ -7.6429, 41.1911 ], [ -7.6405, 41.1902 ], [ -7.639, 41.1859 ], [ -7.6413, 41.1839 ], [ -7.6441, 41.185 ], [ -7.6482, 41.1797 ], [ -7.6516, 41.1834 ], [ -7.6583, 41.1847 ], [ -7.6655, 41.1927 ], [ -7.6724, 41.1966 ], [ -7.683, 41.2011 ], [ -7.6909, 41.1999 ], [ -7.7009, 41.2042 ], [ -7.7138, 41.2043 ], [ -7.7219, 41.2101 ], [ -7.724, 41.2099 ], [ -7.725, 41.2124 ] ] ] ] } },
{ "type": "Feature", "properties": { "GID_2": "PRT.20.1_1", "GID_0": "PRT", "COUNTRY": "Portugal", "GID_1": "PRT.20_1", "NAME_1": "Viseu", "NL_NAME_1": "NA", "NAME_2": "Armamar", "VARNAME_2": "NA", "NL_NAME_2": "NA", "TYPE_2": "Concelho", "ENGTYPE_2": "Municipality", "CC_2": "1801", "HASC_2": "PT.VI.AR" }, "geometry": { "type": "MultiPolygon", "coordinates": [ [ [ [ -7.6807, 41.0405 ], [ -7.6889, 41.0462 ], [ -7.692, 41.0425 ], [ -7.6951, 41.0428 ], [ -7.6941, 41.0388 ], [ -7.7007, 41.0343 ], [ -7.7014, 41.0369 ], [ -7.7063, 41.0379 ], [ -7.71, 41.0415 ], [ -7.7175, 41.043 ], [ -7.717, 41.0469 ], [ -7.7204, 41.0476 ], [ -7.7207, 41.0505 ], [ -7.7165, 41.0601 ], [ -7.7109, 41.0588 ], [ -7.7073, 41.0608 ], [ -7.7035, 41.0587 ], [ -7.6986, 41.0625 ], [ -7.7047, 41.0714 ], [ -7.7136, 41.0747 ], [ -7.7175, 41.0785 ], [ -7.7223, 41.0804 ], [ -7.7563, 41.0806 ], [ -7.7571, 41.0884 ], [ -7.7558, 41.091 ], [ -7.7578, 41.0924 ], [ -7.7521, 41.0941 ], [ -7.7471, 41.0985 ], [ -7.7466, 41.1021 ], [ -7.7435, 41.106 ], [ -7.7471, 41.1133 ], [ -7.7467, 41.1209 ], [ -7.742, 41.131 ], [ -7.7379, 41.1299 ], [ -7.734, 41.1346 ], [ -7.7314, 41.1349 ], [ -7.7322, 41.1392 ], [ -7.73, 41.1448 ], [ -7.7163, 41.1449 ], [ -7.6974, 41.1416 ], [ -7.6914, 41.1444 ], [ -7.6853, 41.1519 ], [ -7.6652, 41.1626 ], [ -7.6578, 41.1629 ], [ -7.6403, 41.1588 ], [ -7.6367, 41.1536 ], [ -7.6374, 41.1522 ], [ -7.6222, 41.1431 ], [ -7.6264, 41.1396 ], [ -7.636, 41.1359 ], [ -7.6361, 41.1336 ], [ -7.6301, 41.1335 ], [ -7.6326, 41.1318 ], [ -7.6332, 41.1285 ], [ -7.6309, 41.1151 ], [ -7.6271, 41.1058 ], [ -7.6277, 41.101 ], [ -7.6268, 41.0985 ], [ -7.6181, 41.0985 ], [ -7.616, 41.0786 ], [ -7.6228, 41.0781 ], [ -7.6209, 41.0577 ], [ -7.6253, 41.0535 ], [ -7.6252, 41.05 ], [ -7.6293, 41.0484 ], [ -7.63, 41.0446 ], [ -7.6336, 41.042 ], [ -7.6318, 41.0349 ], [ -7.6324, 41.0307 ], [ -7.6379, 41.0265 ], [ -7.6372, 41.0221 ], [ -7.6342, 41.019 ], [ -7.6536, 41.0217 ], [ -7.6598, 41.0319 ], [ -7.6665, 41.0275 ], [ -7.6719, 41.026 ], [ -7.6732, 41.0271 ], [ -7.6725, 41.0313 ], [ -7.6751, 41.0382 ], [ -7.6807, 41.0405 ] ] ] ] } },
{ "type": "Feature", "properties": { "GID_2": "PRT.20.3_1", "GID_0": "PRT", "COUNTRY": "Portugal", "GID_1": "PRT.20_1", "NAME_1": "Viseu", "NL_NAME_1": "NA", "NAME_2": "CastroDaire", "VARNAME_2": "NA", "NL_NAME_2": "NA", "TYPE_2": "Concelho", "ENGTYPE_2": "Municipality", "CC_2": "1803", "HASC_2": "PT.VI.CD" }, "geometry": { "type": "MultiPolygon", "coordinates": [ [ [ [ -7.992, 40.8722 ], [ -7.9922, 40.8761 ], [ -8.0008, 40.8753 ], [ -8.0067, 40.8684 ], [ -8.0164, 40.8817 ], [ -8.0143, 40.8862 ], [ -8.0159, 40.8879 ], [ -8.0099, 40.8919 ], [ -8.0138, 40.8973 ], [ -8.0173, 40.8992 ], [ -8.0196, 40.8943 ], [ -8.0191, 40.8907 ], [ -8.0215, 40.888 ], [ -8.0267, 40.8896 ], [ -8.0364, 40.8856 ], [ -8.048, 40.8876 ], [ -8.0501, 40.8925 ], [ -8.049, 40.8994 ], [ -8.0392, 40.9094 ], [ -8.0413, 40.9129 ], [ -8.0368, 40.9155 ], [ -8.036, 40.918 ], [ -8.0405, 40.9191 ], [ -8.0436, 40.9149 ], [ -8.0476, 40.9181 ], [ -8.0535, 40.9163 ], [ -8.0604, 40.9194 ], [ -8.062, 40.9167 ], [ -8.0639, 40.9164 ], [ -8.0644, 40.9181 ], [ -8.061, 40.9217 ], [ -8.06, 40.9257 ], [ -8.0609, 40.9272 ], [ -8.065, 40.9275 ], [ -8.064, 40.9296 ], [ -8.0668, 40.9318 ], [ -8.0741, 40.9305 ], [ -8.0747, 40.9334 ], [ -8.08, 40.9334 ], [ -8.0835, 40.9356 ], [ -8.0852, 40.9322 ], [ -8.0891, 40.9307 ], [ -8.0983, 40.9342 ], [ -8.1022, 40.9287 ], [ -8.1067, 40.9314 ], [ -8.104, 40.9362 ], [ -8.1132, 40.9362 ], [ -8.1137, 40.9325 ], [ -8.1189, 40.9335 ], [ -8.1185, 40.9312 ], [ -8.1213, 40.9275 ], [ -8.1198, 40.9244 ], [ -8.1215, 40.9209 ], [ -8.1231, 40.9252 ], [ -8.1272, 40.9284 ], [ -8.127, 40.9324 ], [ -8.1305, 40.9358 ], [ -8.1326, 40.9477 ], [ -8.1315, 40.9506 ], [ -8.1222, 40.9547 ], [ -8.1169, 40.9649 ], [ -8.1049, 40.9735 ], [ -8.1015, 40.9735 ], [ -8.1002, 40.98 ], [ -8.0892, 40.9876 ], [ -8.088, 40.9859 ], [ -8.0773, 40.9835 ], [ -8.0612, 40.9817 ], [ -8.051, 40.9865 ], [ -8.048, 40.9845 ], [ -8.0404, 40.9847 ], [ -8.0402, 40.9823 ], [ -8.0346, 40.9761 ], [ -8.0196, 40.9647 ], [ -8.0026, 40.9681 ], [ -7.9976, 40.9672 ], [ -7.9908, 40.9708 ], [ -7.9908, 40.9732 ], [ -7.9811, 40.9758 ], [ -7.9782, 40.9746 ], [ -7.9742, 40.9761 ], [ -7.9704, 40.9722 ], [ -7.9669, 40.9735 ], [ -7.9676, 40.9764 ], [ -7.9564, 40.9846 ], [ -7.9501, 40.992 ], [ -7.9512, 40.9993 ], [ -7.947, 41.0037 ], [ -7.944, 41.0124 ], [ -7.9398, 41.0157 ], [ -7.9362, 41.0175 ], [ -7.9244, 41.0163 ], [ -7.9216, 41.0197 ], [ -7.9133, 41.0194 ], [ -7.9068, 41.0233 ], [ -7.9062, 41.0207 ], [ -7.8929, 41.0224 ], [ -7.8871, 41.021 ], [ -7.882, 41.0244 ], [ -7.879, 41.0245 ], [ -7.8797, 41.0263 ], [ -7.8779, 41.0266 ], [ -7.8765, 41.026 ], [ -7.8766, 41.0233 ], [ -7.8841, 41.0191 ], [ -7.8873, 41.0151 ], [ -7.8869, 41.0118 ], [ -7.8916, 41.0078 ], [ -7.8911, 41.0053 ], [ -7.8974, 41.0023 ], [ -7.9027, 40.994 ], [ -7.8979, 40.9964 ], [ -7.8968, 40.9953 ], [ -7.8955, 40.9967 ], [ -7.8898, 40.9959 ], [ -7.8852, 40.9976 ], [ -7.8834, 40.9952 ], [ -7.8773, 40.9947 ], [ -7.8765, 40.9959 ], [ -7.8705, 40.9933 ], [ -7.864, 40.987 ], [ -7.8608, 40.988 ], [ -7.8545, 40.9867 ], [ -7.8482, 40.982 ], [ -7.843, 40.9749 ], [ -7.8311, 40.9636 ], [ -7.8183, 40.9553 ], [ -7.8069, 40.9653 ], [ -7.807, 40.9678 ], [ -7.8045, 40.9682 ], [ -7.8018, 40.9732 ], [ -7.7953, 40.9757 ], [ -7.7927, 40.9786 ], [ -7.7925, 40.9813 ], [ -7.7674, 40.9742 ], [ -7.7588, 40.9751 ], [ -7.7541, 40.9709 ], [ -7.7536, 40.9658 ], [ -7.7629, 40.9612 ], [ -7.7501, 40.945 ], [ -7.7525, 40.9423 ], [ -7.76, 40.946 ], [ -7.7709, 40.9392 ], [ -7.7737, 40.9347 ], [ -7.7793, 40.9344 ], [ -7.7888, 40.9386 ], [ -7.7971, 40.9398 ], [ -7.8069, 40.9478 ], [ -7.8114, 40.9449 ], [ -7.8121, 40.9411 ], [ -7.8219, 40.9351 ], [ -7.8273, 40.9286 ], [ -7.8323, 40.9259 ], [ -7.833, 40.9228 ], [ -7.84, 40.9193 ], [ -7.8421, 40.915 ], [ -7.8474, 40.9138 ], [ -7.8519, 40.9167 ], [ -7.8556, 40.9124 ], [ -7.854, 40.9101 ], [ -7.8551, 40.9039 ], [ -7.8628, 40.9014 ], [ -7.8668, 40.902 ], [ -7.8665, 40.8998 ], [ -7.8685, 40.8984 ], [ -7.86, 40.8952 ], [ -7.8601, 40.892 ], [ -7.854, 40.8854 ], [ -7.8371, 40.8742 ], [ -7.8355, 40.8619 ], [ -7.8267, 40.8592 ], [ -7.8203, 40.8521 ], [ -7.8124, 40.8524 ], [ -7.8111, 40.8474 ], [ -7.813, 40.8434 ], [ -7.8178, 40.8393 ], [ -7.8169, 40.8384 ], [ -7.8205, 40.8333 ], [ -7.8286, 40.832 ], [ -7.8391, 40.8254 ], [ -7.8465, 40.8028 ], [ -7.8516, 40.7945 ], [ -7.8617, 40.7891 ], [ -7.8732, 40.7867 ], [ -7.8851, 40.7928 ], [ -7.8864, 40.792 ], [ -7.8981, 40.7957 ], [ -7.9052, 40.7954 ], [ -7.9076, 40.7963 ], [ -7.9065, 40.7981 ], [ -7.9091, 40.7987 ], [ -7.9241, 40.7966 ], [ -7.9281, 40.7995 ], [ -7.9344, 40.7951 ], [ -7.9362, 40.7964 ], [ -7.9335, 40.8005 ], [ -7.9352, 40.8012 ], [ -7.9355, 40.8035 ], [ -7.9381, 40.8043 ], [ -7.9402, 40.8137 ], [ -7.943, 40.8149 ], [ -7.945, 40.8188 ], [ -7.962, 40.8186 ], [ -7.9704, 40.8214 ], [ -7.9646, 40.8273 ], [ -7.9645, 40.8329 ], [ -7.9614, 40.8352 ], [ -7.9628, 40.8365 ], [ -7.9624, 40.8411 ], [ -7.9691, 40.8392 ], [ -7.9785, 40.8416 ], [ -7.9944, 40.8471 ], [ -7.9994, 40.8504 ], [ -7.9988, 40.8543 ], [ -7.9918, 40.8611 ], [ -7.992, 40.8722 ] ] ] ] } },
{ "type": "Feature", "properties": { "GID_2": "PRT.20.4_1", "GID_0": "PRT", "COUNTRY": "Portugal", "GID_1": "PRT.20_1", "NAME_1": "Viseu", "NL_NAME_1": "NA", "NAME_2": "Cinfães", "VARNAME_2": "NA", "NL_NAME_2": "NA", "TYPE_2": "Concelho", "ENGTYPE_2": "Municipality", "CC_2": "1804", "HASC_2": "PT.VI.CI" }, "geometry": { "type": "MultiPolygon", "coordinates": [ [ [ [ -8.0783, 41.0923 ], [ -8.0682, 41.0928 ], [ -8.0528, 41.0897 ], [ -8.0365, 41.0957 ], [ -8.027, 41.0968 ], [ -8.0273, 41.0919 ], [ -8.0237, 41.0871 ], [ -8.0249, 41.0864 ], [ -8.0253, 41.0802 ], [ -8.0236, 41.0755 ], [ -8.0205, 41.0737 ], [ -8.0208, 41.0714 ], [ -8.01, 41.0651 ], [ -8.0064, 41.0611 ], [ -8.0042, 41.0612 ], [ -8.0016, 41.0568 ], [ -7.9945, 41.0557 ], [ -7.9924, 41.0466 ], [ -7.9855, 41.0355 ], [ -7.9869, 41.025 ], [ -7.9893, 41.0211 ], [ -7.9886, 41.016 ], [ -7.9932, 41.0145 ], [ -7.9908, 41.0111 ], [ -7.9919, 41.0101 ], [ -7.9909, 41.0083 ], [ -7.9803, 41.0088 ], [ -7.9791, 41.0077 ], [ -7.9772, 41.0085 ], [ -7.9754, 41.0135 ], [ -7.9676, 41.01 ], [ -7.9668, 41.0082 ], [ -7.9616, 41.0103 ], [ -7.9584, 41.0078 ], [ -7.9514, 41.0062 ], [ -7.9535, 41.0004 ], [ -7.9508, 40.9989 ], [ -7.9501, 40.992 ], [ -7.9564, 40.9846 ], [ -7.9676, 40.9764 ], [ -7.9669, 40.9735 ], [ -7.9704, 40.9722 ], [ -7.9742, 40.9761 ], [ -7.9782, 40.9746 ], [ -7.9811, 40.9758 ], [ -7.9908, 40.9732 ], [ -7.9908, 40.9708 ], [ -7.9976, 40.9672 ], [ -8.0026, 40.9681 ], [ -8.0196, 40.9647 ], [ -8.0346, 40.9761 ], [ -8.0402, 40.9823 ], [ -8.0404, 40.9847 ], [ -8.048, 40.9845 ], [ -8.051, 40.9865 ], [ -8.0612, 40.9817 ], [ -8.088, 40.9859 ], [ -8.0921, 40.9977 ], [ -8.0904, 41.0006 ], [ -8.0911, 41.009 ], [ -8.0978, 41.0137 ], [ -8.1024, 41.0075 ], [ -8.1038, 41.0021 ], [ -8.1057, 41.0035 ], [ -8.11, 40.9998 ], [ -8.1184, 40.9971 ], [ -8.1212, 40.9876 ], [ -8.1334, 40.9786 ], [ -8.1429, 40.9786 ], [ -8.1609, 40.9895 ], [ -8.1648, 40.9861 ], [ -8.1695, 40.9872 ], [ -8.1701, 40.9886 ], [ -8.1762, 40.9895 ], [ -8.1781, 40.9882 ], [ -8.1943, 40.9982 ], [ -8.1989, 40.996 ], [ -8.2129, 40.994 ], [ -8.2084, 40.9974 ], [ -8.2088, 41.0002 ], [ -8.2118, 41.0031 ], [ -8.2042, 41.0102 ], [ -8.208, 41.0135 ], [ -8.2156, 41.0118 ], [ -8.2161, 41.0138 ], [ -8.2237, 41.0161 ], [ -8.2347, 41.0118 ], [ -8.2339, 41.0165 ], [ -8.2381, 41.0185 ], [ -8.235, 41.0199 ], [ -8.2336, 41.0234 ], [ -8.241, 41.0252 ], [ -8.2363, 41.028 ], [ -8.2338, 41.0281 ], [ -8.233, 41.0258 ], [ -8.2308, 41.0273 ], [ -8.2341, 41.0299 ], [ -8.2306, 41.0329 ], [ -8.2303, 41.0446 ], [ -8.2322, 41.0477 ], [ -8.2381, 41.049 ], [ -8.2371, 41.0577 ], [ -8.2415, 41.0601 ], [ -8.2521, 41.0588 ], [ -8.2603, 41.0651 ], [ -8.264, 41.0659 ], [ -8.2594, 41.0704 ], [ -8.2504, 41.0687 ], [ -8.2442, 41.0701 ], [ -8.2328, 41.079 ], [ -8.2217, 41.0794 ], [ -8.2117, 41.0912 ], [ -8.2045, 41.0941 ], [ -8.1878, 41.0931 ], [ -8.1728, 41.0882 ], [ -8.1609, 41.0894 ], [ -8.1498, 41.0848 ], [ -8.1369, 41.0837 ], [ -8.1273, 41.0876 ], [ -8.1179, 41.0887 ], [ -8.113, 41.095 ], [ -8.0984, 41.1006 ], [ -8.092, 41.0998 ], [ -8.0827, 41.0917 ], [ -8.0783, 41.0923 ] ] ] ] } },
{ "type": "Feature", "properties": { "GID_2": "PRT.20.5_1", "GID_0": "PRT", "COUNTRY": "Portugal", "GID_1": "PRT.20_1", "NAME_1": "Viseu", "NL_NAME_1": "NA", "NAME_2": "Lamego", "VARNAME_2": "NA", "NL_NAME_2": "NA", "TYPE_2": "Concelho", "ENGTYPE_2": "Municipality", "CC_2": "1805", "HASC_2": "PT.VI.LA" }, "geometry": { "type": "MultiPolygon", "coordinates": [ [ [ [ -7.8499, 40.9828 ], [ -7.8545, 40.9867 ], [ -7.8608, 40.988 ], [ -7.8641, 40.9871 ], [ -7.8705, 40.9933 ], [ -7.8765, 40.9959 ], [ -7.8773, 40.9947 ], [ -7.8832, 40.9952 ], [ -7.8854, 40.9976 ], [ -7.8898, 40.9959 ], [ -7.8955, 40.9967 ], [ -7.8968, 40.9953 ], [ -7.8979, 40.9964 ], [ -7.9027, 40.994 ], [ -7.8974, 41.0023 ], [ -7.8911, 41.0053 ], [ -7.8916, 41.0078 ], [ -7.8868, 41.0121 ], [ -7.8873, 41.0151 ], [ -7.8815, 41.0214 ], [ -7.8766, 41.0233 ], [ -7.8766, 41.0262 ], [ -7.8797, 41.0263 ], [ -7.879, 41.0245 ], [ -7.882, 41.0244 ], [ -7.8871, 41.021 ], [ -7.8929, 41.0224 ], [ -7.9062, 41.0207 ], [ -7.9068, 41.0233 ], [ -7.9111, 41.0201 ], [ -7.9156, 41.02 ], [ -7.9105, 41.0294 ], [ -7.9113, 41.0336 ], [ -7.9065, 41.0444 ], [ -7.8935, 41.057 ], [ -7.8901, 41.0573 ], [ -7.8836, 41.0654 ], [ -7.8785, 41.0729 ], [ -7.8789, 41.0772 ], [ -7.8705, 41.088 ], [ -7.8685, 41.094 ], [ -7.8694, 41.0972 ], [ -7.867, 41.0996 ], [ -7.863, 41.1006 ], [ -7.8602, 41.1028 ], [ -7.8598, 41.1054 ], [ -7.8507, 41.1112 ], [ -7.8506, 41.1143 ], [ -7.8536, 41.1207 ], [ -7.861, 41.1267 ], [ -7.8589, 41.1303 ], [ -7.8608, 41.1305 ], [ -7.8628, 41.1352 ], [ -7.8748, 41.1445 ], [ -7.8733, 41.1489 ], [ -7.8809, 41.1507 ], [ -7.8795, 41.1531 ], [ -7.8747, 41.1568 ], [ -7.8603, 41.1584 ], [ -7.8516, 41.1556 ], [ -7.842, 41.155 ], [ -7.8264, 41.1512 ], [ -7.8202, 41.1473 ], [ -7.8138, 41.1457 ], [ -7.8088, 41.1492 ], [ -7.8052, 41.1586 ], [ -7.7975, 41.1618 ], [ -7.7873, 41.159 ], [ -7.7831, 41.1548 ], [ -7.7767, 41.1521 ], [ -7.7635, 41.1524 ], [ -7.7423, 41.1464 ], [ -7.73, 41.1448 ], [ -7.7322, 41.1392 ], [ -7.7314, 41.1349 ], [ -7.734, 41.1346 ], [ -7.7379, 41.1299 ], [ -7.742, 41.131 ], [ -7.7467, 41.1209 ], [ -7.7471, 41.1133 ], [ -7.7435, 41.106 ], [ -7.7466, 41.1021 ], [ -7.7471, 41.0985 ], [ -7.7521, 41.0941 ], [ -7.7578, 41.0924 ], [ -7.7558, 41.091 ], [ -7.7571, 41.0884 ], [ -7.7557, 41.0833 ], [ -7.7572, 41.0813 ], [ -7.7548, 41.0795 ], [ -7.7553, 41.0739 ], [ -7.7496, 41.0722 ], [ -7.7549, 41.0684 ], [ -7.7601, 41.0705 ], [ -7.7607, 41.0683 ], [ -7.7654, 41.0658 ], [ -7.7661, 41.0638 ], [ -7.7638, 41.062 ], [ -7.7667, 41.0614 ], [ -7.7688, 41.0579 ], [ -7.7677, 41.0573 ], [ -7.7684, 41.0547 ], [ -7.7648, 41.0537 ], [ -7.7627, 41.0511 ], [ -7.7563, 41.0506 ], [ -7.759, 41.046 ], [ -7.7617, 41.0458 ], [ -7.7675, 41.0417 ], [ -7.7665, 41.0391 ], [ -7.776, 41.0347 ], [ -7.7816, 41.0337 ], [ -7.7881, 41.0356 ], [ -7.8001, 41.034 ], [ -7.8062, 41.0362 ], [ -7.8124, 41.0249 ], [ -7.8117, 41.0222 ], [ -7.8141, 41.0195 ], [ -7.8244, 41.0166 ], [ -7.8305, 41.0166 ], [ -7.8344, 41.0141 ], [ -7.8375, 41.0039 ], [ -7.8503, 40.9942 ], [ -7.8506, 40.9885 ], [ -7.8481, 40.9815 ], [ -7.8499, 40.9828 ] ] ] ] } },
{ "type": "Feature", "properties": { "GID_2": "PRT.20.6_1", "GID_0": "PRT", "COUNTRY": "Portugal", "GID_1": "PRT.20_1", "NAME_1": "Viseu", "NL_NAME_1": "NA", "NAME_2": "Mangualde", "VARNAME_2": "NA", "NL_NAME_2": "NA", "TYPE_2": "Concelho", "ENGTYPE_2": "Municipality", "CC_2": "1806", "HASC_2": "PT.VI.MA" }, "geometry": { "type": "MultiPolygon", "coordinates": [ [ [ [ -7.7222, 40.5342 ], [ -7.7419, 40.5289 ], [ -7.7448, 40.5259 ], [ -7.7534, 40.527 ], [ -7.7485, 40.5337 ], [ -7.7497, 40.537 ], [ -7.7536, 40.5391 ], [ -7.7514, 40.544 ], [ -7.7528, 40.5464 ], [ -7.7572, 40.5475 ], [ -7.7697, 40.5461 ], [ -7.7905, 40.5422 ], [ -7.8253, 40.5618 ], [ -7.8291, 40.5646 ], [ -7.8299, 40.5685 ], [ -7.8362, 40.57 ], [ -7.843, 40.578 ], [ -7.8473, 40.5766 ], [ -7.8478, 40.5797 ], [ -7.8517, 40.5802 ], [ -7.8735, 40.5785 ], [ -7.875, 40.582 ], [ -7.8855, 40.5886 ], [ -7.8952, 40.586 ], [ -7.8969, 40.5892 ], [ -7.8845, 40.5992 ], [ -7.8835, 40.6021 ], [ -7.8638, 40.6072 ], [ -7.856, 40.6141 ], [ -7.8407, 40.6149 ], [ -7.8272, 40.6274 ], [ -7.8251, 40.6335 ], [ -7.812, 40.636 ], [ -7.7899, 40.6337 ], [ -7.7718, 40.643 ], [ -7.7625, 40.6423 ], [ -7.7581, 40.6458 ], [ -7.7524, 40.6467 ], [ -7.7492, 40.6503 ], [ -7.7391, 40.6495 ], [ -7.7375, 40.6457 ], [ -7.7336, 40.6453 ], [ -7.7377, 40.6421 ], [ -7.7393, 40.6376 ], [ -7.7365, 40.6336 ], [ -7.728, 40.6315 ], [ -7.7189, 40.6343 ], [ -7.705, 40.6359 ], [ -7.6969, 40.6332 ], [ -7.698, 40.6286 ], [ -7.6949, 40.6266 ], [ -7.688, 40.6282 ], [ -7.6793, 40.6242 ], [ -7.6529, 40.6287 ], [ -7.6429, 40.627 ], [ -7.6388, 40.6345 ], [ -7.6391, 40.6388 ], [ -7.633, 40.6416 ], [ -7.6287, 40.6404 ], [ -7.6279, 40.643 ], [ -7.6258, 40.6439 ], [ -7.6122, 40.6431 ], [ -7.6061, 40.6456 ], [ -7.5858, 40.6457 ], [ -7.5777, 40.6515 ], [ -7.5722, 40.6508 ], [ -7.564, 40.6431 ], [ -7.5617, 40.6359 ], [ -7.5629, 40.633 ], [ -7.5731, 40.6195 ], [ -7.5825, 40.5954 ], [ -7.5861, 40.5932 ], [ -7.5848, 40.5913 ], [ -7.5891, 40.5855 ], [ -7.5882, 40.5772 ], [ -7.5803, 40.575 ], [ -7.5813, 40.5731 ], [ -7.5935, 40.5705 ], [ -7.5957, 40.5678 ], [ -7.6023, 40.568 ], [ -7.6071, 40.5649 ], [ -7.6131, 40.5679 ], [ -7.6186, 40.5642 ], [ -7.6227, 40.5662 ], [ -7.6355, 40.568 ], [ -7.6403, 40.5638 ], [ -7.6494, 40.5631 ], [ -7.6549, 40.5592 ], [ -7.6657, 40.5596 ], [ -7.6674, 40.5536 ], [ -7.6697, 40.5518 ], [ -7.6772, 40.5531 ], [ -7.6836, 40.5517 ], [ -7.69, 40.5459 ], [ -7.6986, 40.5481 ], [ -7.7135, 40.5434 ], [ -7.7222, 40.5342 ] ] ] ] } },
{ "type": "Feature", "properties": { "GID_2": "PRT.20.7_1", "GID_0": "PRT", "COUNTRY": "Portugal", "GID_1": "PRT.20_1", "NAME_1": "Viseu", "NL_NAME_1": "NA", "NAME_2": "MoimentadaBeira", "VARNAME_2": "NA", "NL_NAME_2": "NA", "TYPE_2": "Concelho", "ENGTYPE_2": "Municipality", "CC_2": "1807", "HASC_2": "PT.VI.MB" }, "geometry": { "type": "MultiPolygon", "coordinates": [ [ [ [ -7.6578, 40.8729 ], [ -7.6481, 40.8724 ], [ -7.6446, 40.87 ], [ -7.6639, 40.8634 ], [ -7.6606, 40.8572 ], [ -7.6611, 40.854 ], [ -7.6636, 40.8536 ], [ -7.6669, 40.8564 ], [ -7.673, 40.8554 ], [ -7.6748, 40.8586 ], [ -7.6803, 40.8592 ], [ -7.6827, 40.8588 ], [ -7.6832, 40.8552 ], [ -7.6884, 40.8546 ], [ -7.7043, 40.8772 ], [ -7.7161, 40.8863 ], [ -7.6973, 40.9047 ], [ -7.6928, 40.9253 ], [ -7.687, 40.9364 ], [ -7.6898, 40.9379 ], [ -7.6925, 40.9423 ], [ -7.6985, 40.9443 ], [ -7.7092, 40.9408 ], [ -7.7144, 40.944 ], [ -7.7445, 40.9388 ], [ -7.7525, 40.9423 ], [ -7.7501, 40.945 ], [ -7.7573, 40.9543 ], [ -7.7428, 40.9593 ], [ -7.728, 40.9613 ], [ -7.7285, 40.9859 ], [ -7.7249, 40.9945 ], [ -7.724, 41.0023 ], [ -7.7265, 41.0049 ], [ -7.7275, 41.0158 ], [ -7.7256, 41.0252 ], [ -7.7186, 41.0267 ], [ -7.7039, 41.0263 ], [ -7.7022, 41.0242 ], [ -7.694, 41.0217 ], [ -7.6922, 41.0196 ], [ -7.6921, 41.0161 ], [ -7.6862, 41.0153 ], [ -7.6864, 41.0126 ], [ -7.6736, 41.0053 ], [ -7.6654, 41.0163 ], [ -7.6598, 41.0319 ], [ -7.6536, 41.0217 ], [ -7.6342, 41.019 ], [ -7.6372, 41.0221 ], [ -7.6379, 41.0265 ], [ -7.6324, 41.0307 ], [ -7.6318, 41.0349 ], [ -7.6336, 41.042 ], [ -7.63, 41.0446 ], [ -7.6293, 41.0484 ], [ -7.6251, 41.0502 ], [ -7.6262, 41.0519 ], [ -7.6217, 41.0564 ], [ -7.6211, 41.0591 ], [ -7.6151, 41.0567 ], [ -7.6098, 41.0517 ], [ -7.5994, 41.0502 ], [ -7.5961, 41.0473 ], [ -7.5976, 41.0439 ], [ -7.5948, 41.0423 ], [ -7.5843, 41.0411 ], [ -7.5717, 41.0369 ], [ -7.5659, 41.0292 ], [ -7.5558, 41.02 ], [ -7.5527, 41.0221 ], [ -7.5365, 41.0074 ], [ -7.531, 41.0057 ], [ -7.5351, 41.0018 ], [ -7.5347, 40.9985 ], [ -7.5372, 40.998 ], [ -7.5345, 40.9961 ], [ -7.5337, 40.9901 ], [ -7.5379, 40.9755 ], [ -7.5386, 40.9617 ], [ -7.5482, 40.9622 ], [ -7.5539, 40.9584 ], [ -7.558, 40.9503 ], [ -7.5529, 40.9408 ], [ -7.5478, 40.9372 ], [ -7.5538, 40.9281 ], [ -7.5643, 40.9233 ], [ -7.5939, 40.9207 ], [ -7.6135, 40.9127 ], [ -7.6215, 40.9112 ], [ -7.6245, 40.906 ], [ -7.6281, 40.9044 ], [ -7.6343, 40.8971 ], [ -7.6456, 40.8928 ], [ -7.6491, 40.8893 ], [ -7.6478, 40.8855 ], [ -7.6487, 40.8809 ], [ -7.6606, 40.8735 ], [ -7.6578, 40.8729 ] ] ] ] } },
{ "type": "Feature", "properties": { "GID_2": "PRT.20.10_1", "GID_0": "PRT", "COUNTRY": "Portugal", "GID_1": "PRT.20_1", "NAME_1": "Viseu", "NL_NAME_1": "NA", "NAME_2": "OliveiradeFrades", "VARNAME_2": "NA", "NL_NAME_2": "NA", "TYPE_2": "Concelho", "ENGTYPE_2": "Municipality", "CC_2": "1810", "HASC_2": "PT.VI.OF" }, "geometry": { "type": "MultiPolygon", "coordinates": [ [ [ [ -8.1918, 40.6035 ], [ -8.1766, 40.6006 ], [ -8.1656, 40.6023 ], [ -8.1607, 40.6012 ], [ -8.1606, 40.5989 ], [ -8.1632, 40.5955 ], [ -8.1633, 40.5923 ], [ -8.1693, 40.588 ], [ -8.1706, 40.5851 ], [ -8.1825, 40.5769 ], [ -8.1873, 40.5713 ], [ -8.1892, 40.5661 ], [ -8.1969, 40.5639 ], [ -8.2046, 40.564 ], [ -8.2087, 40.566 ], [ -8.2106, 40.5793 ], [ -8.2105, 40.5838 ], [ -8.2038, 40.5887 ], [ -8.2038, 40.5928 ], [ -8.2111, 40.5959 ], [ -8.2132, 40.5949 ], [ -8.2224, 40.5994 ], [ -8.2253, 40.5985 ], [ -8.232, 40.6104 ], [ -8.2434, 40.6111 ], [ -8.2473, 40.6139 ], [ -8.2454, 40.6164 ], [ -8.2492, 40.6185 ], [ -8.2466, 40.621 ], [ -8.2459, 40.6242 ], [ -8.2411, 40.6286 ], [ -8.2223, 40.6268 ], [ -8.217, 40.6287 ], [ -8.2161, 40.6223 ], [ -8.2177, 40.6164 ], [ -8.1918, 40.6035 ] ] ], [ [ [ -8.1785, 40.7014 ], [ -8.1857, 40.6974 ], [ -8.1929, 40.698 ], [ -8.2107, 40.694 ], [ -8.2278, 40.6993 ], [ -8.2319, 40.6977 ], [ -8.2405, 40.6985 ], [ -8.2444, 40.6957 ], [ -8.2417, 40.6884 ], [ -8.2605, 40.6777 ], [ -8.2619, 40.6734 ], [ -8.2616, 40.6628 ], [ -8.256, 40.6624 ], [ -8.265, 40.6597 ], [ -8.2642, 40.6579 ], [ -8.2665, 40.6555 ], [ -8.272, 40.6538 ], [ -8.2694, 40.6458 ], [ -8.2674, 40.6464 ], [ -8.2634, 40.6445 ], [ -8.2666, 40.641 ], [ -8.266, 40.6361 ], [ -8.2743, 40.6307 ], [ -8.2799, 40.6331 ], [ -8.2851, 40.6305 ], [ -8.2932, 40.6337 ], [ -8.2954, 40.6374 ], [ -8.2948, 40.6455 ], [ -8.2966, 40.6514 ], [ -8.2929, 40.6528 ], [ -8.2888, 40.669 ], [ -8.2917, 40.6689 ], [ -8.2981, 40.6758 ], [ -8.2989, 40.6817 ], [ -8.2966, 40.6902 ], [ -8.2975, 40.6941 ], [ -8.3071, 40.6926 ], [ -8.3101, 40.6954 ], [ -8.3138, 40.7038 ], [ -8.3212, 40.7056 ], [ -8.3258, 40.7106 ], [ -8.3235, 40.7195 ], [ -8.3273, 40.7268 ], [ -8.3316, 40.7298 ], [ -8.3336, 40.737 ], [ -8.332, 40.7401 ], [ -8.3254, 40.7394 ], [ -8.3212, 40.7427 ], [ -8.3155, 40.7415 ], [ -8.3088, 40.7426 ], [ -8.3046, 40.7456 ], [ -8.2958, 40.7478 ], [ -8.2938, 40.7508 ], [ -8.2874, 40.7519 ], [ -8.2791, 40.7582 ], [ -8.2729, 40.7567 ], [ -8.2721, 40.7603 ], [ -8.2766, 40.7621 ], [ -8.2767, 40.7642 ], [ -8.2749, 40.7652 ], [ -8.2736, 40.7631 ], [ -8.2691, 40.7673 ], [ -8.2674, 40.7702 ], [ -8.2686, 40.772 ], [ -8.265, 40.7776 ], [ -8.2681, 40.7805 ], [ -8.2613, 40.7856 ], [ -8.2584, 40.7856 ], [ -8.2595, 40.7871 ], [ -8.2566, 40.7884 ], [ -8.2549, 40.7917 ], [ -8.2571, 40.7984 ], [ -8.2518, 40.8039 ], [ -8.2438, 40.8011 ], [ -8.2254, 40.7994 ], [ -8.2199, 40.7971 ], [ -8.2189, 40.7932 ], [ -8.2419, 40.77 ], [ -8.2448, 40.7602 ], [ -8.2389, 40.759 ], [ -8.2339, 40.7606 ], [ -8.227, 40.7564 ], [ -8.2264, 40.7521 ], [ -8.2143, 40.7475 ], [ -8.2082, 40.7523 ], [ -8.2018, 40.747 ], [ -8.1952, 40.7485 ], [ -8.1905, 40.7452 ], [ -8.1864, 40.7468 ], [ -8.1833, 40.746 ], [ -8.1772, 40.7485 ], [ -8.1735, 40.7522 ], [ -8.162, 40.7441 ], [ -8.1565, 40.7443 ], [ -8.1501, 40.7405 ], [ -8.1457, 40.7409 ], [ -8.1466, 40.7379 ], [ -8.1411, 40.7343 ], [ -8.1315, 40.736 ], [ -8.1295, 40.7352 ], [ -8.1334, 40.728 ], [ -8.132, 40.7251 ], [ -8.1439, 40.721 ], [ -8.1402, 40.7123 ], [ -8.1461, 40.7118 ], [ -8.1497, 40.7038 ], [ -8.1548, 40.7026 ], [ -8.1564, 40.6966 ], [ -8.1683, 40.7015 ], [ -8.1785, 40.7014 ] ] ] ] } },
{ "type": "Feature", "properties": { "GID_2": "PRT.20.11_1", "GID_0": "PRT", "COUNTRY": "Portugal", "GID_1": "PRT.20_1", "NAME_1": "Viseu", "NL_NAME_1": "NA", "NAME_2": "PenalvadoCastelo", "VARNAME_2": "NA", "NL_NAME_2": "NA", "TYPE_2": "Concelho", "ENGTYPE_2": "Municipality", "CC_2": "1811", "HASC_2": "PT.VI.PC" }, "geometry": { "type": "MultiPolygon", "coordinates": [ [ [ [ -7.6731, 40.6254 ], [ -7.6804, 40.6243 ], [ -7.688, 40.6282 ], [ -7.6949, 40.6266 ], [ -7.698, 40.6286 ], [ -7.6969, 40.6332 ], [ -7.705, 40.6359 ], [ -7.7296, 40.6315 ], [ -7.7366, 40.6337 ], [ -7.7394, 40.6362 ], [ -7.7377, 40.6421 ], [ -7.7335, 40.6452 ], [ -7.7375, 40.6457 ], [ -7.7391, 40.6495 ], [ -7.7492, 40.6503 ], [ -7.7524, 40.6467 ], [ -7.759, 40.6451 ], [ -7.7715, 40.6525 ], [ -7.782, 40.6543 ], [ -7.784, 40.6569 ], [ -7.7805, 40.66 ], [ -7.7766, 40.6675 ], [ -7.7672, 40.675 ], [ -7.7656, 40.679 ], [ -7.7563, 40.6832 ], [ -7.743, 40.6952 ], [ -7.7271, 40.6962 ], [ -7.7081, 40.694 ], [ -7.702, 40.6912 ], [ -7.698, 40.6912 ], [ -7.6969, 40.695 ], [ -7.6935, 40.6946 ], [ -7.6897, 40.6974 ], [ -7.687, 40.6972 ], [ -7.6785, 40.704 ], [ -7.6688, 40.7067 ], [ -7.6667, 40.7106 ], [ -7.663, 40.7113 ], [ -7.6621, 40.7138 ], [ -7.6566, 40.7173 ], [ -7.6519, 40.7155 ], [ -7.6486, 40.7168 ], [ -7.6386, 40.7118 ], [ -7.6337, 40.7112 ], [ -7.6058, 40.7186 ], [ -7.5977, 40.7265 ], [ -7.5954, 40.725 ], [ -7.5937, 40.7175 ], [ -7.591, 40.7138 ], [ -7.5708, 40.6987 ], [ -7.562, 40.6938 ], [ -7.5426, 40.6959 ], [ -7.5351, 40.6903 ], [ -7.5392, 40.6841 ], [ -7.5451, 40.6854 ], [ -7.5455, 40.6819 ], [ -7.5514, 40.6771 ], [ -7.5509, 40.6713 ], [ -7.5528, 40.6677 ], [ -7.5421, 40.6594 ], [ -7.5615, 40.6494 ], [ -7.5658, 40.6453 ], [ -7.5723, 40.6509 ], [ -7.5777, 40.6515 ], [ -7.5858, 40.6457 ], [ -7.6061, 40.6456 ], [ -7.6122, 40.6431 ], [ -7.6258, 40.6439 ], [ -7.6279, 40.643 ], [ -7.6287, 40.6404 ], [ -7.633, 40.6416 ], [ -7.6391, 40.6388 ], [ -7.6388, 40.6345 ], [ -7.6429, 40.627 ], [ -7.6529, 40.6287 ], [ -7.6731, 40.6254 ] ] ] ] } },
{ "type": "Feature", "properties": { "GID_2": "PRT.20.12_1", "GID_0": "PRT", "COUNTRY": "Portugal", "GID_1": "PRT.20_1", "NAME_1": "Viseu", "NL_NAME_1": "NA", "NAME_2": "Penedono", "VARNAME_2": "NA", "NL_NAME_2": "NA", "TYPE_2": "Concelho", "ENGTYPE_2": "Municipality", "CC_2": "1812", "HASC_2": "PT.VI.PE" }, "geometry": { "type": "MultiPolygon", "coordinates": [ [ [ [ -7.3963, 40.9124 ], [ -7.4095, 40.9218 ], [ -7.4179, 40.9218 ], [ -7.4138, 40.9253 ], [ -7.4296, 40.9358 ], [ -7.4356, 40.9434 ], [ -7.4405, 40.9454 ], [ -7.4435, 40.9514 ], [ -7.4423, 40.953 ], [ -7.4389, 40.9531 ], [ -7.4343, 40.9644 ], [ -7.4479, 40.9739 ], [ -7.4567, 40.9842 ], [ -7.4603, 40.9909 ], [ -7.4614, 41.0006 ], [ -7.4558, 41.0127 ], [ -7.4517, 41.0175 ], [ -7.4508, 41.0404 ], [ -7.446, 41.0524 ], [ -7.4368, 41.0608 ], [ -7.4102, 41.0605 ], [ -7.4072, 41.062 ], [ -7.4089, 41.0663 ], [ -7.4068, 41.0687 ], [ -7.4079, 41.0701 ], [ -7.3914, 41.0654 ], [ -7.3802, 41.0678 ], [ -7.3787, 41.0659 ], [ -7.3794, 41.062 ], [ -7.3766, 41.0639 ], [ -7.374, 41.0634 ], [ -7.3787, 41.0582 ], [ -7.377, 41.0574 ], [ -7.3772, 41.056 ], [ -7.3723, 41.0556 ], [ -7.3713, 41.0539 ], [ -7.3687, 41.0562 ], [ -7.3663, 41.0562 ], [ -7.3632, 41.0536 ], [ -7.3584, 41.056 ], [ -7.3542, 41.055 ], [ -7.3509, 41.0573 ], [ -7.3472, 41.0547 ], [ -7.3428, 41.0575 ], [ -7.3457, 41.0464 ], [ -7.3402, 41.0443 ], [ -7.3439, 41.0409 ], [ -7.3443, 41.0378 ], [ -7.3383, 41.0341 ], [ -7.3404, 41.0311 ], [ -7.3375, 41.029 ], [ -7.3417, 41.0279 ], [ -7.3401, 41.0278 ], [ -7.3399, 41.0262 ], [ -7.3372, 41.0272 ], [ -7.3332, 41.0242 ], [ -7.3374, 41.0144 ], [ -7.348, 41.0111 ], [ -7.3558, 41.0114 ], [ -7.3628, 41.0142 ], [ -7.379, 41.0134 ], [ -7.38, 41.0058 ], [ -7.3754, 40.9995 ], [ -7.3788, 40.9912 ], [ -7.3708, 40.9919 ], [ -7.3646, 40.9898 ], [ -7.3627, 40.9864 ], [ -7.3554, 40.9827 ], [ -7.338, 40.9804 ], [ -7.3253, 40.972 ], [ -7.331, 40.9585 ], [ -7.331, 40.9539 ], [ -7.3348, 40.9434 ], [ -7.3312, 40.9404 ], [ -7.3362, 40.9341 ], [ -7.3423, 40.9334 ], [ -7.3589, 40.9276 ], [ -7.3742, 40.9125 ], [ -7.3756, 40.9045 ], [ -7.3816, 40.9075 ], [ -7.3934, 40.9097 ], [ -7.3963, 40.9124 ] ] ] ] } },
{ "type": "Feature", "properties": { "GID_2": "PRT.20.13_1", "GID_0": "PRT", "COUNTRY": "Portugal", "GID_1": "PRT.20_1", "NAME_1": "Viseu", "NL_NAME_1": "NA", "NAME_2": "Resende", "VARNAME_2": "NA", "NL_NAME_2": "NA", "TYPE_2": "Concelho", "ENGTYPE_2": "Municipality", "CC_2": "1813", "HASC_2": "PT.VI.RE" }, "geometry": { "type": "MultiPolygon", "coordinates": [ [ [ [ -7.9369, 41.0172 ], [ -7.944, 41.0124 ], [ -7.947, 41.0037 ], [ -7.9512, 40.9993 ], [ -7.9535, 41.0004 ], [ -7.9514, 41.0061 ], [ -7.9526, 41.0071 ], [ -7.9584, 41.0078 ], [ -7.9616, 41.0103 ], [ -7.9668, 41.0082 ], [ -7.9676, 41.01 ], [ -7.9754, 41.0135 ], [ -7.9772, 41.0085 ], [ -7.9791, 41.0077 ], [ -7.9803, 41.0088 ], [ -7.9909, 41.0083 ], [ -7.9919, 41.0101 ], [ -7.9908, 41.0111 ], [ -7.9932, 41.0145 ], [ -7.9886, 41.016 ], [ -7.9893, 41.0211 ], [ -7.9869, 41.025 ], [ -7.9855, 41.0355 ], [ -7.9924, 41.0466 ], [ -7.9945, 41.0557 ], [ -8.0016, 41.0568 ], [ -8.0042, 41.0612 ], [ -8.0064, 41.0611 ], [ -8.01, 41.0651 ], [ -8.0208, 41.0714 ], [ -8.0205, 41.0737 ], [ -8.0236, 41.0755 ], [ -8.0253, 41.0802 ], [ -8.0249, 41.0864 ], [ -8.0237, 41.0871 ], [ -8.0273, 41.0919 ], [ -8.027, 41.0968 ], [ -8.0219, 41.0986 ], [ -8.0143, 41.1043 ], [ -7.9987, 41.1057 ], [ -7.9903, 41.1097 ], [ -7.9785, 41.1116 ], [ -7.9695, 41.1158 ], [ -7.9617, 41.1138 ], [ -7.9516, 41.1227 ], [ -7.9442, 41.1226 ], [ -7.9307, 41.1181 ], [ -7.9213, 41.12 ], [ -7.9015, 41.1193 ], [ -7.8972, 41.1245 ], [ -7.8974, 41.1319 ], [ -7.8932, 41.1347 ], [ -7.8893, 41.133 ], [ -7.8874, 41.134 ], [ -7.8851, 41.1429 ], [ -7.8801, 41.1505 ], [ -7.8733, 41.1489 ], [ -7.8748, 41.1445 ], [ -7.8628, 41.1352 ], [ -7.8608, 41.1305 ], [ -7.8589, 41.1303 ], [ -7.861, 41.1267 ], [ -7.8536, 41.1207 ], [ -7.8506, 41.1143 ], [ -7.8507, 41.1111 ], [ -7.8598, 41.1054 ], [ -7.8602, 41.1028 ], [ -7.863, 41.1006 ], [ -7.867, 41.0996 ], [ -7.8694, 41.0972 ], [ -7.8685, 41.094 ], [ -7.8705, 41.088 ], [ -7.8789, 41.0772 ], [ -7.8785, 41.0729 ], [ -7.8836, 41.0654 ], [ -7.8901, 41.0573 ], [ -7.8935, 41.057 ], [ -7.9065, 41.0444 ], [ -7.9113, 41.0336 ], [ -7.9105, 41.0294 ], [ -7.9142, 41.0242 ], [ -7.9146, 41.0209 ], [ -7.9216, 41.0197 ], [ -7.9247, 41.0162 ], [ -7.9369, 41.0172 ] ] ] ] } },
{ "type": "Feature", "properties": { "GID_2": "PRT.20.15_1", "GID_0": "PRT", "COUNTRY": "Portugal", "GID_1": "PRT.20_1", "NAME_1": "Viseu", "NL_NAME_1": "NA", "NAME_2": "SãoJoãodaPesqueira", "VARNAME_2": "NA", "NL_NAME_2": "NA", "TYPE_2": "Concelho", "ENGTYPE_2": "Municipality", "CC_2": "1815", "HASC_2": "PT.VI.SJ" }, "geometry": { "type": "MultiPolygon", "coordinates": [ [ [ [ -7.4614, 41.0006 ], [ -7.4712, 40.9994 ], [ -7.4757, 41.0023 ], [ -7.4983, 41.0066 ], [ -7.5015, 41.0118 ], [ -7.5067, 41.0149 ], [ -7.512, 41.0135 ], [ -7.5131, 41.022 ], [ -7.5089, 41.0266 ], [ -7.507, 41.0318 ], [ -7.513, 41.0331 ], [ -7.5035, 41.0407 ], [ -7.5048, 41.0487 ], [ -7.5024, 41.0518 ], [ -7.5053, 41.055 ], [ -7.5021, 41.0566 ], [ -7.5054, 41.0574 ], [ -7.5085, 41.0628 ], [ -7.5052, 41.0664 ], [ -7.5078, 41.0671 ], [ -7.5091, 41.0706 ], [ -7.5121, 41.0724 ], [ -7.5127, 41.0764 ], [ -7.5104, 41.0778 ], [ -7.5106, 41.0835 ], [ -7.514, 41.0877 ], [ -7.5062, 41.0886 ], [ -7.5036, 41.0931 ], [ -7.4959, 41.0984 ], [ -7.4829, 41.099 ], [ -7.4746, 41.1012 ], [ -7.4936, 41.1073 ], [ -7.498, 41.1072 ], [ -7.5011, 41.105 ], [ -7.5064, 41.107 ], [ -7.5132, 41.1062 ], [ -7.5167, 41.1083 ], [ -7.5249, 41.1094 ], [ -7.5303, 41.107 ], [ -7.5496, 41.1146 ], [ -7.5482, 41.1177 ], [ -7.5499, 41.12 ], [ -7.5466, 41.1188 ], [ -7.5454, 41.1211 ], [ -7.542, 41.1213 ], [ -7.5402, 41.1235 ], [ -7.5323, 41.1249 ], [ -7.5196, 41.1343 ], [ -7.5281, 41.1431 ], [ -7.5263, 41.1437 ], [ -7.5342, 41.1493 ], [ -7.5303, 41.1566 ], [ -7.5304, 41.159 ], [ -7.535, 41.1614 ], [ -7.5333, 41.165 ], [ -7.5384, 41.1639 ], [ -7.5385, 41.1669 ], [ -7.5401, 41.1678 ], [ -7.5447, 41.168 ], [ -7.5456, 41.1657 ], [ -7.5483, 41.1665 ], [ -7.5481, 41.1718 ], [ -7.5512, 41.1723 ], [ -7.5507, 41.1738 ], [ -7.5557, 41.1738 ], [ -7.5479, 41.1884 ], [ -7.5431, 41.1883 ], [ -7.5286, 41.1808 ], [ -7.5235, 41.1797 ], [ -7.519, 41.1828 ], [ -7.5131, 41.1927 ], [ -7.5042, 41.199 ], [ -7.4977, 41.2 ], [ -7.4804, 41.1983 ], [ -7.4691, 41.1995 ], [ -7.4642, 41.2018 ], [ -7.4562, 41.2125 ], [ -7.446, 41.2147 ], [ -7.3911, 41.1958 ], [ -7.3886, 41.1929 ], [ -7.3861, 41.1836 ], [ -7.3825, 41.178 ], [ -7.3746, 41.1725 ], [ -7.3726, 41.1686 ], [ -7.3746, 41.1585 ], [ -7.3621, 41.1573 ], [ -7.3572, 41.1478 ], [ -7.3391, 41.1437 ], [ -7.327, 41.1467 ], [ -7.3211, 41.1434 ], [ -7.3094, 41.1469 ], [ -7.3072, 41.1456 ], [ -7.3064, 41.1412 ], [ -7.3046, 41.1395 ], [ -7.308, 41.1371 ], [ -7.3182, 41.121 ], [ -7.3229, 41.1191 ], [ -7.3241, 41.117 ], [ -7.326, 41.1064 ], [ -7.3282, 41.1044 ], [ -7.328, 41.093 ], [ -7.3317, 41.0868 ], [ -7.3299, 41.0784 ], [ -7.3326, 41.0746 ], [ -7.3361, 41.0736 ], [ -7.3399, 41.0644 ], [ -7.3405, 41.0584 ], [ -7.3472, 41.0547 ], [ -7.3509, 41.0573 ], [ -7.3542, 41.055 ], [ -7.3584, 41.056 ], [ -7.3632, 41.0536 ], [ -7.3663, 41.0562 ], [ -7.3687, 41.0562 ], [ -7.3713, 41.0539 ], [ -7.3723, 41.0556 ], [ -7.3772, 41.056 ], [ -7.377, 41.0574 ], [ -7.3787, 41.0582 ], [ -7.374, 41.0634 ], [ -7.3766, 41.0639 ], [ -7.3794, 41.062 ], [ -7.3787, 41.0659 ], [ -7.3802, 41.0678 ], [ -7.3914, 41.0654 ], [ -7.4079, 41.0701 ], [ -7.4068, 41.0687 ], [ -7.4089, 41.0663 ], [ -7.4072, 41.062 ], [ -7.4102, 41.0605 ], [ -7.4368, 41.0608 ], [ -7.4426, 41.0564 ], [ -7.4488, 41.048 ], [ -7.4508, 41.0404 ], [ -7.4517, 41.0175 ], [ -7.4558, 41.0127 ], [ -7.4614, 41.0006 ] ] ] ] } },
{ "type": "Feature", "properties": { "GID_2": "PRT.20.16_1", "GID_0": "PRT", "COUNTRY": "Portugal", "GID_1": "PRT.20_1", "NAME_1": "Viseu", "NL_NAME_1": "NA", "NAME_2": "SãoPedrodoSul", "VARNAME_2": "NA", "NL_NAME_2": "NA", "TYPE_2": "Concelho", "ENGTYPE_2": "Municipality", "CC_2": "1816", "HASC_2": "PT.VI.SP" }, "geometry": { "type": "MultiPolygon", "coordinates": [ [ [ [ -8.0694, 40.7409 ], [ -8.0751, 40.7365 ], [ -8.0796, 40.7367 ], [ -8.0862, 40.7334 ], [ -8.0921, 40.7341 ], [ -8.1023, 40.7293 ], [ -8.1069, 40.7306 ], [ -8.1096, 40.7292 ], [ -8.1123, 40.7338 ], [ -8.1175, 40.7355 ], [ -8.124, 40.7336 ], [ -8.1311, 40.736 ], [ -8.1411, 40.7343 ], [ -8.1466, 40.7379 ], [ -8.1457, 40.7409 ], [ -8.1501, 40.7405 ], [ -8.1565, 40.7443 ], [ -8.162, 40.7441 ], [ -8.1735, 40.7522 ], [ -8.1772, 40.7485 ], [ -8.1833, 40.746 ], [ -8.1864, 40.7468 ], [ -8.1905, 40.7452 ], [ -8.1952, 40.7485 ], [ -8.2018, 40.747 ], [ -8.2082, 40.7523 ], [ -8.2143, 40.7475 ], [ -8.2264, 40.7521 ], [ -8.227, 40.7564 ], [ -8.2339, 40.7606 ], [ -8.2389, 40.759 ], [ -8.2448, 40.7602 ], [ -8.2419, 40.77 ], [ -8.2325, 40.7784 ], [ -8.2309, 40.7823 ], [ -8.2263, 40.7847 ], [ -8.219, 40.7948 ], [ -8.2199, 40.7971 ], [ -8.225, 40.7993 ], [ -8.2438, 40.8011 ], [ -8.2486, 40.8037 ], [ -8.2434, 40.8073 ], [ -8.2443, 40.8115 ], [ -8.2395, 40.8182 ], [ -8.2368, 40.8275 ], [ -8.2473, 40.8432 ], [ -8.2495, 40.8495 ], [ -8.2551, 40.8559 ], [ -8.231, 40.8647 ], [ -8.2063, 40.8485 ], [ -8.1905, 40.8461 ], [ -8.1674, 40.8662 ], [ -8.1492, 40.8552 ], [ -8.1427, 40.8543 ], [ -8.1337, 40.8492 ], [ -8.1249, 40.8494 ], [ -8.1133, 40.8527 ], [ -8.1064, 40.8552 ], [ -8.103, 40.8669 ], [ -8.1101, 40.8736 ], [ -8.112, 40.8784 ], [ -8.1111, 40.882 ], [ -8.1157, 40.8863 ], [ -8.1156, 40.8903 ], [ -8.1246, 40.8944 ], [ -8.1281, 40.8988 ], [ -8.1269, 40.9023 ], [ -8.1248, 40.9036 ], [ -8.1227, 40.9164 ], [ -8.1204, 40.9179 ], [ -8.1215, 40.9209 ], [ -8.1198, 40.9244 ], [ -8.1213, 40.9275 ], [ -8.1185, 40.9312 ], [ -8.1186, 40.9339 ], [ -8.1139, 40.9324 ], [ -8.1132, 40.9362 ], [ -8.1044, 40.9364 ], [ -8.1067, 40.9314 ], [ -8.1022, 40.9287 ], [ -8.0983, 40.9342 ], [ -8.0891, 40.9307 ], [ -8.0852, 40.9322 ], [ -8.0845, 40.9351 ], [ -8.0828, 40.9356 ], [ -8.08, 40.9334 ], [ -8.0747, 40.9334 ], [ -8.0741, 40.9305 ], [ -8.0668, 40.9318 ], [ -8.064, 40.9296 ], [ -8.065, 40.9275 ], [ -8.0606, 40.927 ], [ -8.061, 40.9217 ], [ -8.0644, 40.9181 ], [ -8.0639, 40.9164 ], [ -8.0601, 40.9194 ], [ -8.0535, 40.9163 ], [ -8.0476, 40.9181 ], [ -8.0436, 40.9149 ], [ -8.0405, 40.9191 ], [ -8.0362, 40.9182 ], [ -8.0368, 40.9155 ], [ -8.0413, 40.9129 ], [ -8.0392, 40.9094 ], [ -8.049, 40.8994 ], [ -8.0501, 40.8925 ], [ -8.0481, 40.8877 ], [ -8.0364, 40.8856 ], [ -8.0267, 40.8896 ], [ -8.0215, 40.888 ], [ -8.0191, 40.8907 ], [ -8.0196, 40.8942 ], [ -8.0177, 40.8988 ], [ -8.0139, 40.8974 ], [ -8.0099, 40.8919 ], [ -8.0159, 40.8879 ], [ -8.0143, 40.8862 ], [ -8.0164, 40.8817 ], [ -8.0067, 40.8684 ], [ -8.0011, 40.8751 ], [ -7.9919, 40.8758 ], [ -7.9918, 40.8611 ], [ -7.9988, 40.8543 ], [ -7.9994, 40.8504 ], [ -7.9944, 40.8471 ], [ -7.9785, 40.8416 ], [ -7.9691, 40.8392 ], [ -7.9624, 40.8411 ], [ -7.9628, 40.8365 ], [ -7.9614, 40.8352 ], [ -7.9645, 40.8329 ], [ -7.9646, 40.8273 ], [ -7.9704, 40.8214 ], [ -7.962, 40.8186 ], [ -7.945, 40.8188 ], [ -7.943, 40.8149 ], [ -7.9402, 40.8137 ], [ -7.9381, 40.8043 ], [ -7.9355, 40.8035 ], [ -7.9352, 40.8012 ], [ -7.9335, 40.8005 ], [ -7.9362, 40.7963 ], [ -7.9333, 40.7954 ], [ -7.9279, 40.7995 ], [ -7.9281, 40.7924 ], [ -7.9378, 40.7859 ], [ -7.936, 40.7845 ], [ -7.9372, 40.783 ], [ -7.9474, 40.7792 ], [ -7.9524, 40.7712 ], [ -7.9549, 40.7712 ], [ -7.9661, 40.7631 ], [ -7.9684, 40.7637 ], [ -7.9754, 40.7605 ], [ -7.9791, 40.7633 ], [ -7.9838, 40.7612 ], [ -7.9925, 40.7655 ], [ -7.9929, 40.7611 ], [ -7.9994, 40.7594 ], [ -8.003, 40.7611 ], [ -8.0017, 40.7649 ], [ -8.0059, 40.7668 ], [ -8.0191, 40.7645 ], [ -8.0224, 40.7623 ], [ -8.0225, 40.7596 ], [ -8.0272, 40.7576 ], [ -8.0309, 40.7444 ], [ -8.0343, 40.7416 ], [ -8.042, 40.74 ], [ -8.0443, 40.7442 ], [ -8.0435, 40.7463 ], [ -8.0483, 40.7501 ], [ -8.0515, 40.7499 ], [ -8.0604, 40.736 ], [ -8.0674, 40.7375 ], [ -8.0694, 40.7409 ] ] ] ] } },
{ "type": "Feature", "properties": { "GID_2": "PRT.20.17_1", "GID_0": "PRT", "COUNTRY": "Portugal", "GID_1": "PRT.20_1", "NAME_1": "Viseu", "NL_NAME_1": "NA", "NAME_2": "Sátão", "VARNAME_2": "NA", "NL_NAME_2": "NA", "TYPE_2": "Concelho", "ENGTYPE_2": "Municipality", "CC_2": "1817", "HASC_2": "PT.VI.ST" }, "geometry": { "type": "MultiPolygon", "coordinates": [ [ [ [ -7.7365, 40.6962 ], [ -7.743, 40.6952 ], [ -7.7563, 40.6832 ], [ -7.7619, 40.6811 ], [ -7.7641, 40.6834 ], [ -7.7639, 40.6856 ], [ -7.775, 40.6905 ], [ -7.7753, 40.6917 ], [ -7.7719, 40.6932 ], [ -7.7738, 40.6975 ], [ -7.7678, 40.702 ], [ -7.7659, 40.7132 ], [ -7.7626, 40.7219 ], [ -7.7623, 40.7297 ], [ -7.7719, 40.7329 ], [ -7.7755, 40.7386 ], [ -7.7721, 40.7481 ], [ -7.772, 40.7544 ], [ -7.768, 40.7642 ], [ -7.7704, 40.7693 ], [ -7.7683, 40.7731 ], [ -7.7666, 40.7742 ], [ -7.7629, 40.7729 ], [ -7.7586, 40.7766 ], [ -7.7565, 40.7737 ], [ -7.7535, 40.7742 ], [ -7.7537, 40.7709 ], [ -7.751, 40.7726 ], [ -7.7471, 40.7714 ], [ -7.748, 40.7687 ], [ -7.7436, 40.7678 ], [ -7.7427, 40.7653 ], [ -7.7406, 40.7681 ], [ -7.7357, 40.769 ], [ -7.7335, 40.7676 ], [ -7.7323, 40.7693 ], [ -7.7241, 40.7653 ], [ -7.7212, 40.7653 ], [ -7.7203, 40.7681 ], [ -7.7231, 40.771 ], [ -7.7231, 40.7937 ], [ -7.7076, 40.8127 ], [ -7.7057, 40.8204 ], [ -7.6995, 40.8329 ], [ -7.697, 40.8344 ], [ -7.703, 40.8377 ], [ -7.7045, 40.8455 ], [ -7.701, 40.8485 ], [ -7.6984, 40.8481 ], [ -7.6899, 40.8515 ], [ -7.6873, 40.8548 ], [ -7.6832, 40.8552 ], [ -7.6818, 40.8592 ], [ -7.675, 40.8587 ], [ -7.6743, 40.8557 ], [ -7.6669, 40.8564 ], [ -7.6659, 40.8546 ], [ -7.6618, 40.8536 ], [ -7.6606, 40.8572 ], [ -7.6639, 40.8635 ], [ -7.6328, 40.8748 ], [ -7.6192, 40.864 ], [ -7.6119, 40.8521 ], [ -7.6084, 40.8428 ], [ -7.6042, 40.8376 ], [ -7.5913, 40.8299 ], [ -7.5984, 40.8246 ], [ -7.604, 40.8153 ], [ -7.6074, 40.8058 ], [ -7.621, 40.7955 ], [ -7.6254, 40.784 ], [ -7.6281, 40.7815 ], [ -7.6192, 40.7806 ], [ -7.6167, 40.7772 ], [ -7.6133, 40.777 ], [ -7.6072, 40.7729 ], [ -7.5935, 40.7703 ], [ -7.5841, 40.7655 ], [ -7.5755, 40.7559 ], [ -7.5707, 40.7475 ], [ -7.5815, 40.7373 ], [ -7.5967, 40.7288 ], [ -7.6007, 40.7225 ], [ -7.6058, 40.7186 ], [ -7.6337, 40.7112 ], [ -7.6386, 40.7118 ], [ -7.6486, 40.7168 ], [ -7.6519, 40.7155 ], [ -7.6566, 40.7173 ], [ -7.6621, 40.7138 ], [ -7.663, 40.7113 ], [ -7.6667, 40.7106 ], [ -7.6688, 40.7067 ], [ -7.6785, 40.704 ], [ -7.687, 40.6972 ], [ -7.6897, 40.6974 ], [ -7.6935, 40.6946 ], [ -7.6969, 40.695 ], [ -7.698, 40.6912 ], [ -7.702, 40.6912 ], [ -7.7081, 40.694 ], [ -7.7365, 40.6962 ] ] ] ] } },
{ "type": "Feature", "properties": { "GID_2": "PRT.20.18_1", "GID_0": "PRT", "COUNTRY": "Portugal", "GID_1": "PRT.20_1", "NAME_1": "Viseu", "NL_NAME_1": "NA", "NAME_2": "Sernancelhe", "VARNAME_2": "NA", "NL_NAME_2": "NA", "TYPE_2": "Concelho", "ENGTYPE_2": "Municipality", "CC_2": "1818", "HASC_2": "PT.VI.SE" }, "geometry": { "type": "MultiPolygon", "coordinates": [ [ [ [ -7.4733, 40.8294 ], [ -7.4828, 40.8352 ], [ -7.4823, 40.8392 ], [ -7.4859, 40.8426 ], [ -7.4927, 40.8479 ], [ -7.4963, 40.8485 ], [ -7.4956, 40.8526 ], [ -7.498, 40.8557 ], [ -7.5108, 40.8594 ], [ -7.5142, 40.8639 ], [ -7.5141, 40.8693 ], [ -7.5293, 40.873 ], [ -7.5584, 40.8732 ], [ -7.5635, 40.8713 ], [ -7.5662, 40.8675 ], [ -7.5768, 40.8628 ], [ -7.5879, 40.8499 ], [ -7.5913, 40.8299 ], [ -7.6042, 40.8376 ], [ -7.6084, 40.8428 ], [ -7.6119, 40.8521 ], [ -7.6192, 40.864 ], [ -7.6328, 40.8748 ], [ -7.6446, 40.87 ], [ -7.6481, 40.8724 ], [ -7.6606, 40.8735 ], [ -7.6493, 40.88 ], [ -7.6478, 40.8855 ], [ -7.6496, 40.8884 ], [ -7.6456, 40.8928 ], [ -7.6343, 40.8971 ], [ -7.6281, 40.9044 ], [ -7.6245, 40.906 ], [ -7.6215, 40.9112 ], [ -7.6135, 40.9127 ], [ -7.5939, 40.9207 ], [ -7.5643, 40.9233 ], [ -7.552, 40.9296 ], [ -7.5478, 40.9372 ], [ -7.5529, 40.9408 ], [ -7.558, 40.9503 ], [ -7.5539, 40.9584 ], [ -7.5482, 40.9622 ], [ -7.5386, 40.9617 ], [ -7.5379, 40.9755 ], [ -7.5337, 40.9901 ], [ -7.5345, 40.9961 ], [ -7.5372, 40.9983 ], [ -7.5347, 40.9985 ], [ -7.5351, 41.0018 ], [ -7.532, 41.0036 ], [ -7.5267, 41.0146 ], [ -7.5204, 41.0207 ], [ -7.5131, 41.022 ], [ -7.512, 41.0135 ], [ -7.5067, 41.0149 ], [ -7.5015, 41.0118 ], [ -7.498, 41.0065 ], [ -7.4757, 41.0023 ], [ -7.4712, 40.9994 ], [ -7.4614, 41.0006 ], [ -7.4603, 40.9909 ], [ -7.4567, 40.9842 ], [ -7.4479, 40.9739 ], [ -7.4343, 40.9644 ], [ -7.4389, 40.9531 ], [ -7.4423, 40.953 ], [ -7.4434, 40.9506 ], [ -7.4405, 40.9454 ], [ -7.4356, 40.9434 ], [ -7.4296, 40.9358 ], [ -7.4138, 40.9253 ], [ -7.4243, 40.9144 ], [ -7.4297, 40.9047 ], [ -7.4303, 40.8944 ], [ -7.4263, 40.8872 ], [ -7.4048, 40.88 ], [ -7.3985, 40.8803 ], [ -7.3881, 40.8851 ], [ -7.3818, 40.897 ], [ -7.384, 40.8994 ], [ -7.3788, 40.9012 ], [ -7.3812, 40.9073 ], [ -7.3755, 40.9046 ], [ -7.3746, 40.9025 ], [ -7.3761, 40.8976 ], [ -7.3742, 40.8943 ], [ -7.3763, 40.887 ], [ -7.3843, 40.8807 ], [ -7.3774, 40.8746 ], [ -7.38, 40.8687 ], [ -7.3811, 40.8682 ], [ -7.3816, 40.8711 ], [ -7.3893, 40.8788 ], [ -7.4032, 40.8785 ], [ -7.4078, 40.8706 ], [ -7.4067, 40.8688 ], [ -7.4139, 40.8564 ], [ -7.4259, 40.842 ], [ -7.429, 40.8416 ], [ -7.4282, 40.8356 ], [ -7.4335, 40.8301 ], [ -7.436, 40.8243 ], [ -7.4422, 40.8206 ], [ -7.4456, 40.8161 ], [ -7.4542, 40.8126 ], [ -7.4572, 40.8182 ], [ -7.4644, 40.8215 ], [ -7.4645, 40.8273 ], [ -7.4733, 40.8294 ] ] ] ] } },
{ "type": "Feature", "properties": { "GID_2": "PRT.20.19_1", "GID_0": "PRT", "COUNTRY": "Portugal", "GID_1": "PRT.20_1", "NAME_1": "Viseu", "NL_NAME_1": "NA", "NAME_2": "Tabuaço", "VARNAME_2": "NA", "NL_NAME_2": "NA", "TYPE_2": "Concelho", "ENGTYPE_2": "Municipality", "CC_2": "1819", "HASC_2": "PT.VI.TB" }, "geometry": { "type": "MultiPolygon", "coordinates": [ [ [ [ -7.5319, 41.0061 ], [ -7.5365, 41.0074 ], [ -7.5527, 41.0221 ], [ -7.5558, 41.02 ], [ -7.5659, 41.0292 ], [ -7.5717, 41.0369 ], [ -7.5843, 41.0411 ], [ -7.5948, 41.0423 ], [ -7.5976, 41.0439 ], [ -7.5961, 41.0473 ], [ -7.5994, 41.0502 ], [ -7.6098, 41.0517 ], [ -7.6151, 41.0567 ], [ -7.6211, 41.0591 ], [ -7.6228, 41.0781 ], [ -7.616, 41.0786 ], [ -7.6181, 41.0985 ], [ -7.6269, 41.0985 ], [ -7.6271, 41.1058 ], [ -7.6309, 41.1151 ], [ -7.6332, 41.1285 ], [ -7.6326, 41.1318 ], [ -7.6301, 41.1335 ], [ -7.6357, 41.1332 ], [ -7.6362, 41.1357 ], [ -7.6264, 41.1396 ], [ -7.6222, 41.1431 ], [ -7.6374, 41.1522 ], [ -7.6367, 41.1536 ], [ -7.6403, 41.1588 ], [ -7.6139, 41.1608 ], [ -7.5901, 41.1563 ], [ -7.5752, 41.1603 ], [ -7.5709, 41.1654 ], [ -7.5557, 41.1738 ], [ -7.5507, 41.1738 ], [ -7.5512, 41.1723 ], [ -7.548, 41.1717 ], [ -7.5488, 41.1667 ], [ -7.5456, 41.1657 ], [ -7.5447, 41.168 ], [ -7.5401, 41.1678 ], [ -7.5385, 41.1669 ], [ -7.5384, 41.1639 ], [ -7.5333, 41.165 ], [ -7.535, 41.1614 ], [ -7.5304, 41.159 ], [ -7.5303, 41.1566 ], [ -7.5342, 41.1493 ], [ -7.5263, 41.1437 ], [ -7.5281, 41.1431 ], [ -7.5196, 41.1343 ], [ -7.5323, 41.1249 ], [ -7.5402, 41.1235 ], [ -7.542, 41.1213 ], [ -7.5454, 41.1211 ], [ -7.5466, 41.1188 ], [ -7.5499, 41.12 ], [ -7.5482, 41.1177 ], [ -7.5496, 41.1146 ], [ -7.5303, 41.107 ], [ -7.5249, 41.1094 ], [ -7.5167, 41.1083 ], [ -7.5132, 41.1062 ], [ -7.5064, 41.107 ], [ -7.5011, 41.105 ], [ -7.498, 41.1072 ], [ -7.4936, 41.1073 ], [ -7.4746, 41.1012 ], [ -7.4829, 41.099 ], [ -7.4959, 41.0984 ], [ -7.5036, 41.0931 ], [ -7.5062, 41.0886 ], [ -7.5136, 41.0885 ], [ -7.5139, 41.0864 ], [ -7.5106, 41.0835 ], [ -7.5104, 41.0778 ], [ -7.5127, 41.0764 ], [ -7.5121, 41.0724 ], [ -7.5091, 41.0706 ], [ -7.5078, 41.0671 ], [ -7.5052, 41.0664 ], [ -7.5085, 41.0628 ], [ -7.5054, 41.0574 ], [ -7.5021, 41.0566 ], [ -7.5053, 41.055 ], [ -7.5024, 41.0518 ], [ -7.5048, 41.0487 ], [ -7.5034, 41.0409 ], [ -7.513, 41.0331 ], [ -7.5107, 41.0316 ], [ -7.5071, 41.032 ], [ -7.5115, 41.0231 ], [ -7.514, 41.0214 ], [ -7.5204, 41.0207 ], [ -7.5267, 41.0146 ], [ -7.5307, 41.006 ], [ -7.5319, 41.0061 ] ] ] ] } },
{ "type": "Feature", "properties": { "GID_2": "PRT.20.20_1", "GID_0": "PRT", "COUNTRY": "Portugal", "GID_1": "PRT.20_1", "NAME_1": "Viseu", "NL_NAME_1": "NA", "NAME_2": "Tarouca", "VARNAME_2": "NA", "NL_NAME_2": "NA", "TYPE_2": "Concelho", "ENGTYPE_2": "Municipality", "CC_2": "1820", "HASC_2": "PT.VI.TR" }, "geometry": { "type": "MultiPolygon", "coordinates": [ [ [ [ -7.7536, 40.9658 ], [ -7.7549, 40.9725 ], [ -7.7582, 40.9748 ], [ -7.7674, 40.9742 ], [ -7.7925, 40.9813 ], [ -7.7927, 40.9786 ], [ -7.7953, 40.9757 ], [ -7.8018, 40.9732 ], [ -7.8045, 40.9682 ], [ -7.807, 40.9678 ], [ -7.8069, 40.9653 ], [ -7.8183, 40.9553 ], [ -7.8311, 40.9636 ], [ -7.843, 40.9749 ], [ -7.8482, 40.982 ], [ -7.8506, 40.9885 ], [ -7.8503, 40.9942 ], [ -7.8375, 41.0039 ], [ -7.8344, 41.0141 ], [ -7.8305, 41.0166 ], [ -7.8244, 41.0166 ], [ -7.8141, 41.0195 ], [ -7.8117, 41.0222 ], [ -7.8124, 41.0249 ], [ -7.8062, 41.0362 ], [ -7.8003, 41.034 ], [ -7.7881, 41.0356 ], [ -7.7816, 41.0337 ], [ -7.7715, 41.036 ], [ -7.7661, 41.0394 ], [ -7.7675, 41.0417 ], [ -7.7617, 41.0458 ], [ -7.7591, 41.0459 ], [ -7.7563, 41.0506 ], [ -7.7609, 41.0503 ], [ -7.7687, 41.0552 ], [ -7.7667, 41.0614 ], [ -7.7638, 41.062 ], [ -7.7661, 41.0638 ], [ -7.7654, 41.0658 ], [ -7.7607, 41.0683 ], [ -7.7601, 41.0705 ], [ -7.7549, 41.0684 ], [ -7.7495, 41.0723 ], [ -7.7553, 41.0739 ], [ -7.7554, 41.0805 ], [ -7.7219, 41.0803 ], [ -7.7136, 41.0747 ], [ -7.7047, 41.0714 ], [ -7.6998, 41.0628 ], [ -7.6986, 41.0629 ], [ -7.7035, 41.0587 ], [ -7.7073, 41.0608 ], [ -7.7109, 41.0588 ], [ -7.7165, 41.0601 ], [ -7.7207, 41.0505 ], [ -7.7204, 41.0476 ], [ -7.717, 41.0469 ], [ -7.7175, 41.043 ], [ -7.71, 41.0415 ], [ -7.7063, 41.0379 ], [ -7.7014, 41.0369 ], [ -7.7007, 41.0343 ], [ -7.6941, 41.0388 ], [ -7.6951, 41.0428 ], [ -7.6923, 41.0424 ], [ -7.6877, 41.0462 ], [ -7.678, 41.0384 ], [ -7.6751, 41.0382 ], [ -7.6722, 41.0261 ], [ -7.6665, 41.0275 ], [ -7.6598, 41.0319 ], [ -7.6603, 41.0291 ], [ -7.6654, 41.0163 ], [ -7.6736, 41.0053 ], [ -7.6864, 41.0126 ], [ -7.6862, 41.0153 ], [ -7.6921, 41.0161 ], [ -7.6922, 41.0196 ], [ -7.694, 41.0217 ], [ -7.7022, 41.0242 ], [ -7.7039, 41.0263 ], [ -7.7186, 41.0267 ], [ -7.7256, 41.0252 ], [ -7.7275, 41.0158 ], [ -7.7265, 41.0049 ], [ -7.724, 41.0023 ], [ -7.7249, 40.9945 ], [ -7.7285, 40.9859 ], [ -7.728, 40.9613 ], [ -7.7428, 40.9593 ], [ -7.7573, 40.9543 ], [ -7.7629, 40.9612 ], [ -7.7536, 40.9658 ] ] ] ] } },
{ "type": "Feature", "properties": { "GID_2": "PRT.20.21_1", "GID_0": "PRT", "COUNTRY": "Portugal", "GID_1": "PRT.20_1", "NAME_1": "Viseu", "NL_NAME_1": "NA", "NAME_2": "Tondela", "VARNAME_2": "NA", "NL_NAME_2": "NA", "TYPE_2": "Concelho", "ENGTYPE_2": "Municipality", "CC_2": "1821", "HASC_2": "PT.VI.TO" }, "geometry": { "type": "MultiPolygon", "coordinates": [ [ [ [ -8.0675, 40.4644 ], [ -8.0762, 40.4612 ], [ -8.0846, 40.4548 ], [ -8.1032, 40.4557 ], [ -8.1021, 40.464 ], [ -8.1039, 40.4649 ], [ -8.1106, 40.4594 ], [ -8.1236, 40.454 ], [ -8.1409, 40.4548 ], [ -8.1546, 40.453 ], [ -8.1547, 40.4504 ], [ -8.1592, 40.4488 ], [ -8.1608, 40.4497 ], [ -8.1619, 40.448 ], [ -8.1647, 40.4504 ], [ -8.1676, 40.4601 ], [ -8.1665, 40.4617 ], [ -8.1696, 40.4646 ], [ -8.1699, 40.4684 ], [ -8.1784, 40.4716 ], [ -8.1828, 40.4707 ], [ -8.1868, 40.4731 ], [ -8.1914, 40.4724 ], [ -8.196, 40.4777 ], [ -8.1988, 40.4773 ], [ -8.2009, 40.4793 ], [ -8.1989, 40.4845 ], [ -8.2038, 40.4916 ], [ -8.2039, 40.4947 ], [ -8.2082, 40.5027 ], [ -8.2127, 40.505 ], [ -8.2127, 40.5094 ], [ -8.2159, 40.5084 ], [ -8.2153, 40.5101 ], [ -8.2185, 40.5108 ], [ -8.2198, 40.5141 ], [ -8.2276, 40.5164 ], [ -8.2368, 40.5163 ], [ -8.2429, 40.5138 ], [ -8.2506, 40.5149 ], [ -8.2607, 40.5224 ], [ -8.2639, 40.5292 ], [ -8.2719, 40.5362 ], [ -8.2785, 40.536 ], [ -8.2849, 40.5391 ], [ -8.2891, 40.5595 ], [ -8.288, 40.5653 ], [ -8.2892, 40.5688 ], [ -8.2995, 40.5778 ], [ -8.3013, 40.5841 ], [ -8.3084, 40.5964 ], [ -8.3057, 40.5965 ], [ -8.3065, 40.5996 ], [ -8.3034, 40.5993 ], [ -8.3032, 40.6018 ], [ -8.3004, 40.6029 ], [ -8.2975, 40.6003 ], [ -8.2941, 40.6048 ], [ -8.2903, 40.6057 ], [ -8.2861, 40.6044 ], [ -8.2794, 40.6068 ], [ -8.2761, 40.6045 ], [ -8.2649, 40.6099 ], [ -8.2498, 40.6118 ], [ -8.2474, 40.6143 ], [ -8.2432, 40.611 ], [ -8.232, 40.6104 ], [ -8.2253, 40.5985 ], [ -8.2224, 40.5994 ], [ -8.2132, 40.5949 ], [ -8.2111, 40.5959 ], [ -8.2038, 40.5928 ], [ -8.2038, 40.5887 ], [ -8.2105, 40.5838 ], [ -8.2103, 40.5726 ], [ -8.2086, 40.5658 ], [ -8.2026, 40.5637 ], [ -8.1922, 40.5646 ], [ -8.1879, 40.5676 ], [ -8.1873, 40.5713 ], [ -8.1825, 40.5769 ], [ -8.1706, 40.5851 ], [ -8.1693, 40.588 ], [ -8.1632, 40.5924 ], [ -8.1604, 40.6033 ], [ -8.1452, 40.6159 ], [ -8.1473, 40.6233 ], [ -8.144, 40.627 ], [ -8.1396, 40.6377 ], [ -8.1321, 40.6407 ], [ -8.1197, 40.6387 ], [ -8.1048, 40.6394 ], [ -8.0855, 40.6334 ], [ -8.0689, 40.6218 ], [ -8.0515, 40.6193 ], [ -8.0479, 40.6141 ], [ -8.0268, 40.6007 ], [ -8.0235, 40.5971 ], [ -8.0102, 40.6006 ], [ -8.0062, 40.5962 ], [ -7.9975, 40.5954 ], [ -7.9933, 40.5934 ], [ -7.9856, 40.587 ], [ -7.9852, 40.5826 ], [ -7.989, 40.5747 ], [ -7.989, 40.5726 ], [ -7.9865, 40.5718 ], [ -7.9934, 40.5667 ], [ -7.9929, 40.5634 ], [ -8.0064, 40.5587 ], [ -8.003, 40.5551 ], [ -8.0024, 40.5522 ], [ -8.0061, 40.5451 ], [ -7.9984, 40.5431 ], [ -7.9848, 40.5462 ], [ -7.9762, 40.545 ], [ -7.9658, 40.5409 ], [ -7.9614, 40.5381 ], [ -7.9658, 40.535 ], [ -7.9642, 40.5321 ], [ -7.9664, 40.5292 ], [ -7.9619, 40.5269 ], [ -7.9603, 40.5236 ], [ -7.962, 40.52 ], [ -7.9596, 40.5197 ], [ -7.9591, 40.5175 ], [ -7.9896, 40.4981 ], [ -8.0115, 40.4884 ], [ -8.0153, 40.483 ], [ -8.0105, 40.4822 ], [ -8.0126, 40.4807 ], [ -8.0083, 40.4782 ], [ -8.0122, 40.476 ], [ -8.0147, 40.4712 ], [ -8.0213, 40.4687 ], [ -8.023, 40.4666 ], [ -8.0398, 40.4627 ], [ -8.0439, 40.4601 ], [ -8.0522, 40.4609 ], [ -8.0582, 40.4579 ], [ -8.062, 40.4596 ], [ -8.062, 40.4625 ], [ -8.0658, 40.4654 ], [ -8.0675, 40.4644 ] ] ] ] } },
{ "type": "Feature", "properties": { "GID_2": "PRT.20.22_1", "GID_0": "PRT", "COUNTRY": "Portugal", "GID_1": "PRT.20_1", "NAME_1": "Viseu", "NL_NAME_1": "NA", "NAME_2": "VilaNovadePaiva", "VARNAME_2": "NA", "NL_NAME_2": "NA", "TYPE_2": "Concelho", "ENGTYPE_2": "Municipality", "CC_2": "1822", "HASC_2": "PT.VI.VP" }, "geometry": { "type": "MultiPolygon", "coordinates": [ [ [ [ -7.7049, 40.8436 ], [ -7.703, 40.8377 ], [ -7.697, 40.8344 ], [ -7.6995, 40.8329 ], [ -7.7057, 40.8204 ], [ -7.7076, 40.8127 ], [ -7.7231, 40.7937 ], [ -7.7231, 40.771 ], [ -7.7202, 40.7669 ], [ -7.7231, 40.765 ], [ -7.7323, 40.7693 ], [ -7.7335, 40.7676 ], [ -7.7357, 40.769 ], [ -7.7406, 40.7681 ], [ -7.7427, 40.7653 ], [ -7.7436, 40.7678 ], [ -7.748, 40.7687 ], [ -7.7471, 40.7714 ], [ -7.751, 40.7726 ], [ -7.7537, 40.7709 ], [ -7.7535, 40.7742 ], [ -7.7565, 40.7737 ], [ -7.7586, 40.7766 ], [ -7.7629, 40.7729 ], [ -7.7669, 40.7741 ], [ -7.764, 40.7768 ], [ -7.7643, 40.7812 ], [ -7.7624, 40.7834 ], [ -7.7689, 40.7983 ], [ -7.7812, 40.8111 ], [ -7.7828, 40.8162 ], [ -7.7859, 40.8196 ], [ -7.7958, 40.8251 ], [ -7.8063, 40.8379 ], [ -7.8136, 40.8426 ], [ -7.8111, 40.8463 ], [ -7.8124, 40.8524 ], [ -7.8203, 40.8521 ], [ -7.8267, 40.8592 ], [ -7.8355, 40.8619 ], [ -7.8371, 40.8742 ], [ -7.854, 40.8854 ], [ -7.8601, 40.892 ], [ -7.86, 40.8952 ], [ -7.8685, 40.8985 ], [ -7.8665, 40.8998 ], [ -7.8666, 40.9021 ], [ -7.8628, 40.9014 ], [ -7.8551, 40.9039 ], [ -7.854, 40.9101 ], [ -7.8556, 40.9124 ], [ -7.8519, 40.9167 ], [ -7.8474, 40.9138 ], [ -7.8421, 40.915 ], [ -7.84, 40.9193 ], [ -7.833, 40.9228 ], [ -7.8323, 40.9259 ], [ -7.8273, 40.9286 ], [ -7.8219, 40.9351 ], [ -7.8121, 40.9411 ], [ -7.8114, 40.9449 ], [ -7.8069, 40.9478 ], [ -7.7971, 40.9398 ], [ -7.7888, 40.9386 ], [ -7.7793, 40.9344 ], [ -7.7737, 40.9347 ], [ -7.7709, 40.9392 ], [ -7.76, 40.946 ], [ -7.7445, 40.9388 ], [ -7.7144, 40.944 ], [ -7.7092, 40.9408 ], [ -7.6985, 40.9443 ], [ -7.6928, 40.9425 ], [ -7.687, 40.9364 ], [ -7.6928, 40.9253 ], [ -7.6973, 40.9047 ], [ -7.7161, 40.8863 ], [ -7.7043, 40.8772 ], [ -7.6879, 40.8544 ], [ -7.6901, 40.8514 ], [ -7.7012, 40.8484 ], [ -7.7049, 40.8436 ] ] ] ] } },
{ "type": "Feature", "properties": { "GID_2": "PRT.20.23_1", "GID_0": "PRT", "COUNTRY": "Portugal", "GID_1": "PRT.20_1", "NAME_1": "Viseu", "NL_NAME_1": "NA", "NAME_2": "Viseu", "VARNAME_2": "NA", "NL_NAME_2": "NA", "TYPE_2": "Concelho", "ENGTYPE_2": "Municipality", "CC_2": "1823", "HASC_2": "PT.VI.VS" }, "geometry": { "type": "MultiPolygon", "coordinates": [ [ [ [ -7.9447, 40.5366 ], [ -7.9515, 40.538 ], [ -7.9528, 40.5357 ], [ -7.9561, 40.5364 ], [ -7.969, 40.5427 ], [ -7.9848, 40.5462 ], [ -7.9984, 40.5431 ], [ -8.0061, 40.5451 ], [ -8.0024, 40.5522 ], [ -8.003, 40.5551 ], [ -8.0064, 40.5587 ], [ -7.9929, 40.5634 ], [ -7.9934, 40.5667 ], [ -7.9865, 40.5718 ], [ -7.9891, 40.5731 ], [ -7.9852, 40.5826 ], [ -7.9863, 40.5878 ], [ -7.9975, 40.5954 ], [ -8.0062, 40.5962 ], [ -8.0102, 40.6006 ], [ -8.0235, 40.5971 ], [ -8.0268, 40.6007 ], [ -8.0479, 40.6141 ], [ -8.0515, 40.6193 ], [ -8.0689, 40.6218 ], [ -8.0855, 40.6334 ], [ -8.0916, 40.6349 ], [ -8.072, 40.6528 ], [ -8.0591, 40.6578 ], [ -8.0477, 40.6656 ], [ -8.0393, 40.6694 ], [ -8.0324, 40.6857 ], [ -8.0187, 40.6933 ], [ -8.0219, 40.6982 ], [ -8.0216, 40.7007 ], [ -8.018, 40.7049 ], [ -8.0143, 40.7186 ], [ -8.0084, 40.7255 ], [ -8.0072, 40.7294 ], [ -8.0112, 40.7328 ], [ -8.0127, 40.7438 ], [ -8.0161, 40.7466 ], [ -8.0231, 40.7468 ], [ -8.0309, 40.7444 ], [ -8.0272, 40.7576 ], [ -8.0225, 40.7596 ], [ -8.0216, 40.763 ], [ -8.0062, 40.7668 ], [ -8.0017, 40.7649 ], [ -8.003, 40.7611 ], [ -7.9994, 40.7594 ], [ -7.9929, 40.7611 ], [ -7.9925, 40.7655 ], [ -7.9838, 40.7612 ], [ -7.9791, 40.7633 ], [ -7.9754, 40.7605 ], [ -7.9684, 40.7637 ], [ -7.9661, 40.7631 ], [ -7.9549, 40.7712 ], [ -7.9524, 40.7712 ], [ -7.9473, 40.7793 ], [ -7.937, 40.7832 ], [ -7.9361, 40.7847 ], [ -7.9378, 40.7859 ], [ -7.9281, 40.7924 ], [ -7.9275, 40.7991 ], [ -7.9241, 40.7966 ], [ -7.913, 40.7987 ], [ -7.9068, 40.7982 ], [ -7.9073, 40.7961 ], [ -7.8851, 40.7928 ], [ -7.8732, 40.7867 ], [ -7.8617, 40.7891 ], [ -7.8516, 40.7945 ], [ -7.8465, 40.8028 ], [ -7.8391, 40.8254 ], [ -7.8286, 40.832 ], [ -7.8207, 40.8331 ], [ -7.8169, 40.8384 ], [ -7.8178, 40.8393 ], [ -7.8136, 40.8426 ], [ -7.811, 40.8418 ], [ -7.7958, 40.8251 ], [ -7.7859, 40.8196 ], [ -7.7828, 40.8162 ], [ -7.7812, 40.8111 ], [ -7.7689, 40.7983 ], [ -7.7624, 40.7834 ], [ -7.7643, 40.7812 ], [ -7.764, 40.7768 ], [ -7.7703, 40.7696 ], [ -7.768, 40.7642 ], [ -7.772, 40.7544 ], [ -7.7721, 40.7481 ], [ -7.7755, 40.7386 ], [ -7.7719, 40.7329 ], [ -7.7623, 40.7297 ], [ -7.7626, 40.7212 ], [ -7.7655, 40.7149 ], [ -7.7678, 40.702 ], [ -7.7738, 40.6975 ], [ -7.7719, 40.6932 ], [ -7.7753, 40.6917 ], [ -7.7726, 40.6886 ], [ -7.7639, 40.6856 ], [ -7.7641, 40.6834 ], [ -7.762, 40.6811 ], [ -7.7656, 40.679 ], [ -7.7685, 40.6736 ], [ -7.7766, 40.6675 ], [ -7.7805, 40.66 ], [ -7.784, 40.6569 ], [ -7.782, 40.6543 ], [ -7.7715, 40.6525 ], [ -7.759, 40.6451 ], [ -7.7625, 40.6423 ], [ -7.7718, 40.643 ], [ -7.7744, 40.6405 ], [ -7.7903, 40.6337 ], [ -7.812, 40.636 ], [ -7.8251, 40.6335 ], [ -7.8272, 40.6274 ], [ -7.8411, 40.6147 ], [ -7.856, 40.6141 ], [ -7.8638, 40.6072 ], [ -7.8837, 40.6019 ], [ -7.8845, 40.5992 ], [ -7.9154, 40.5726 ], [ -7.9114, 40.5685 ], [ -7.9089, 40.5686 ], [ -7.9086, 40.5633 ], [ -7.9286, 40.5519 ], [ -7.9305, 40.5502 ], [ -7.9308, 40.5463 ], [ -7.9393, 40.5417 ], [ -7.9447, 40.5366 ] ] ] ] } },
{ "type": "Feature", "properties": { "GID_2": "PRT.20.24_1", "GID_0": "PRT", "COUNTRY": "Portugal", "GID_1": "PRT.20_1", "NAME_1": "Viseu", "NL_NAME_1": "NA", "NAME_2": "Vouzela", "VARNAME_2": "NA", "NL_NAME_2": "NA", "TYPE_2": "Concelho", "ENGTYPE_2": "Municipality", "CC_2": "1824", "HASC_2": "PT.VI.VO" }, "geometry": { "type": "MultiPolygon", "coordinates": [ [ [ [ -8.1966, 40.6052 ], [ -8.2177, 40.6164 ], [ -8.2161, 40.6223 ], [ -8.217, 40.6287 ], [ -8.2223, 40.6268 ], [ -8.2411, 40.6286 ], [ -8.2459, 40.6242 ], [ -8.2466, 40.621 ], [ -8.2492, 40.6185 ], [ -8.26, 40.6252 ], [ -8.2743, 40.6307 ], [ -8.266, 40.6361 ], [ -8.2666, 40.641 ], [ -8.2634, 40.6445 ], [ -8.2674, 40.6464 ], [ -8.2694, 40.6458 ], [ -8.272, 40.6538 ], [ -8.2665, 40.6555 ], [ -8.2642, 40.6579 ], [ -8.265, 40.6597 ], [ -8.256, 40.6624 ], [ -8.2616, 40.6628 ], [ -8.2615, 40.6748 ], [ -8.2605, 40.6777 ], [ -8.2417, 40.6884 ], [ -8.2444, 40.6957 ], [ -8.2405, 40.6985 ], [ -8.2319, 40.6977 ], [ -8.2278, 40.6993 ], [ -8.21, 40.694 ], [ -8.1929, 40.698 ], [ -8.1857, 40.6974 ], [ -8.1785, 40.7014 ], [ -8.1683, 40.7015 ], [ -8.1564, 40.6966 ], [ -8.1548, 40.7026 ], [ -8.1497, 40.7038 ], [ -8.1461, 40.7118 ], [ -8.1402, 40.7123 ], [ -8.1439, 40.721 ], [ -8.132, 40.7251 ], [ -8.1334, 40.728 ], [ -8.1295, 40.7352 ], [ -8.124, 40.7336 ], [ -8.1166, 40.7353 ], [ -8.1123, 40.7338 ], [ -8.1098, 40.7293 ], [ -8.1069, 40.7306 ], [ -8.1028, 40.7293 ], [ -8.0921, 40.7341 ], [ -8.0862, 40.7334 ], [ -8.0796, 40.7367 ], [ -8.0751, 40.7365 ], [ -8.0697, 40.7409 ], [ -8.0674, 40.7375 ], [ -8.0604, 40.736 ], [ -8.0515, 40.7499 ], [ -8.047, 40.7499 ], [ -8.0435, 40.7463 ], [ -8.0443, 40.7442 ], [ -8.0416, 40.7399 ], [ -8.0231, 40.7468 ], [ -8.0161, 40.7466 ], [ -8.0127, 40.7438 ], [ -8.0112, 40.7328 ], [ -8.0072, 40.7293 ], [ -8.0084, 40.7255 ], [ -8.0143, 40.7186 ], [ -8.018, 40.7049 ], [ -8.0216, 40.7007 ], [ -8.0219, 40.6982 ], [ -8.0187, 40.6933 ], [ -8.0324, 40.6857 ], [ -8.0393, 40.6694 ], [ -8.0477, 40.6656 ], [ -8.0591, 40.6578 ], [ -8.072, 40.6528 ], [ -8.0916, 40.6349 ], [ -8.1048, 40.6394 ], [ -8.1197, 40.6387 ], [ -8.1321, 40.6407 ], [ -8.1375, 40.6389 ], [ -8.1396, 40.6377 ], [ -8.144, 40.627 ], [ -8.1473, 40.6233 ], [ -8.1452, 40.6159 ], [ -8.1573, 40.6071 ], [ -8.161, 40.6013 ], [ -8.1722, 40.6021 ], [ -8.1766, 40.6006 ], [ -8.1966, 40.6052 ] ] ] ] } }
]
}
