{
"type": "FeatureCollection",
"name": "provincias_norte",
"crs": { "type": "name", "properties": { "name": "urn:ogc:def:crs:OGC:1.3:CRS84" } },
"features": [
{ "type": "Feature", "properties": { "name": "Navarra", "admin": "Spain", "region": "Foral de Navarra" }, "geometry": { "type": "MultiPolygon", "coordinates": [ [ [ [ -1.81484493714413, 41.995266425405191 ], [ -1.823888311896098, 41.99464630778084 ], [ -1.834611172367715, 41.998909614087381 ], [ -1.836394009076287, 42.000279038746612 ], [ -1.838667772199926, 42.000847480426842 ], [ -1.841277432107802, 42.001881008301893 ], [ -1.85241370283012, 42.001209214733478 ], [ -1.89060258614046, 42.025316271528709 ], [ -1.897320521824611, 42.035599881529265 ], [ -1.901325445712757, 42.045599269790443 ], [ -1.902100592068678, 42.0543842639226 ], [ -1.901480475343647, 42.061929022806112 ], [ -1.899930181732486, 42.069370428902175 ], [ -1.896054449952885, 42.076140042329087 ], [ -1.856392788296546, 42.111538398578205 ], [ -1.841820033567728, 42.122028714153828 ], [ -1.835773892351256, 42.127868149795233 ], [ -1.831975674038119, 42.134431056747871 ], [ -1.82910763171185, 42.140787258125442 ], [ -1.823423223902694, 42.145619005212893 ], [ -1.814586553826416, 42.146936753928003 ], [ -1.804302943825803, 42.145903225153688 ], [ -1.8, 42.1441876115613 ], [ -1.8, 41.994384349455657 ], [ -1.81484493714413, 41.995266425405191 ] ] ], [ [ [ -1.820012580116497, 42.272872219477335 ], [ -1.82931433818618, 42.277574775355561 ], [ -1.835799729873656, 42.278143215237151 ], [ -1.85125098284658, 42.276179511375346 ], [ -1.857271287439971, 42.277574775355561 ], [ -1.861922165575493, 42.284189358252263 ], [ -1.862154709572224, 42.291992499554169 ], [ -1.861405401637967, 42.299433906549552 ], [ -1.863472459186653, 42.304911606985058 ], [ -1.901325445712757, 42.325375475098099 ], [ -1.976747198824171, 42.393045762851671 ], [ -2.03240271581268, 42.392968248485829 ], [ -2.055605435042821, 42.399066067445006 ], [ -2.069558071248025, 42.41477570193706 ], [ -2.064803840324998, 42.417307848378471 ], [ -2.060152961290157, 42.423560696069217 ], [ -2.055269538258585, 42.428418281578388 ], [ -2.076508550928907, 42.442577623358602 ], [ -2.104956426597823, 42.445161444844757 ], [ -2.1719549216823, 42.441440741796782 ], [ -2.191385260121649, 42.442939358564502 ], [ -2.206009690794588, 42.446401679194139 ], [ -2.218231167134661, 42.453429674140125 ], [ -2.230297613843788, 42.465676988002599 ], [ -2.238720871870726, 42.471981513436049 ], [ -2.267892217951498, 42.486916002471503 ], [ -2.278382534426441, 42.489861559163614 ], [ -2.343262295118848, 42.483040269792582 ], [ -2.384474250386347, 42.494667466930025 ], [ -2.406074998262568, 42.497096258785291 ], [ -2.402871060051382, 42.512237454295075 ], [ -2.394008550654121, 42.564973253013193 ], [ -2.398065151385651, 42.583964341880858 ], [ -2.400674811293527, 42.590733954408449 ], [ -2.405868292687558, 42.59610830295577 ], [ -2.413309698783564, 42.598278714191281 ], [ -2.421319545660538, 42.598795478128807 ], [ -2.441731736930137, 42.578977566061781 ], [ -2.450051642169569, 42.576006170948006 ], [ -2.458009813102422, 42.578124905340076 ], [ -2.473357713287839, 42.584713649815058 ], [ -2.481367560164756, 42.585876369798598 ], [ -2.488085495848964, 42.589907132108465 ], [ -2.493278978142314, 42.595307319077506 ], [ -2.49454505001404, 42.601999417239313 ], [ -2.492736374883805, 42.609337470547814 ], [ -2.478680385891096, 42.619104315711581 ], [ -2.470179612599054, 42.622850857181277 ], [ -2.450671758894543, 42.634813951102956 ], [ -2.437856004251216, 42.645562649096973 ], [ -2.418012253762527, 42.657525743018596 ], [ -2.408710495692844, 42.660212918191576 ], [ -2.399512091309987, 42.659928697351461 ], [ -2.391037157338928, 42.658585110214631 ], [ -2.385301072686389, 42.656130479038382 ], [ -2.380960252014006, 42.652849026461354 ], [ -2.37258866993119, 42.641841946048942 ], [ -2.365870734246982, 42.637914537425956 ], [ -2.348094041306979, 42.638121243000967 ], [ -2.338301356822171, 42.639490668559461 ], [ -2.328431158870899, 42.642978826711442 ], [ -2.298458828012485, 42.657758287015326 ], [ -2.292696905837545, 42.663080960517902 ], [ -2.29316199383095, 42.672020982482309 ], [ -2.295926683369771, 42.677912095866532 ], [ -2.306856247617759, 42.680082506202666 ], [ -2.312023892388709, 42.682924710107272 ], [ -2.320705531934777, 42.721010239730731 ], [ -2.320369635150541, 42.728994249085304 ], [ -2.31207556833283, 42.737753403896477 ], [ -2.284919602957302, 42.744678046054958 ], [ -2.279416063200756, 42.750930895544343 ], [ -2.27698727134549, 42.759638373512132 ], [ -2.276522183352085, 42.776045640893585 ], [ -2.274429287381736, 42.790980129929039 ], [ -2.263422206969267, 42.8137177602664 ], [ -2.242312383709532, 42.839194240821541 ], [ -2.239780239066761, 42.849426173978713 ], [ -2.239134283920066, 42.858314520898375 ], [ -2.252957728916044, 42.900069078525121 ], [ -2.237506475943121, 42.922961738493427 ], [ -2.235801153600391, 42.928697822246704 ], [ -2.231692877824059, 42.93515737641178 ], [ -2.225440029233994, 42.941410224102526 ], [ -2.21414872888073, 42.949626777453773 ], [ -2.200816209400557, 42.951642158159075 ], [ -2.182884486829607, 42.945906074405798 ], [ -2.174099493596771, 42.944045722432122 ], [ -2.154488288004075, 42.945957750349862 ], [ -2.143791265954178, 42.945880235084758 ], [ -2.132913376750935, 42.946939602280793 ], [ -2.122758957959547, 42.949626777453773 ], [ -2.11358639199841, 42.956163845085371 ], [ -2.094750331862315, 42.975464993214814 ], [ -2.085216029795959, 42.979650784256251 ], [ -2.05728491896383, 42.983836575297687 ], [ -2.04940426329614, 42.988229071914134 ], [ -2.042660488290892, 42.994456082082479 ], [ -2.039585741288931, 43.004300442511408 ], [ -2.039482387602106, 43.01225861344426 ], [ -2.041807826669867, 43.019544989909321 ], [ -2.040567593219862, 43.027554836786237 ], [ -2.036562669331715, 43.036443182806636 ], [ -2.0285786599772, 43.049026394352609 ], [ -2.014600186249595, 43.066958116024239 ], [ -1.964008957647309, 43.093287258200405 ], [ -1.95075395343224, 43.098093166866136 ], [ -1.937912360367136, 43.105586248906263 ], [ -1.926724411902114, 43.11437124303842 ], [ -1.912487554856796, 43.135145169513919 ], [ -1.911092291775844, 43.146281440236237 ], [ -1.912410041390331, 43.155712389515145 ], [ -1.916079066695602, 43.162120265937517 ], [ -1.917577684362641, 43.169174099305224 ], [ -1.919283005806108, 43.184547837912362 ], [ -1.918662889081077, 43.19224762642682 ], [ -1.910988938988339, 43.213512478418124 ], [ -1.90853430781209, 43.218344225505575 ], [ -1.902410651330513, 43.2157604031201 ], [ -1.88925899900363, 43.211626288022728 ], [ -1.883703783302963, 43.211962184806964 ], [ -1.879802212202321, 43.214132595143155 ], [ -1.880008917777332, 43.219481106168075 ], [ -1.878096889859592, 43.224648749140442 ], [ -1.872696701991231, 43.227697659519322 ], [ -1.864118415232667, 43.225656440392413 ], [ -1.857271287439971, 43.222865912431871 ], [ -1.847401088589379, 43.223615221265447 ], [ -1.833680996380906, 43.229506333750294 ], [ -1.821071947312532, 43.238601386244966 ], [ -1.805543179074448, 43.256998195910001 ], [ -1.8, 43.264945766862574 ], [ -1.8, 42.259345593095851 ], [ -1.820012580116497, 42.272872219477335 ] ] ] ] } },
{ "type": "Feature", "properties": { "name": "Gipuzkoa", "admin": "Spain", "region": "País Vasco" }, "geometry": { "type": "Polygon", "coordinates": [ [ [ -1.805543179074448, 43.256998195910001 ], [ -1.821071947312532, 43.238601386244966 ], [ -1.833680996380906, 43.229506333750294 ], [ -1.847401088589379, 43.223615221265447 ], [ -1.857271287439971, 43.222865912431871 ], [ -1.864118415232667, 43.225656440392413 ], [ -1.872696701991231, 43.227697659519322 ], [ -1.878096889859592, 43.224648749140442 ], [ -1.880008917777332, 43.219481106168075 ], [ -1.879802212202321, 43.214132595143155 ], [ -1.883703783302963, 43.211962184806964 ], [ -1.88925899900363, 43.211626288022728 ], [ -1.902410651330513, 43.2157604031201 ], [ -1.90853430781209, 43.218344225505575 ], [ -1.910988938988339, 43.213512478418124 ], [ -1.918662889081077, 43.19224762642682 ], [ -1.919283005806108, 43.184547837912362 ], [ -1.917577684362641, 43.169174099305224 ], [ -1.916079066695602, 43.162120265937517 ], [ -1.912410041390331, 43.155712389515145 ], [ -1.911092291775844, 43.146281440236237 ], [ -1.912487554856796, 43.135145169513919 ], [ -1.926724411902114, 43.11437124303842 ], [ -1.937912360367136, 43.105586248906263 ], [ -1.95075395343224, 43.098093166866136 ], [ -1.964008957647309, 43.093287258200405 ], [ -2.014600186249595, 43.066958116024239 ], [ -2.0285786599772, 43.049026394352609 ], [ -2.036562669331715, 43.036443182806636 ], [ -2.040567593219862, 43.027554836786237 ], [ -2.041807826669867, 43.019544989909321 ], [ -2.039482387602106, 43.01225861344426 ], [ -2.039585741288931, 43.004300442511408 ], [ -2.042660488290892, 42.994456082082479 ], [ -2.04940426329614, 42.988229071914134 ], [ -2.05728491896383, 42.983836575297687 ], [ -2.085216029795959, 42.979650784256251 ], [ -2.094750331862315, 42.975464993214814 ], [ -2.11358639199841, 42.956163845085371 ], [ -2.122758957959547, 42.949626777453773 ], [ -2.132913376750935, 42.946939602280793 ], [ -2.143791265954178, 42.945880235084758 ], [ -2.154488288004075, 42.945957750349862 ], [ -2.174099493596771, 42.944045722432122 ], [ -2.182884486829607, 42.945906074405798 ], [ -2.200816209400557, 42.951642158159075 ], [ -2.21414872888073, 42.949626777453773 ], [ -2.225440029233994, 42.941410224102526 ], [ -2.231692877824059, 42.93515737641178 ], [ -2.235801153600391, 42.928697822246704 ], [ -2.237506475943121, 42.922961738493427 ], [ -2.252957728916044, 42.900069078525121 ], [ -2.281194392507246, 42.900990176755215 ], [ -2.290126277405761, 42.905977970606841 ], [ -2.308407528684484, 42.92859882037925 ], [ -2.354703917152051, 42.950099065419522 ], [ -2.503129215640797, 42.960623968921027 ], [ -2.529188786932991, 42.969138373237286 ], [ -2.535187321637579, 42.973379095768621 ], [ -2.537780095874723, 42.972796820716667 ], [ -2.549392644854663, 42.964590033103548 ], [ -2.554819891524801, 42.962821233912791 ], [ -2.559016668684308, 42.962832220930238 ], [ -2.602819160675722, 42.982354926038965 ], [ -2.595623115714204, 43.003767280335694 ], [ -2.588921455061097, 43.01011737891389 ], [ -2.541306707238732, 43.025761910583697 ], [ -2.533660222441313, 43.034452096387099 ], [ -2.532232000106717, 43.047262155623969 ], [ -2.546547185404279, 43.088043406677855 ], [ -2.514005680317894, 43.093228954252822 ], [ -2.501722965542456, 43.103226513292952 ], [ -2.498262271786416, 43.118684277357488 ], [ -2.507051334451546, 43.161530958187143 ], [ -2.50673273073096, 43.164574171360869 ], [ -2.50432672499835, 43.167507521554853 ], [ -2.501777897032355, 43.16782612527544 ], [ -2.498954410717488, 43.167474562301209 ], [ -2.495713443820364, 43.168397414209267 ], [ -2.488945865559231, 43.183657424550461 ], [ -2.490527896245453, 43.22235127359238 ], [ -2.476959780469485, 43.227591751757927 ], [ -2.468093814078259, 43.22476826544306 ], [ -2.464688051812175, 43.22476826544306 ], [ -2.459359682003708, 43.227306107290985 ], [ -2.418193909621266, 43.267538042546619 ], [ -2.440166566733694, 43.288126422696223 ], [ -2.406783742297463, 43.329305821579709 ], [ -2.36742102799991, 43.315700588000084 ], [ -2.327056443999936, 43.306830145000049 ], [ -2.284657355999911, 43.303493557000081 ], [ -2.241118943999936, 43.307237046000068 ], [ -2.207875128999945, 43.31399160400008 ], [ -2.196278449999909, 43.31476471600007 ], [ -2.190419074999909, 43.311590887000079 ], [ -2.183461066999939, 43.304510809000078 ], [ -2.17446855399993, 43.297430731000077 ], [ -2.162220831999946, 43.294256903000075 ], [ -2.159575975999928, 43.295355536000045 ], [ -2.156320766999954, 43.297674872000073 ], [ -2.151519334999932, 43.299994208000044 ], [ -2.14484615799995, 43.30109284100007 ], [ -2.140044725999928, 43.298895575000074 ], [ -2.137806769999941, 43.294216213000084 ], [ -2.134836391999954, 43.289577541000085 ], [ -2.127797003999945, 43.28742096600007 ], [ -2.098866339999915, 43.30414459800005 ], [ -2.086415167999917, 43.307237046000068 ], [ -2.065541144999941, 43.309597072000088 ], [ -1.994618292999917, 43.32843659100007 ], [ -1.971791144999941, 43.339219468000067 ], [ -1.960357225999928, 43.343085028000075 ], [ -1.94562740799995, 43.342637437000064 ], [ -1.933705206999946, 43.335638739000046 ], [ -1.926584438999953, 43.325873114000046 ], [ -1.918690558999913, 43.320990302000041 ], [ -1.904652472999942, 43.32843659100007 ], [ -1.910227016999954, 43.331366278000075 ], [ -1.918853318999936, 43.338568427000041 ], [ -1.925689256999931, 43.342637437000064 ], [ -1.884917772999927, 43.356024481000077 ], [ -1.847401495999918, 43.380926825000074 ], [ -1.811268683999913, 43.395086981000077 ], [ -1.8, 43.389141540309957 ], [ -1.8, 43.264945766862574 ], [ -1.805543179074448, 43.256998195910001 ] ] ] } },
{ "type": "Feature", "properties": { "name": "Orense", "admin": "Spain", "region": "Galicia" }, "geometry": { "type": "Polygon", "coordinates": [ [ [ -8.204016479999922, 42.069552104000067 ], [ -8.207375447999937, 42.085778504000061 ], [ -8.204326537999918, 42.128799133000072 ], [ -8.213395751999883, 42.1440178430001 ], [ -8.222361612999919, 42.153629660000021 ], [ -8.18335665128842, 42.173116382015394 ], [ -8.179611365272308, 42.2098732073826 ], [ -8.164867712375042, 42.24590836547867 ], [ -8.235630654431191, 42.231812905241384 ], [ -8.24594681719185, 42.236295327767152 ], [ -8.268435831748263, 42.256685953294095 ], [ -8.274522258095715, 42.266397867867283 ], [ -8.275478068358154, 42.278515788173081 ], [ -8.26197587019027, 42.315232098182776 ], [ -8.27600541192021, 42.318506024333544 ], [ -8.286431437660724, 42.323845379360762 ], [ -8.31810502322827, 42.360836347719271 ], [ -8.318972942747109, 42.366582198109938 ], [ -8.317006389833011, 42.383984541952998 ], [ -8.318643352908396, 42.389159103409895 ], [ -8.33414506324408, 42.412702805090362 ], [ -8.34228593234991, 42.432544114818995 ], [ -8.339012006199141, 42.48523454633721 ], [ -8.340572064649052, 42.492309741301483 ], [ -8.302823039751502, 42.490255298543161 ], [ -8.248869180368388, 42.53142107092566 ], [ -8.214130409390862, 42.539979421513067 ], [ -8.17377762503736, 42.571927664530051 ], [ -8.146674352739183, 42.548592702691053 ], [ -8.067144320254158, 42.552042410328966 ], [ -8.018672639031081, 42.54206682352509 ], [ -8.012685089545243, 42.54538469504763 ], [ -7.992613067738887, 42.570246756082895 ], [ -7.984241484756751, 42.571795828414736 ], [ -7.958214872718202, 42.568466970774068 ], [ -7.930803982817565, 42.578453543696071 ], [ -7.90067947048118, 42.556491872701713 ], [ -7.894417262646584, 42.546362478445587 ], [ -7.892648464355148, 42.536518727757084 ], [ -7.896845241514711, 42.50569108947218 ], [ -7.861502222349714, 42.503977222670642 ], [ -7.781543723164305, 42.47207292412611 ], [ -7.75272658316527, 42.451132981901594 ], [ -7.751089620989205, 42.452132738435125 ], [ -7.715406025867424, 42.451143968918984 ], [ -7.617342056890436, 42.402090011744633 ], [ -7.577066176263031, 42.407660080648157 ], [ -7.520871105617061, 42.395003829762913 ], [ -7.418280769641797, 42.433170335242778 ], [ -7.406371590076844, 42.444321458268689 ], [ -7.369743170810693, 42.421272140896576 ], [ -7.361986823033476, 42.419536300959521 ], [ -7.320227787682256, 42.425007493001374 ], [ -7.269317141472925, 42.414691330240657 ], [ -7.25572705256144, 42.406220871296171 ], [ -7.202630127478415, 42.325526287807918 ], [ -7.150829587715293, 42.427226731128712 ], [ -7.138887448896639, 42.440388353339813 ], [ -7.103214839892928, 42.457823656436574 ], [ -7.071035731913526, 42.503452460162862 ], [ -7.026283941650604, 42.502005520238527 ], [ -6.983134120942907, 42.494822496560971 ], [ -6.972307908583105, 42.49570099480502 ], [ -6.968354660639079, 42.498388169978057 ], [ -6.966623500773949, 42.500558580314191 ], [ -6.962024298582548, 42.503814195368818 ], [ -6.952645026147025, 42.508258367929329 ], [ -6.93293046686756, 42.513064277494379 ], [ -6.919985521015008, 42.512831733497705 ], [ -6.909443528596, 42.509291896703644 ], [ -6.897170376311806, 42.501617947510226 ], [ -6.892571174120405, 42.499783433958271 ], [ -6.821050991210257, 42.485055650497827 ], [ -6.808777838926119, 42.464023342503253 ], [ -6.810819058053085, 42.456116848413785 ], [ -6.81304114433334, 42.438908596254691 ], [ -6.816400112175472, 42.430201118286959 ], [ -6.820740932847798, 42.423664048856722 ], [ -6.828544074149704, 42.415447496404795 ], [ -6.831851366047715, 42.412605292500245 ], [ -6.839111904091112, 42.410124823801539 ], [ -6.78916663333348, 42.378886420172137 ], [ -6.755421921684331, 42.362660020843236 ], [ -6.740461595126533, 42.35025767734993 ], [ -6.735707363304186, 42.341136786433538 ], [ -6.738058640793668, 42.33385040996842 ], [ -6.738756272783746, 42.326357327028973 ], [ -6.737748582431152, 42.311991278774485 ], [ -6.738317023212062, 42.304963283828442 ], [ -6.740616623858102, 42.298193671300851 ], [ -6.744414842171238, 42.29183746992328 ], [ -6.756403773615261, 42.280882066354252 ], [ -6.769813809259915, 42.261968491852372 ], [ -6.783249680628273, 42.252873440257019 ], [ -6.799424404013052, 42.238378200793306 ], [ -6.802395799126828, 42.230807604387394 ], [ -6.805470547028108, 42.217940172001306 ], [ -6.81133582199061, 42.216596584864476 ], [ -6.830456102067444, 42.220937405536802 ], [ -6.844641283168698, 42.220885728693418 ], [ -6.866758795881708, 42.217009996014497 ], [ -6.882545945638867, 42.209594428340154 ], [ -6.898410609761811, 42.200163479061302 ], [ -6.93290462934516, 42.174118556825931 ], [ -6.940578579437897, 42.165333564492357 ], [ -6.944738532057613, 42.158357245490436 ], [ -6.955590582839136, 42.132208971366936 ], [ -6.962592739363458, 42.126162828351823 ], [ -6.970809291815385, 42.122028714153828 ], [ -6.979180873898201, 42.119496567712417 ], [ -6.986932339256043, 42.11412221916504 ], [ -7.011220262305244, 42.085751857861908 ], [ -7.024656133673659, 42.075726630279746 ], [ -7.02814429362428, 42.067975164921904 ], [ -7.026283941650604, 42.061360582025202 ], [ -7.019772712440727, 42.056244614996956 ], [ -7.01269303975198, 42.052213854485785 ], [ -7.005070767402003, 42.051025296080525 ], [ -6.984761928919909, 42.051180324812094 ], [ -6.977863125183092, 42.047924709757524 ], [ -6.967501999917374, 42.035935777414181 ], [ -6.966003384048918, 42.032964382300406 ], [ -6.965305752058839, 42.028313504164885 ], [ -6.983134120942907, 41.996713365329526 ], [ -6.986467251262638, 41.989168606446015 ], [ -6.987707484712644, 41.983380845849354 ], [ -6.982720709792943, 41.973975734992166 ], [ -6.983444180204742, 41.963175361054027 ], [ -6.98345618299993, 41.962996166 ], [ -6.992359170999919, 41.966380107000035 ], [ -7.015768594999884, 41.953667705000086 ], [ -7.051270303999928, 41.942014669000017 ], [ -7.082741251999948, 41.95278920500003 ], [ -7.113178670999929, 41.972426250000083 ], [ -7.1453730879999, 41.987489929000063 ], [ -7.159739135999899, 41.985732931000072 ], [ -7.177309122999873, 41.978369039000071 ], [ -7.192605346999926, 41.969609884000093 ], [ -7.19994339999991, 41.963718771000103 ], [ -7.20211381099989, 41.949740295000097 ], [ -7.195654255999955, 41.917365011000115 ], [ -7.19792801899996, 41.90150034600002 ], [ -7.209316118344191, 41.889160873375602 ], [ -7.218650268999909, 41.879046937000098 ], [ -7.251464802999919, 41.863699036000028 ], [ -7.322468220999895, 41.845405579000058 ], [ -7.340503295999895, 41.843209331000068 ], [ -7.376831827999865, 41.84403615300009 ], [ -7.391921345999975, 41.842046611000043 ], [ -7.405408894999937, 41.835199484000086 ], [ -7.429541788999899, 41.814503073000068 ], [ -7.442719278999959, 41.805950623000044 ], [ -7.446956746999916, 41.821841126000052 ], [ -7.456568562999848, 41.839230245000081 ], [ -7.469384318999914, 41.852536926000099 ], [ -7.483285278999887, 41.856205954000089 ], [ -7.493000447999947, 41.856903586000087 ], [ -7.508141642999959, 41.864939270000079 ], [ -7.515841430999927, 41.864990947000067 ], [ -7.523282836999954, 41.860159201000059 ], [ -7.525246540999888, 41.854164734000037 ], [ -7.526331746999887, 41.847369283 ], [ -7.531551066999924, 41.84016042100005 ], [ -7.546692260999919, 41.832047221000025 ], [ -7.567104451999882, 41.826595358000063 ], [ -7.588395141999854, 41.8242182420001 ], [ -7.606068480999852, 41.825535991000052 ], [ -7.622191528999849, 41.832331442000012 ], [ -7.622811644999899, 41.841736552000057 ], [ -7.607360391999919, 41.873181662000022 ], [ -7.661155557999933, 41.87491282200007 ], [ -7.67867386899988, 41.881346537000027 ], [ -7.706372436999914, 41.896255188000069 ], [ -7.722030395999866, 41.899252421000099 ], [ -7.750142374999911, 41.888374532000043 ], [ -7.812154092999947, 41.877134909000077 ], [ -7.839232543999913, 41.878375143000099 ], [ -7.849722859999872, 41.875765483000109 ], [ -7.854425414999923, 41.870261943000017 ], [ -7.857887735999981, 41.863776551000043 ], [ -7.864812377999954, 41.857885437000064 ], [ -7.896593383999885, 41.857937113000062 ], [ -7.903362995999942, 41.886824240000109 ], [ -7.906101846999888, 41.913851014000059 ], [ -7.92579056799994, 41.908166606000108 ], [ -7.930493122999906, 41.896668600000098 ], [ -7.93535070799993, 41.879951274000049 ], [ -7.94475581899988, 41.866954652000018 ], [ -7.963359334999922, 41.866618755000033 ], [ -7.979430704999913, 41.868608297000051 ], [ -7.993641723999872, 41.863673198000029 ], [ -8.005889037999907, 41.853958029000083 ], [ -8.015707560999942, 41.841891581000098 ], [ -8.048573770999894, 41.816389262000072 ], [ -8.050445716999889, 41.815986438000053 ], [ -8.093480590999889, 41.806725769000039 ], [ -8.179573526999889, 41.810704854000036 ], [ -8.179265101103567, 41.81261252514787 ], [ -8.175387735999948, 41.836594747000063 ], [ -8.177041381999885, 41.849849752000054 ], [ -8.184586140999954, 41.857730408000108 ], [ -8.220397908999871, 41.86819488600004 ], [ -8.231715047999955, 41.886049093000011 ], [ -8.23021643099986, 41.904678447000052 ], [ -8.220707966999953, 41.922713521000063 ], [ -8.182131509999891, 41.965424093000067 ], [ -8.152960163999865, 41.986818136000082 ], [ -8.12391800899988, 42.000899964000027 ], [ -8.108027506999861, 42.010899353000028 ], [ -8.097356322999929, 42.023482565000037 ], [ -8.095082559999923, 42.040923361000083 ], [ -8.103195760999938, 42.055806173000022 ], [ -8.118440307999975, 42.066864929000033 ], [ -8.137612263999898, 42.072911072000082 ], [ -8.158386189999931, 42.071386617000073 ], [ -8.176162882999961, 42.06526296 ], [ -8.19130407699987, 42.062084859000024 ], [ -8.204016479999922, 42.069552104000067 ] ] ] } },
{ "type": "Feature", "properties": { "name": "Viana do Castelo", "admin": "Portugal", "region": "Norte" }, "geometry": { "type": "Polygon", "coordinates": [ [ [ -8.213395751999883, 42.1440178430001 ], [ -8.204326537999918, 42.128799133000072 ], [ -8.207375447999937, 42.085778504000061 ], [ -8.204016479999922, 42.069552104000067 ], [ -8.19130407699987, 42.062084859000024 ], [ -8.176162882999961, 42.06526296 ], [ -8.158386189999931, 42.071386617000073 ], [ -8.137612263999898, 42.072911072000082 ], [ -8.118440307999975, 42.066864929000033 ], [ -8.103195760999938, 42.055806173000022 ], [ -8.095082559999923, 42.040923361000083 ], [ -8.097356322999929, 42.023482565000037 ], [ -8.108027506999861, 42.010899353000028 ], [ -8.12391800899988, 42.000899964000027 ], [ -8.152960163999865, 41.986818136000082 ], [ -8.182131509999891, 41.965424093000067 ], [ -8.220707966999953, 41.922713521000063 ], [ -8.23021643099986, 41.904678447000052 ], [ -8.231715047999955, 41.886049093000011 ], [ -8.220397908999871, 41.86819488600004 ], [ -8.184586140999954, 41.857730408000108 ], [ -8.177041381999885, 41.849849752000054 ], [ -8.175387735999948, 41.836594747000063 ], [ -8.179265101103567, 41.81261252514787 ], [ -8.179779425180357, 41.812461046040426 ], [ -8.183551805071772, 41.811350002900269 ], [ -8.196057502251961, 41.811453354788455 ], [ -8.290780401694178, 41.772592677909756 ], [ -8.315171678430204, 41.76592641906899 ], [ -8.402659878250802, 41.762825832745989 ], [ -8.417671881652041, 41.760345364047282 ], [ -8.431598680334844, 41.756004544274276 ], [ -8.439091763274291, 41.752283840326925 ], [ -8.456894293736696, 41.741173408026327 ], [ -8.473689133846449, 41.736057440998081 ], [ -8.481569790413516, 41.736367499360597 ], [ -8.489863857231228, 41.737917792072437 ], [ -8.49800289621669, 41.736315823416476 ], [ -8.503067186401552, 41.733835353818506 ], [ -8.511232062010038, 41.727117418134299 ], [ -8.514306809911375, 41.719727687982413 ], [ -8.516089646619889, 41.711976223523891 ], [ -8.518001675437006, 41.696835028913426 ], [ -8.520042893664595, 41.6893936219181 ], [ -8.523065964722491, 41.682520657502323 ], [ -8.532057664429658, 41.676061103337247 ], [ -8.536863573095445, 41.669136461178709 ], [ -8.539085659375701, 41.663271186216264 ], [ -8.534331426654035, 41.652341620169636 ], [ -8.552056443649974, 41.62888052031974 ], [ -8.558671027445939, 41.62947479952237 ], [ -8.567998623038022, 41.631412664962511 ], [ -8.57892818908465, 41.636037706474951 ], [ -8.598952805827309, 41.638647366382827 ], [ -8.628589239901487, 41.646734728524905 ], [ -8.63680579325279, 41.650894680245301 ], [ -8.641689216284306, 41.648259181915705 ], [ -8.645125697592903, 41.643944200564363 ], [ -8.652722134219118, 41.639112454376232 ], [ -8.661326260298665, 41.637510483921687 ], [ -8.712718471879953, 41.636037706474951 ], [ -8.785788946602622, 41.616013088832972 ], [ -8.795478278299925, 41.615082912846106 ], [ -8.814960292683395, 41.617330838447401 ], [ -8.819800325224833, 41.617801991468696 ], [ -8.81980032540668, 41.617801991486395 ], [ -8.820449, 41.630096826000056 ], [ -8.828603353999938, 41.648157496000067 ], [ -8.830511327999943, 41.671585564000054 ], [ -8.827056443999936, 41.682806708000044 ], [ -8.804676886999914, 41.689276434000078 ], [ -8.743275519999941, 41.696966864000046 ], [ -8.725941535999937, 41.703111070000034 ], [ -8.710031704999949, 41.711859442000048 ], [ -8.696156378999945, 41.721991278000075 ], [ -8.80687415299991, 41.696966864000046 ], [ -8.829986131999931, 41.694647528000075 ], [ -8.842884894999941, 41.695786851000037 ], [ -8.861112562999949, 41.70436810700005 ], [ -8.880306243999939, 41.736861603000079 ], [ -8.880317002999959, 41.765532692000079 ], [ -8.872038936999957, 41.810568662000037 ], [ -8.878895636999914, 41.839016018000052 ], [ -8.874745245999918, 41.849554755000042 ], [ -8.86750240799995, 41.859116929000038 ], [ -8.796620245999918, 41.903306382000039 ], [ -8.762766079999949, 41.93195221600007 ], [ -8.750803188999953, 41.968980210000041 ], [ -8.739591023999935, 41.975113424000099 ], [ -8.717008422999896, 41.983769226000064 ], [ -8.69127355899991, 41.989608664000045 ], [ -8.670809691999864, 41.999814758000113 ], [ -8.663213256999882, 42.009891663000062 ], [ -8.65256791199991, 42.031440736000022 ], [ -8.643886271999946, 42.041491802000039 ], [ -8.626884724999911, 42.051026103000126 ], [ -8.609418090999981, 42.053661601000059 ], [ -8.572805337999938, 42.054410909000055 ], [ -8.554434366999942, 42.060069478000074 ], [ -8.520017862999879, 42.077716980000091 ], [ -8.501207641999883, 42.083091330000045 ], [ -8.346746785999898, 42.101694845000097 ], [ -8.329951944999948, 42.108438619000125 ], [ -8.304268757999864, 42.125827739000059 ], [ -8.295380411999957, 42.1300910450001 ], [ -8.287835652999888, 42.131434632000079 ], [ -8.270679076999926, 42.132003072000131 ], [ -8.252333943999957, 42.137584128000057 ], [ -8.222361612999919, 42.153629660000021 ], [ -8.213395751999883, 42.1440178430001 ] ] ] } },
{ "type": "Feature", "properties": { "name": "Guarda", "admin": "Portugal", "region": "Centro" }, "geometry": { "type": "Polygon", "coordinates": [ [ [ -7.55829281326271, 40.64811351172915 ], [ -7.544546881733197, 40.660567532065954 ], [ -7.539896002698356, 40.685372219052624 ], [ -7.55713009327917, 40.702993883261058 ], [ -7.579247605992236, 40.714104316461032 ], [ -7.589479539149409, 40.728832099022156 ], [ -7.578059047586976, 40.739477444228669 ], [ -7.575888638150161, 40.745006822406879 ], [ -7.57565609415343, 40.752344875715437 ], [ -7.578937546730401, 40.758907783567338 ], [ -7.583898485027078, 40.76513479283642 ], [ -7.609194098428929, 40.780198473081043 ], [ -7.61743648930252, 40.788104967170455 ], [ -7.61859920928606, 40.795443020479013 ], [ -7.615472785440716, 40.801980089009874 ], [ -7.603974778613178, 40.813788154199926 ], [ -7.59281266856982, 40.82965281832287 ], [ -7.581676397847502, 40.856834622120118 ], [ -7.577258062809335, 40.861252957158229 ], [ -7.569506598350813, 40.867221584908179 ], [ -7.557905238735771, 40.871562405580505 ], [ -7.533152227693165, 40.869986274447001 ], [ -7.522971971379377, 40.867169908064795 ], [ -7.508244187918933, 40.858333237988518 ], [ -7.47465450680005, 40.830634671153121 ], [ -7.468840907781669, 40.826888128784105 ], [ -7.461606208159992, 40.820041001890729 ], [ -7.445508999140998, 40.819550076374924 ], [ -7.435380417872011, 40.83042796557811 ], [ -7.412513597224745, 40.870580552750312 ], [ -7.411557582816215, 40.881484280375219 ], [ -7.41452897792999, 40.891251126438306 ], [ -7.419179856964831, 40.897038886135647 ], [ -7.423391486427988, 40.917296047774357 ], [ -7.411040818878689, 40.922308661115778 ], [ -7.372981125878255, 40.915642402275012 ], [ -7.341484340729721, 40.937759914988078 ], [ -7.33259599381006, 40.955071519934677 ], [ -7.332182582660096, 40.965768541085254 ], [ -7.334068773055435, 40.973442491177991 ], [ -7.339468960024476, 40.979566148558888 ], [ -7.347788866163228, 40.982356676519373 ], [ -7.357038947389526, 40.986645820348315 ], [ -7.365565558203969, 40.992459418467377 ], [ -7.37269690593746, 41.004009101239035 ], [ -7.373549566659165, 41.009564316939645 ], [ -7.370526495601325, 41.014137682508021 ], [ -7.346367763761293, 41.013000800046882 ], [ -7.333526169796926, 41.019822089417858 ], [ -7.338487108093545, 41.046538805221644 ], [ -7.334998949042244, 41.065349026036699 ], [ -7.326033087756798, 41.094675400849042 ], [ -7.300659959089842, 41.159348455966438 ], [ -7.222499354861327, 41.164309394263114 ], [ -7.190382452987819, 41.157281399317128 ], [ -7.170125291349109, 41.157591458578906 ], [ -7.161056077276157, 41.168030097311146 ], [ -7.122738002756648, 41.188442288580745 ], [ -7.112635259909325, 41.192240505994505 ], [ -7.121704473982277, 41.1709756540032 ], [ -7.126277838651333, 41.164309394263114 ], [ -7.121756150825718, 41.160201118486782 ], [ -7.116071743016562, 41.156144517755251 ], [ -7.109508836063924, 41.153095608275692 ], [ -7.102377489229752, 41.151907049870431 ], [ -7.09268815843177, 41.149064845965825 ], [ -7.093385788623266, 41.141985175075774 ], [ -7.097700771773191, 41.132941799424486 ], [ -7.098966843644916, 41.12395009971732 ], [ -7.093980067825896, 41.11085012513314 ], [ -7.086125250579869, 41.097285060756917 ], [ -7.07532487574241, 41.086691393293165 ], [ -6.987139044831054, 41.052739976968326 ], [ -6.944557664005004, 41.051112168991381 ], [ -6.928279587832719, 41.048244127564431 ], [ -6.927447857032973, 41.04809758393634 ], [ -6.927866983999877, 41.04793487600007 ], [ -6.931794392999961, 41.029124654000057 ], [ -6.942491414999949, 41.015998840000108 ], [ -6.940424356999898, 41.003389791000089 ], [ -6.930605834999938, 40.992072652 ], [ -6.899238240999921, 40.966751201000122 ], [ -6.885182251999879, 40.948922832000065 ], [ -6.863633178999919, 40.908305156000054 ], [ -6.855261596999867, 40.88722117200011 ], [ -6.847045043999913, 40.878901266000057 ], [ -6.832058877999941, 40.875904033000054 ], [ -6.821155151999903, 40.870064596000063 ], [ -6.81619421399995, 40.856835429000071 ], [ -6.82032832799996, 40.844226380000023 ], [ -6.836658080999911, 40.840247294000065 ], [ -6.838053343999889, 40.814925842000079 ], [ -6.836813109999952, 40.808311260000082 ], [ -6.833505818999953, 40.797820943000019 ], [ -6.834539347999936, 40.792239889000101 ], [ -6.837278197999865, 40.786762187000122 ], [ -6.839138549999888, 40.776891989000049 ], [ -6.839138549999888, 40.75751332600008 ], [ -6.836968139999897, 40.743302308000111 ], [ -6.824307413999861, 40.710694478000065 ], [ -6.816245889999948, 40.677156474000029 ], [ -6.814230508999913, 40.659328105 ], [ -6.814282185999929, 40.647184143000104 ], [ -6.821310180999944, 40.630182597000086 ], [ -6.842876056072127, 40.6 ], [ -7.578665807788239, 40.6 ], [ -7.55829281326271, 40.64811351172915 ] ] ] } },
{ "type": "Feature", "properties": { "name": "Salamanca", "admin": "Spain", "region": "Castilla y León" }, "geometry": { "type": "Polygon", "coordinates": [ [ [ -6.821310180999944, 40.630182597000086 ], [ -6.814282185999929, 40.647184143000104 ], [ -6.814230508999913, 40.659328105 ], [ -6.816245889999948, 40.677156474000029 ], [ -6.824307413999861, 40.710694478000065 ], [ -6.836968139999897, 40.743302308000111 ], [ -6.839138549999888, 40.75751332600008 ], [ -6.839138549999888, 40.776891989000049 ], [ -6.837278197999865, 40.786762187000122 ], [ -6.834539347999936, 40.792239889000101 ], [ -6.833505818999953, 40.797820943000019 ], [ -6.836813109999952, 40.808311260000082 ], [ -6.838053343999889, 40.814925842000079 ], [ -6.836658080999911, 40.840247294000065 ], [ -6.82032832799996, 40.844226380000023 ], [ -6.81619421399995, 40.856835429000071 ], [ -6.821155151999903, 40.870064596000063 ], [ -6.832058877999941, 40.875904033000054 ], [ -6.847045043999913, 40.878901266000057 ], [ -6.855261596999867, 40.88722117200011 ], [ -6.863633178999919, 40.908305156000054 ], [ -6.885182251999879, 40.948922832000065 ], [ -6.899238240999921, 40.966751201000122 ], [ -6.930605834999938, 40.992072652 ], [ -6.940424356999898, 41.003389791000089 ], [ -6.942491414999949, 41.015998840000108 ], [ -6.931794392999961, 41.029124654000057 ], [ -6.927866983999877, 41.04793487600007 ], [ -6.927447857032973, 41.04809758393634 ], [ -6.90683467599996, 41.056099752000094 ], [ -6.845288044999933, 41.051913961000068 ], [ -6.818002888999928, 41.054136048000075 ], [ -6.804360310999925, 41.064419658000062 ], [ -6.764776163999954, 41.10886139000003 ], [ -6.756507934999917, 41.127051494000071 ], [ -6.758988403999894, 41.151752828 ], [ -6.755216023999878, 41.158832500000116 ], [ -6.742245238999942, 41.17144154900005 ], [ -6.706950235999955, 41.194334209000047 ], [ -6.701265828999908, 41.202447408000054 ], [ -6.693772745999894, 41.217381897000038 ], [ -6.658219359999919, 41.257844544000122 ], [ -6.646643839999882, 41.267611390000056 ], [ -6.628918823999868, 41.269936829000088 ], [ -6.563496459999897, 41.270711975000026 ], [ -6.554453083999931, 41.275621237000038 ], [ -6.495852010999897, 41.294948222000087 ], [ -6.482128385697165, 41.302991610357729 ], [ -6.321889127081533, 41.28047375815737 ], [ -6.128650593949772, 41.197175415213223 ], [ -6.109303669428812, 41.212644165395886 ], [ -6.056360551798036, 41.208359497492779 ], [ -6.031421586137299, 41.200734984931614 ], [ -6.025620805156052, 41.196186645697139 ], [ -6.022588578100397, 41.189979369352386 ], [ -6.023104935544325, 41.181585815033316 ], [ -6.028301469237419, 41.168775755796446 ], [ -6.027642289560049, 41.165018431455451 ], [ -6.007691116851561, 41.151637083284754 ], [ -5.999495315356512, 41.149209104416627 ], [ -5.991980666674408, 41.1504066146735 ], [ -5.980488966792393, 41.161689573814783 ], [ -5.976072462773971, 41.164150511037235 ], [ -5.969722365095095, 41.163084837794997 ], [ -5.965789259266899, 41.157470823519645 ], [ -5.962735059975046, 41.150417600791627 ], [ -5.958966749515866, 41.144990354121546 ], [ -5.946760938466525, 41.141145139036894 ], [ -5.93261054763866, 41.143803830882064 ], [ -5.920547558822761, 41.151483274933184 ], [ -5.914658886198652, 41.16266735721274 ], [ -5.914966503801111, 41.16845715207586 ], [ -5.918526074418821, 41.180520140891758 ], [ -5.920767284782357, 41.205195434321809 ], [ -5.917735058626079, 41.221861694761401 ], [ -5.90808906166086, 41.232990845551058 ], [ -5.889181590857731, 41.235276002185742 ], [ -5.811266548312574, 41.216577271224082 ], [ -5.711851261626407, 41.228530396160807 ], [ -5.673267275564342, 41.245405397341187 ], [ -5.660457216327472, 41.244076051868262 ], [ -5.630486512342657, 41.216247681385369 ], [ -5.611205505429723, 41.208689087331493 ], [ -5.54914373619448, 41.206678589045623 ], [ -5.496749935261334, 41.177290160112761 ], [ -5.407518974321192, 41.185529906979582 ], [ -5.401685234086301, 41.147780882082031 ], [ -5.397213798577923, 41.14613293288852 ], [ -5.36263982207015, 41.143924680879309 ], [ -5.355971120670688, 41.140474973241396 ], [ -5.337195485982875, 41.122050900628551 ], [ -5.329142506721325, 41.117821164215343 ], [ -5.320078785707381, 41.116151241886257 ], [ -5.309553883105252, 41.117019162304473 ], [ -5.301094410278836, 41.119864620855537 ], [ -5.296337329404253, 41.124511837851003 ], [ -5.294151050530559, 41.131147579996821 ], [ -5.288778735350377, 41.182091185459797 ], [ -5.262114915870654, 41.195857055858426 ], [ -5.253084154110411, 41.196757934630966 ], [ -5.244086351603869, 41.192517211200311 ], [ -5.230781907159269, 41.176345335968449 ], [ -5.222816819540583, 41.170335814246414 ], [ -5.211182297425069, 41.167863890006515 ], [ -5.186748702190869, 41.168061644629176 ], [ -5.174487959651628, 41.165380980547809 ], [ -5.125104412638564, 41.131993527279462 ], [ -5.145527997419151, 41.100210079631438 ], [ -5.151526533023116, 41.08331310621486 ], [ -5.147153974376408, 41.050244256667099 ], [ -5.144517255666813, 41.045168572971249 ], [ -5.138419843201234, 41.04140026251207 ], [ -5.117754559325476, 41.038313103966573 ], [ -5.111074871807887, 41.034885369464234 ], [ -5.104505047270152, 41.028117791203101 ], [ -5.099901775646458, 41.019987908215342 ], [ -5.095759929077474, 41.001662712464167 ], [ -5.097385906034731, 40.985424918725016 ], [ -5.103955730572522, 40.973768424373247 ], [ -5.127499432252989, 40.9542457183652 ], [ -5.111371502392956, 40.914771839648665 ], [ -5.162490889343076, 40.868101915970612 ], [ -5.159151045584281, 40.830188096603365 ], [ -5.161513105945119, 40.818542588369723 ], [ -5.179640547972895, 40.792944442132296 ], [ -5.2174994358503, 40.772400008253783 ], [ -5.243899583998598, 40.739979352265266 ], [ -5.36304631653428, 40.674390970766638 ], [ -5.385546317208764, 40.619723000216254 ], [ -5.412789983146046, 40.6 ], [ -6.842876056072127, 40.6 ], [ -6.821310180999944, 40.630182597000086 ] ] ] } },
{ "type": "Feature", "properties": { "name": "Bragança", "admin": "Portugal", "region": "Norte" }, "geometry": { "type": "Polygon", "coordinates": [ [ [ -6.495852010999897, 41.294948222000087 ], [ -6.554453083999931, 41.275621237000038 ], [ -6.563496459999897, 41.270711975000026 ], [ -6.628918823999868, 41.269936829000088 ], [ -6.646643839999882, 41.267611390000056 ], [ -6.658219359999919, 41.257844544000122 ], [ -6.693772745999894, 41.217381897000038 ], [ -6.701265828999908, 41.202447408000054 ], [ -6.706950235999955, 41.194334209000047 ], [ -6.742245238999942, 41.17144154900005 ], [ -6.755216023999878, 41.158832500000116 ], [ -6.758988403999894, 41.151752828 ], [ -6.756507934999917, 41.127051494000071 ], [ -6.764776163999954, 41.10886139000003 ], [ -6.804360310999925, 41.064419658000062 ], [ -6.818002888999928, 41.054136048000075 ], [ -6.845288044999933, 41.051913961000068 ], [ -6.90683467599996, 41.056099752000094 ], [ -6.927447857032973, 41.04809758393634 ], [ -6.928279587832719, 41.048244127564431 ], [ -6.944557664005004, 41.051112168991381 ], [ -6.987139044831054, 41.052739976968326 ], [ -7.07532487574241, 41.086691393293165 ], [ -7.086125250579869, 41.097285060756917 ], [ -7.093980067825896, 41.11085012513314 ], [ -7.098966843644916, 41.12395009971732 ], [ -7.097700771773191, 41.132941799424486 ], [ -7.093385788623266, 41.141985175075774 ], [ -7.09268815843177, 41.149064845965825 ], [ -7.102377489229752, 41.151907049870431 ], [ -7.109508836063924, 41.153095608275692 ], [ -7.116071743016562, 41.156144517755251 ], [ -7.121756150825718, 41.160201118486782 ], [ -7.126277838651333, 41.164309394263114 ], [ -7.121704473982277, 41.1709756540032 ], [ -7.112635259909325, 41.192240505994505 ], [ -7.122738002756648, 41.188442288580745 ], [ -7.161056077276157, 41.168030097311146 ], [ -7.170125291349109, 41.157591458578906 ], [ -7.190382452987819, 41.157281399317128 ], [ -7.222499354861327, 41.164309394263114 ], [ -7.300659959089842, 41.159348455966438 ], [ -7.326188117387687, 41.157746487310533 ], [ -7.359674444819802, 41.166066393449285 ], [ -7.37233517073156, 41.174644680207791 ], [ -7.402204148802412, 41.207485053392475 ], [ -7.417422857778661, 41.215727444266122 ], [ -7.43227983244833, 41.215985825785197 ], [ -7.426233690332538, 41.229318346164746 ], [ -7.424450852724704, 41.234124253931157 ], [ -7.420394252892493, 41.239808660840993 ], [ -7.410730759616854, 41.242909247163993 ], [ -7.396726446568266, 41.244511216719275 ], [ -7.39297990599789, 41.246371567793574 ], [ -7.394504360288011, 41.251590888508701 ], [ -7.395176153856426, 41.258205471405347 ], [ -7.394504360288011, 41.266628730331604 ], [ -7.39047359887752, 41.279522000240092 ], [ -7.381481899170296, 41.288694566201229 ], [ -7.37158586279736, 41.296962796395917 ], [ -7.369363775617785, 41.301174424959697 ], [ -7.371404994744694, 41.307298082340594 ], [ -7.369286261251943, 41.317685045128712 ], [ -7.35174211320799, 41.331663519755637 ], [ -7.317428961677251, 41.340215968991743 ], [ -7.340967576792252, 41.350912991041696 ], [ -7.349571701972479, 41.358664456399538 ], [ -7.356470505709297, 41.37235871018629 ], [ -7.362335780671742, 41.392564194981617 ], [ -7.362309943149342, 41.441915188335258 ], [ -7.329495409285698, 41.460570380418687 ], [ -7.320477871156811, 41.463205877848964 ], [ -7.311977097864769, 41.467184964214709 ], [ -7.303269618997717, 41.475659898185711 ], [ -7.295724860114206, 41.49144704884219 ], [ -7.284097662976762, 41.508474432948674 ], [ -7.274640876175511, 41.516949367819052 ], [ -7.264822354168302, 41.519920762932827 ], [ -7.255623948886125, 41.520463365292073 ], [ -7.246864793175689, 41.522220364478187 ], [ -7.239578415811252, 41.524933377173568 ], [ -7.236193610446776, 41.530281887299225 ], [ -7.237769740681017, 41.536534735889347 ], [ -7.241800502990827, 41.543433538726788 ], [ -7.247252366803309, 41.549789741003735 ], [ -7.251903244938831, 41.556507676687886 ], [ -7.255236375258505, 41.564698390718149 ], [ -7.256528285551951, 41.577953395832537 ], [ -7.252523362563124, 41.604282538008704 ], [ -7.220173915793566, 41.68784332920626 ], [ -7.194981655179276, 41.727324123709309 ], [ -7.186351690678009, 41.733602809821775 ], [ -7.180589769402332, 41.735954088210576 ], [ -7.175241258377355, 41.741638495120412 ], [ -7.1726574368912, 41.747374578873689 ], [ -7.172915819309594, 41.761172187246643 ], [ -7.173923508762925, 41.76920787254528 ], [ -7.192165289696391, 41.78825063735701 ], [ -7.201079474138453, 41.806259874293744 ], [ -7.204025030830508, 41.816259264353562 ], [ -7.206350469898268, 41.83393260450606 ], [ -7.203947515565403, 41.854086412457946 ], [ -7.201544562131858, 41.864447536824343 ], [ -7.207435674616704, 41.884007066472918 ], [ -7.209316118344191, 41.889160873375602 ], [ -7.19792801899996, 41.90150034600002 ], [ -7.195654255999955, 41.917365011000115 ], [ -7.20211381099989, 41.949740295000097 ], [ -7.19994339999991, 41.963718771000103 ], [ -7.192605346999926, 41.969609884000093 ], [ -7.177309122999873, 41.978369039000071 ], [ -7.159739135999899, 41.985732931000072 ], [ -7.1453730879999, 41.987489929000063 ], [ -7.113178670999929, 41.972426250000083 ], [ -7.082741251999948, 41.95278920500003 ], [ -7.051270303999928, 41.942014669000017 ], [ -7.015768594999884, 41.953667705000086 ], [ -6.992359170999919, 41.966380107000035 ], [ -6.98345618299993, 41.962996166 ], [ -6.96951818799991, 41.957698466000082 ], [ -6.945126911999893, 41.943358257000071 ], [ -6.917118285999948, 41.939094950000097 ], [ -6.854951537999881, 41.942944845000071 ], [ -6.831232055999919, 41.953951925000055 ], [ -6.824927530999929, 41.983769226000064 ], [ -6.794386759999924, 41.979712626000051 ], [ -6.757903197999894, 41.937570496000021 ], [ -6.727982543999872, 41.930852559000087 ], [ -6.656772419999925, 41.933074647000083 ], [ -6.622821003999917, 41.94095530200012 ], [ -6.609488484999872, 41.962323507000022 ], [ -6.585148885999956, 41.954649557000053 ], [ -6.571661335999892, 41.942608948000057 ], [ -6.567630574999896, 41.926072490000067 ], [ -6.575795450999919, 41.882896831000053 ], [ -6.567888956999894, 41.875868836000038 ], [ -6.550060587999923, 41.873879293000087 ], [ -6.524222371999912, 41.867419740000045 ], [ -6.53574621599995, 41.848583679000015 ], [ -6.560137491999882, 41.766883240000126 ], [ -6.564374958999935, 41.75750396800008 ], [ -6.571506306999964, 41.749209900000025 ], [ -6.577397419999954, 41.73972727500005 ], [ -6.574348510999926, 41.731045634000097 ], [ -6.567682250999923, 41.722441508000045 ], [ -6.563083048999886, 41.713036397000096 ], [ -6.560499226999866, 41.694458721000061 ], [ -6.555279906999942, 41.674899191000023 ], [ -6.541533976999915, 41.658905335000085 ], [ -6.513421996999881, 41.650921326000017 ], [ -6.503035033999964, 41.653091737000111 ], [ -6.488048868999897, 41.658801982000071 ], [ -6.474354614999868, 41.665933330000101 ], [ -6.467740030999948, 41.672056987000062 ], [ -6.46081538999988, 41.676552836000084 ], [ -6.447069457999959, 41.676242778000088 ], [ -6.365937459999913, 41.663607890000051 ], [ -6.317103230999948, 41.650146180000021 ], [ -6.272248087999856, 41.628235372000049 ], [ -6.230080118999894, 41.59490407300008 ], [ -6.216127481999905, 41.580098775000081 ], [ -6.205947224999932, 41.570280253000092 ], [ -6.253644571999899, 41.517518616000061 ], [ -6.279534463999937, 41.497003072 ], [ -6.285890665999943, 41.486874492000041 ], [ -6.285167194999872, 41.478967998000101 ], [ -6.282480020999941, 41.47230173800007 ], [ -6.282945108999854, 41.465635478000067 ], [ -6.321030639999918, 41.419591777000065 ], [ -6.321133991999943, 41.411013489000126 ], [ -6.352346557999908, 41.40925649100005 ], [ -6.366247517999881, 41.405174053000039 ], [ -6.379166625999915, 41.397319234000108 ], [ -6.376169392999884, 41.396854146000081 ], [ -6.37554927599993, 41.39080800400005 ], [ -6.376737832999936, 41.383004863000039 ], [ -6.379166625999915, 41.377475485000033 ], [ -6.3831973879999, 41.376545309000065 ], [ -6.395496377999933, 41.37840566000007 ], [ -6.399578816999849, 41.377475485000033 ], [ -6.430998086999892, 41.33902821900007 ], [ -6.463140828999911, 41.31412017800001 ], [ -6.482128385697165, 41.302991610357729 ], [ -6.495852010999897, 41.294948222000087 ] ] ] } },
{ "type": "Feature", "properties": { "name": "Zamora", "admin": "Spain", "region": "Castilla y León" }, "geometry": { "type": "Polygon", "coordinates": [ [ [ -6.463140828999911, 41.31412017800001 ], [ -6.430998086999892, 41.33902821900007 ], [ -6.399578816999849, 41.377475485000033 ], [ -6.395496377999933, 41.37840566000007 ], [ -6.3831973879999, 41.376545309000065 ], [ -6.379166625999915, 41.377475485000033 ], [ -6.376737832999936, 41.383004863000039 ], [ -6.37554927599993, 41.39080800400005 ], [ -6.376169392999884, 41.396854146000081 ], [ -6.379166625999915, 41.397319234000108 ], [ -6.366247517999881, 41.405174053000039 ], [ -6.352346557999908, 41.40925649100005 ], [ -6.321133991999943, 41.411013489000126 ], [ -6.321030639999918, 41.419591777000065 ], [ -6.282945108999854, 41.465635478000067 ], [ -6.282480020999941, 41.47230173800007 ], [ -6.285167194999872, 41.478967998000101 ], [ -6.285890665999943, 41.486874492000041 ], [ -6.279534463999937, 41.497003072 ], [ -6.253644571999899, 41.517518616000061 ], [ -6.205947224999932, 41.570280253000092 ], [ -6.216127481999905, 41.580098775000081 ], [ -6.230080118999894, 41.59490407300008 ], [ -6.272248087999856, 41.628235372000049 ], [ -6.317103230999948, 41.650146180000021 ], [ -6.365937459999913, 41.663607890000051 ], [ -6.447069457999959, 41.676242778000088 ], [ -6.46081538999988, 41.676552836000084 ], [ -6.467740030999948, 41.672056987000062 ], [ -6.474354614999868, 41.665933330000101 ], [ -6.488048868999897, 41.658801982000071 ], [ -6.503035033999964, 41.653091737000111 ], [ -6.513421996999881, 41.650921326000017 ], [ -6.541533976999915, 41.658905335000085 ], [ -6.555279906999942, 41.674899191000023 ], [ -6.560499226999866, 41.694458721000061 ], [ -6.563083048999886, 41.713036397000096 ], [ -6.567682250999923, 41.722441508000045 ], [ -6.574348510999926, 41.731045634000097 ], [ -6.577397419999954, 41.73972727500005 ], [ -6.571506306999964, 41.749209900000025 ], [ -6.564374958999935, 41.75750396800008 ], [ -6.560137491999882, 41.766883240000126 ], [ -6.53574621599995, 41.848583679000015 ], [ -6.524222371999912, 41.867419740000045 ], [ -6.550060587999923, 41.873879293000087 ], [ -6.567888956999894, 41.875868836000038 ], [ -6.575795450999919, 41.882896831000053 ], [ -6.567630574999896, 41.926072490000067 ], [ -6.571661335999892, 41.942608948000057 ], [ -6.585148885999956, 41.954649557000053 ], [ -6.609488484999872, 41.962323507000022 ], [ -6.622821003999917, 41.94095530200012 ], [ -6.656772419999925, 41.933074647000083 ], [ -6.727982543999872, 41.930852559000087 ], [ -6.757903197999894, 41.937570496000021 ], [ -6.794386759999924, 41.979712626000051 ], [ -6.824927530999929, 41.983769226000064 ], [ -6.831232055999919, 41.953951925000055 ], [ -6.854951537999881, 41.942944845000071 ], [ -6.917118285999948, 41.939094950000097 ], [ -6.945126911999893, 41.943358257000071 ], [ -6.96951818799991, 41.957698466000082 ], [ -6.98345618299993, 41.962996166 ], [ -6.983444180204742, 41.963175361054027 ], [ -6.982720709792943, 41.973975734992166 ], [ -6.987707484712644, 41.983380845849354 ], [ -6.986467251262638, 41.989168606446015 ], [ -6.983134120942907, 41.996713365329526 ], [ -6.965305752058839, 42.028313504164885 ], [ -6.966003384048918, 42.032964382300406 ], [ -6.967501999917374, 42.035935777414181 ], [ -6.977863125183092, 42.047924709757524 ], [ -6.984761928919909, 42.051180324812094 ], [ -7.005070767402003, 42.051025296080525 ], [ -7.01269303975198, 42.052213854485785 ], [ -7.019772712440727, 42.056244614996956 ], [ -7.026283941650604, 42.061360582025202 ], [ -7.02814429362428, 42.067975164921904 ], [ -7.024656133673659, 42.075726630279746 ], [ -7.011220262305244, 42.085751857861908 ], [ -6.986932339256043, 42.11412221916504 ], [ -6.979180873898201, 42.119496567712417 ], [ -6.970809291815385, 42.122028714153828 ], [ -6.962592739363458, 42.126162828351823 ], [ -6.955590582839136, 42.132208971366936 ], [ -6.944738532057613, 42.158357245490436 ], [ -6.940578579437897, 42.165333564492357 ], [ -6.93290462934516, 42.174118556825931 ], [ -6.898410609761811, 42.200163479061302 ], [ -6.882545945638867, 42.209594428340154 ], [ -6.866758795881708, 42.217009996014497 ], [ -6.844641283168698, 42.220885728693418 ], [ -6.830456102067444, 42.220937405536802 ], [ -6.81133582199061, 42.216596584864476 ], [ -6.805470547028108, 42.217940172001306 ], [ -6.802395799126828, 42.230807604387394 ], [ -6.799424404013052, 42.238378200793306 ], [ -6.783249680628273, 42.252873440257019 ], [ -6.705630595975208, 42.217179116223235 ], [ -6.690557353239285, 42.213608559487398 ], [ -6.654060770088449, 42.21681656713082 ], [ -6.644173074927494, 42.21559708463775 ], [ -6.616289772954644, 42.20559952559762 ], [ -6.55780954567399, 42.207137611811333 ], [ -6.523773899745663, 42.200699623388857 ], [ -6.490584201100035, 42.184165199064637 ], [ -6.427764374426374, 42.201996009608138 ], [ -6.33954415703721, 42.20012833445503 ], [ -6.320394986239648, 42.20721451553743 ], [ -6.311529018949045, 42.20811539520929 ], [ -6.302124721978373, 42.202336586464298 ], [ -6.290786830447871, 42.185933997356074 ], [ -6.279536830560289, 42.177837073622015 ], [ -6.243677453951364, 42.167883459953714 ], [ -6.214717491718886, 42.150470129093151 ], [ -6.203698203908971, 42.148338781709413 ], [ -6.045022661166911, 42.157688147190242 ], [ -5.955879590970369, 42.125827794017482 ], [ -5.950364454456007, 42.126399082951309 ], [ -5.937949902665878, 42.134825597423344 ], [ -5.932478711523345, 42.13635269661961 ], [ -5.92074531254616, 42.136132970660071 ], [ -5.915318065876022, 42.137528233740966 ], [ -5.911582714670544, 42.140714269148191 ], [ -5.90737495049359, 42.148152014104141 ], [ -5.903584666898894, 42.151074377280679 ], [ -5.893037792060454, 42.150459142975023 ], [ -5.883633495089725, 42.142142492382106 ], [ -5.869417185754514, 42.122037510422729 ], [ -5.838194040022927, 42.118598789802263 ], [ -5.755137396173893, 42.136792150337442 ], [ -5.743129338847893, 42.113468174616514 ], [ -5.676914736925596, 42.120312657503121 ], [ -5.679650332496863, 42.140208897822333 ], [ -5.655996766937278, 42.134770665933445 ], [ -5.643274598443952, 42.128750157193963 ], [ -5.625125184179922, 42.111194004100014 ], [ -5.622510437706524, 42.107315830661037 ], [ -5.621148132979954, 42.102185215475288 ], [ -5.624740662851309, 42.083585360475979 ], [ -5.553362485590242, 42.063007967343822 ], [ -5.541695005120403, 42.098010410551979 ], [ -5.52075506289583, 42.096977695664123 ], [ -5.507714290681974, 42.057514803065658 ], [ -5.471690119603352, 42.006384429997411 ], [ -5.484741877935335, 41.984411772884982 ], [ -5.438390557977868, 41.967251128137036 ], [ -5.421581475304833, 42.030752106724321 ], [ -5.376295828589605, 42.041386873205624 ], [ -5.280549975501003, 41.978929594725003 ], [ -5.303928882711773, 41.95531997543651 ], [ -5.304829761484314, 41.944355619116493 ], [ -5.296699878496611, 41.921372220251726 ], [ -5.296864673865628, 41.909078518458841 ], [ -5.305368092063816, 41.893016506206777 ], [ -5.307905933911741, 41.871153712074147 ], [ -5.301819507564232, 41.850971826388673 ], [ -5.279594165238564, 41.813332665370183 ], [ -5.391215262974015, 41.760993795926936 ], [ -5.369198660489815, 41.719432515198378 ], [ -5.337107595239331, 41.686517474901507 ], [ -5.326923268593987, 41.670268695044228 ], [ -5.322979176647721, 41.630827775581338 ], [ -5.313992359359929, 41.614238418867899 ], [ -5.282923022879231, 41.604702285781855 ], [ -5.27885808093572, 41.59724256858965 ], [ -5.282868090490012, 41.588343642944722 ], [ -5.290097094705175, 41.580543349795732 ], [ -5.294436694997501, 41.572534315905955 ], [ -5.289800464120106, 41.563009168937981 ], [ -5.228727463501627, 41.528358288704055 ], [ -5.254578294952353, 41.507297497381558 ], [ -5.264389086387212, 41.503397350807063 ], [ -5.306499683813342, 41.498090954134227 ], [ -5.319683278260698, 41.492301158371731 ], [ -5.331460621710335, 41.480908336250707 ], [ -5.338623708317471, 41.466010874102551 ], [ -5.341216481655295, 41.449498422913848 ], [ -5.339337819484797, 41.433194710667351 ], [ -5.333372243134534, 41.422131478384983 ], [ -5.326286061152814, 41.417187630804506 ], [ -5.321232350592538, 41.411375862805812 ], [ -5.328999684487883, 41.357268194171809 ], [ -5.327890064974554, 41.343546270044328 ], [ -5.323473560956074, 41.332757695211455 ], [ -5.302368824261862, 41.305533572916033 ], [ -5.297842456364265, 41.292778446068382 ], [ -5.294414721861926, 41.252821169161621 ], [ -5.296974536845426, 41.233496216876858 ], [ -5.308268482104779, 41.218181275045765 ], [ -5.340260671392855, 41.194110228903924 ], [ -5.325484059241944, 41.177982299043833 ], [ -5.288778735350377, 41.182091185459797 ], [ -5.294151050530559, 41.131147579996821 ], [ -5.296337329404253, 41.124511837851003 ], [ -5.301094410278836, 41.119864620855537 ], [ -5.309553883105252, 41.117019162304473 ], [ -5.320078785707381, 41.116151241886257 ], [ -5.329142506721325, 41.117821164215343 ], [ -5.337195485982875, 41.122050900628551 ], [ -5.355971120670688, 41.140474973241396 ], [ -5.36263982207015, 41.143924680879309 ], [ -5.397213798577923, 41.14613293288852 ], [ -5.401685234086301, 41.147780882082031 ], [ -5.407518974321192, 41.185529906979582 ], [ -5.496749935261334, 41.177290160112761 ], [ -5.54914373619448, 41.206678589045623 ], [ -5.611205505429723, 41.208689087331493 ], [ -5.630486512342657, 41.216247681385369 ], [ -5.660457216327472, 41.244076051868262 ], [ -5.673267275564342, 41.245405397341187 ], [ -5.711851261626407, 41.228530396160807 ], [ -5.811266548312574, 41.216577271224082 ], [ -5.889181590857731, 41.235276002185742 ], [ -5.90808906166086, 41.232990845551058 ], [ -5.917735058626079, 41.221861694761401 ], [ -5.920767284782357, 41.205195434321809 ], [ -5.918526074418821, 41.180520140891758 ], [ -5.914966503801111, 41.16845715207586 ], [ -5.914658886198652, 41.16266735721274 ], [ -5.920547558822761, 41.151483274933184 ], [ -5.93261054763866, 41.143803830882064 ], [ -5.946760938466525, 41.141145139036894 ], [ -5.958966749515866, 41.144990354121546 ], [ -5.962735059975046, 41.150417600791627 ], [ -5.965789259266899, 41.157470823519645 ], [ -5.969722365095095, 41.163084837794997 ], [ -5.976072462773971, 41.164150511037235 ], [ -5.980488966792393, 41.161689573814783 ], [ -5.991980666674408, 41.1504066146735 ], [ -5.999495315356512, 41.149209104416627 ], [ -6.007691116851561, 41.151637083284754 ], [ -6.027642289560049, 41.165018431455451 ], [ -6.028301469237419, 41.168775755796446 ], [ -6.023104935544325, 41.181585815033316 ], [ -6.022588578100397, 41.189979369352386 ], [ -6.025620805156052, 41.196186645697139 ], [ -6.031421586137299, 41.200734984931614 ], [ -6.056360551798036, 41.208359497492779 ], [ -6.109303669428812, 41.212644165395886 ], [ -6.128650593949772, 41.197175415213223 ], [ -6.321889127081533, 41.28047375815737 ], [ -6.482128385697165, 41.302991610357729 ], [ -6.463140828999911, 41.31412017800001 ] ] ] } },
{ "type": "Feature", "properties": { "name": "Vila Real", "admin": "Portugal", "region": "Norte" }, "geometry": { "type": "Polygon", "coordinates": [ [ [ -8.048573770999894, 41.816389262000072 ], [ -8.015707560999942, 41.841891581000098 ], [ -8.005889037999907, 41.853958029000083 ], [ -7.993641723999872, 41.863673198000029 ], [ -7.979430704999913, 41.868608297000051 ], [ -7.963359334999922, 41.866618755000033 ], [ -7.94475581899988, 41.866954652000018 ], [ -7.93535070799993, 41.879951274000049 ], [ -7.930493122999906, 41.896668600000098 ], [ -7.92579056799994, 41.908166606000108 ], [ -7.906101846999888, 41.913851014000059 ], [ -7.903362995999942, 41.886824240000109 ], [ -7.896593383999885, 41.857937113000062 ], [ -7.864812377999954, 41.857885437000064 ], [ -7.857887735999981, 41.863776551000043 ], [ -7.854425414999923, 41.870261943000017 ], [ -7.849722859999872, 41.875765483000109 ], [ -7.839232543999913, 41.878375143000099 ], [ -7.812154092999947, 41.877134909000077 ], [ -7.750142374999911, 41.888374532000043 ], [ -7.722030395999866, 41.899252421000099 ], [ -7.706372436999914, 41.896255188000069 ], [ -7.67867386899988, 41.881346537000027 ], [ -7.661155557999933, 41.87491282200007 ], [ -7.607360391999919, 41.873181662000022 ], [ -7.622811644999899, 41.841736552000057 ], [ -7.622191528999849, 41.832331442000012 ], [ -7.606068480999852, 41.825535991000052 ], [ -7.588395141999854, 41.8242182420001 ], [ -7.567104451999882, 41.826595358000063 ], [ -7.546692260999919, 41.832047221000025 ], [ -7.531551066999924, 41.84016042100005 ], [ -7.526331746999887, 41.847369283 ], [ -7.525246540999888, 41.854164734000037 ], [ -7.523282836999954, 41.860159201000059 ], [ -7.515841430999927, 41.864990947000067 ], [ -7.508141642999959, 41.864939270000079 ], [ -7.493000447999947, 41.856903586000087 ], [ -7.483285278999887, 41.856205954000089 ], [ -7.469384318999914, 41.852536926000099 ], [ -7.456568562999848, 41.839230245000081 ], [ -7.446956746999916, 41.821841126000052 ], [ -7.442719278999959, 41.805950623000044 ], [ -7.429541788999899, 41.814503073000068 ], [ -7.405408894999937, 41.835199484000086 ], [ -7.391921345999975, 41.842046611000043 ], [ -7.376831827999865, 41.84403615300009 ], [ -7.340503295999895, 41.843209331000068 ], [ -7.322468220999895, 41.845405579000058 ], [ -7.251464802999919, 41.863699036000028 ], [ -7.218650268999909, 41.879046937000098 ], [ -7.209316118344191, 41.889160873375602 ], [ -7.207435674616704, 41.884007066472918 ], [ -7.201544562131858, 41.864447536824343 ], [ -7.203947515565403, 41.854086412457946 ], [ -7.206350469898268, 41.83393260450606 ], [ -7.204025030830508, 41.816259264353562 ], [ -7.201079474138453, 41.806259874293744 ], [ -7.192165289696391, 41.78825063735701 ], [ -7.173923508762925, 41.76920787254528 ], [ -7.172915819309594, 41.761172187246643 ], [ -7.1726574368912, 41.747374578873689 ], [ -7.175241258377355, 41.741638495120412 ], [ -7.180589769402332, 41.735954088210576 ], [ -7.186351690678009, 41.733602809821775 ], [ -7.194981655179276, 41.727324123709309 ], [ -7.220173915793566, 41.68784332920626 ], [ -7.252523362563124, 41.604282538008704 ], [ -7.256528285551951, 41.577953395832537 ], [ -7.255236375258505, 41.564698390718149 ], [ -7.251903244938831, 41.556507676687886 ], [ -7.247252366803309, 41.549789741003735 ], [ -7.241800502990827, 41.543433538726788 ], [ -7.237769740681017, 41.536534735889347 ], [ -7.236193610446776, 41.530281887299225 ], [ -7.239578415811252, 41.524933377173568 ], [ -7.246864793175689, 41.522220364478187 ], [ -7.255623948886125, 41.520463365292073 ], [ -7.264822354168302, 41.519920762932827 ], [ -7.274640876175511, 41.516949367819052 ], [ -7.284097662976762, 41.508474432948674 ], [ -7.295724860114206, 41.49144704884219 ], [ -7.303269618997717, 41.475659898185711 ], [ -7.311977097864769, 41.467184964214709 ], [ -7.320477871156811, 41.463205877848964 ], [ -7.329495409285698, 41.460570380418687 ], [ -7.362309943149342, 41.441915188335258 ], [ -7.362335780671742, 41.392564194981617 ], [ -7.356470505709297, 41.37235871018629 ], [ -7.349571701972479, 41.358664456399538 ], [ -7.340967576792252, 41.350912991041696 ], [ -7.317428961677251, 41.340215968991743 ], [ -7.35174211320799, 41.331663519755637 ], [ -7.369286261251943, 41.317685045128712 ], [ -7.371404994744694, 41.307298082340594 ], [ -7.369363775617785, 41.301174424959697 ], [ -7.37158586279736, 41.296962796395917 ], [ -7.381481899170296, 41.288694566201229 ], [ -7.39047359887752, 41.279522000240092 ], [ -7.394504360288011, 41.266628730331604 ], [ -7.395176153856426, 41.258205471405347 ], [ -7.394504360288011, 41.251590888508701 ], [ -7.39297990599789, 41.246371567793574 ], [ -7.396726446568266, 41.244511216719275 ], [ -7.410730759616854, 41.242909247163993 ], [ -7.420394252892493, 41.239808660840993 ], [ -7.424450852724704, 41.234124253931157 ], [ -7.426233690332538, 41.229318346164746 ], [ -7.43227983244833, 41.215985825785197 ], [ -7.550153774277248, 41.182757879872213 ], [ -7.596765915614526, 41.177848619318297 ], [ -7.63883053160373, 41.181310939947878 ], [ -7.641336838724158, 41.181310939947878 ], [ -7.658570929304972, 41.180122382441994 ], [ -7.673298712765416, 41.174360460266996 ], [ -7.702056646796848, 41.159400132809878 ], [ -7.718877326227641, 41.154800929719102 ], [ -7.737868415095306, 41.152578844338166 ], [ -7.75698869517214, 41.153250637007261 ], [ -7.774016079278624, 41.157074692842798 ], [ -7.786495938037092, 41.164206041475609 ], [ -7.809750332311978, 41.181879380728788 ], [ -7.823444586998107, 41.18642690697618 ], [ -7.843288336587477, 41.184437363793279 ], [ -7.896049973727315, 41.159115911969764 ], [ -7.891140713173399, 41.182577012718923 ], [ -7.889357875565508, 41.206787421402339 ], [ -7.875456916203746, 41.246784979842914 ], [ -7.879797735976751, 41.248412786920539 ], [ -7.89269100588524, 41.255621649919192 ], [ -7.909356654785825, 41.278901881716422 ], [ -7.913619961092365, 41.293836370751876 ], [ -7.909356654785825, 41.306755479082085 ], [ -7.936667649792184, 41.322310085741833 ], [ -7.951214565200019, 41.32825287507012 ], [ -7.958475104142735, 41.336624457152936 ], [ -7.959792852857902, 41.345383612863429 ], [ -7.95894019213614, 41.354246121361371 ], [ -7.975502489148539, 41.370084947062651 ], [ -7.966769171859823, 41.38780996405859 ], [ -7.967079230222282, 41.393132635762527 ], [ -7.969404670189363, 41.399979763555223 ], [ -7.967182583009787, 41.403390408240739 ], [ -7.963901130432816, 41.404346421749949 ], [ -7.959405280129602, 41.407033596023609 ], [ -7.95645972343749, 41.4141649437571 ], [ -7.941861131186272, 41.432458401534006 ], [ -7.938683031396806, 41.439589749267498 ], [ -7.937494472991546, 41.444783229762209 ], [ -7.941861131186272, 41.452043768704925 ], [ -7.932791917113263, 41.475659898185711 ], [ -7.923567674308742, 41.485581772980424 ], [ -7.918451707280497, 41.48803640415673 ], [ -7.913542445827204, 41.488527330571799 ], [ -7.905739305424618, 41.486770331385685 ], [ -7.89519731300561, 41.494211738381011 ], [ -7.890133021921429, 41.506226508246755 ], [ -7.886722378135232, 41.509068712151304 ], [ -7.867808803633409, 41.515709133469727 ], [ -7.855742356924225, 41.525631008264384 ], [ -7.815822312849491, 41.570951240207535 ], [ -7.813548549725795, 41.582578437344978 ], [ -7.830498420365814, 41.605471096413964 ], [ -7.83561438559542, 41.609656887455344 ], [ -7.845897995596033, 41.613842678496781 ], [ -7.866516893339963, 41.596169339243602 ], [ -7.89633419366811, 41.589709785078469 ], [ -7.908891566792363, 41.590019843440984 ], [ -7.947493862152044, 41.596350206396892 ], [ -7.956950648953296, 41.598985703827168 ], [ -7.966975877434777, 41.602887274927753 ], [ -7.97824134026564, 41.604592597270539 ], [ -7.998498501005031, 41.611207180167185 ], [ -7.99462276922543, 41.655907294486042 ], [ -7.992297329258349, 41.665519110918183 ], [ -7.988189052582698, 41.677921454411546 ], [ -7.990721198124788, 41.683760890952328 ], [ -7.995914678619556, 41.687223212481229 ], [ -8.021856248067422, 41.699573880030528 ], [ -8.028548346229229, 41.702002671885793 ], [ -8.035137090704154, 41.702416083035757 ], [ -8.054128179571819, 41.695775661717391 ], [ -8.061388719413856, 41.694974676939751 ], [ -8.070354579800039, 41.696163235345011 ], [ -8.077925177105271, 41.696369940920022 ], [ -8.085366584100598, 41.695543117720661 ], [ -8.091619431791344, 41.693527737015415 ], [ -8.104305996124822, 41.69189992903847 ], [ -8.118000250810951, 41.692339179509531 ], [ -8.095133429264365, 41.712027900367275 ], [ -8.090250007132113, 41.718384100845526 ], [ -8.084720628054527, 41.72773753485933 ], [ -8.075987310765811, 41.748847358119065 ], [ -8.066711392017112, 41.761275540034148 ], [ -8.059580044283621, 41.79000763654318 ], [ -8.054799974039554, 41.797061469011567 ], [ -8.049373948648793, 41.802875068029948 ], [ -8.047616950361999, 41.80889537172402 ], [ -8.047927007825137, 41.814037177173986 ], [ -8.050445716999889, 41.815986438000053 ], [ -8.048573770999894, 41.816389262000072 ] ] ] } },
{ "type": "Feature", "properties": { "name": "Braga", "admin": "Portugal", "region": "Norte" }, "geometry": { "type": "Polygon", "coordinates": [ [ [ -8.179573526999889, 41.810704854000036 ], [ -8.093480590999889, 41.806725769000039 ], [ -8.050445716999889, 41.815986438000053 ], [ -8.047927007825137, 41.814037177173986 ], [ -8.047616950361999, 41.80889537172402 ], [ -8.049373948648793, 41.802875068029948 ], [ -8.054799974039554, 41.797061469011567 ], [ -8.059580044283621, 41.79000763654318 ], [ -8.066711392017112, 41.761275540034148 ], [ -8.075987310765811, 41.748847358119065 ], [ -8.084720628054527, 41.72773753485933 ], [ -8.090250007132113, 41.718384100845526 ], [ -8.095133429264365, 41.712027900367275 ], [ -8.118000250810951, 41.692339179509531 ], [ -8.104305996124822, 41.69189992903847 ], [ -8.091619431791344, 41.693527737015415 ], [ -8.085366584100598, 41.695543117720661 ], [ -8.077925177105271, 41.696369940920022 ], [ -8.070354579800039, 41.696163235345011 ], [ -8.061388719413856, 41.694974676939751 ], [ -8.054128179571819, 41.695775661717391 ], [ -8.035137090704154, 41.702416083035757 ], [ -8.028548346229229, 41.702002671885793 ], [ -8.021856248067422, 41.699573880030528 ], [ -7.995914678619556, 41.687223212481229 ], [ -7.990721198124788, 41.683760890952328 ], [ -7.988189052582698, 41.677921454411546 ], [ -7.992297329258349, 41.665519110918183 ], [ -7.99462276922543, 41.655907294486042 ], [ -7.998498501005031, 41.611207180167185 ], [ -7.97824134026564, 41.604592597270539 ], [ -7.966975877434777, 41.602887274927753 ], [ -7.956950648953296, 41.598985703827168 ], [ -7.947493862152044, 41.596350206396892 ], [ -7.908891566792363, 41.590019843440984 ], [ -7.89633419366811, 41.589709785078469 ], [ -7.866516893339963, 41.596169339243602 ], [ -7.845897995596033, 41.613842678496781 ], [ -7.83561438559542, 41.609656887455344 ], [ -7.830498420365814, 41.605471096413964 ], [ -7.813548549725795, 41.582578437344978 ], [ -7.815822312849491, 41.570951240207535 ], [ -7.855742356924225, 41.525631008264384 ], [ -7.867808803633409, 41.515709133469727 ], [ -7.886722378135232, 41.509068712151304 ], [ -7.890133021921429, 41.506226508246755 ], [ -7.89519731300561, 41.494211738381011 ], [ -7.905739305424618, 41.486770331385685 ], [ -7.913542445827204, 41.488527330571799 ], [ -7.918451707280497, 41.48803640415673 ], [ -7.923567674308742, 41.485581772980424 ], [ -7.932791917113263, 41.475659898185711 ], [ -7.941861131186272, 41.452043768704925 ], [ -7.937494472991546, 41.444783229762209 ], [ -7.938683031396806, 41.439589749267498 ], [ -7.941861131186272, 41.432458401534006 ], [ -7.95645972343749, 41.4141649437571 ], [ -7.959405280129602, 41.407033596023609 ], [ -7.963901130432816, 41.404346421749949 ], [ -7.967182583009787, 41.403390408240739 ], [ -7.969404670189363, 41.399979763555223 ], [ -7.967079230222282, 41.393132635762527 ], [ -7.966769171859823, 41.38780996405859 ], [ -7.975502489148539, 41.370084947062651 ], [ -7.979016485722241, 41.359956366692927 ], [ -7.980902676117637, 41.355951442804837 ], [ -7.984545863900507, 41.351093858194986 ], [ -7.989248419778733, 41.347373155146954 ], [ -7.994467738695221, 41.344737656817358 ], [ -8.001624924850432, 41.340086777782574 ], [ -8.005526495951017, 41.336469428421367 ], [ -8.010694138923384, 41.332516181376661 ], [ -8.01829057465028, 41.327813626397699 ], [ -8.025628627958838, 41.325229804012224 ], [ -8.036144781956125, 41.325023098437214 ], [ -8.047461920731052, 41.331973578118095 ], [ -8.069036831084873, 41.341094469034488 ], [ -8.079888881866395, 41.339130764273307 ], [ -8.111824916586613, 41.349672756692371 ], [ -8.147429979310118, 41.369826565543519 ], [ -8.145466273649618, 41.378947455560592 ], [ -8.149497035959428, 41.384967760153984 ], [ -8.169754197598138, 41.400780748332863 ], [ -8.219286058105126, 41.414578354907121 ], [ -8.234298062405685, 41.397499294856573 ], [ -8.254193487939119, 41.386414700078319 ], [ -8.284966802675797, 41.375304266878402 ], [ -8.292175665674449, 41.373960679741572 ], [ -8.31568844236773, 41.366881007952145 ], [ -8.322277187742031, 41.366829332008024 ], [ -8.335790575274814, 41.374115709372461 ], [ -8.344007126827421, 41.376286118809332 ], [ -8.385141566829873, 41.371945299036327 ], [ -8.415682339368459, 41.36602834723044 ], [ -8.440590379142691, 41.368844712713326 ], [ -8.447721726876182, 41.37274628381391 ], [ -8.455369839446519, 41.376027737290201 ], [ -8.467720506096498, 41.375924384502696 ], [ -8.484773728624702, 41.372617091705422 ], [ -8.503583950339021, 41.364245510521869 ], [ -8.511438767585048, 41.359827175483758 ], [ -8.518647629684381, 41.354633694089671 ], [ -8.527096727032358, 41.353238430109457 ], [ -8.53464148591587, 41.351223049404211 ], [ -8.590891283006329, 41.351223049404211 ], [ -8.600658128170096, 41.349672756692371 ], [ -8.604223801587182, 41.34941437427392 ], [ -8.611510178951619, 41.352411606910096 ], [ -8.616987881185764, 41.359749661117917 ], [ -8.621070319439696, 41.3729271509672 ], [ -8.622543096886432, 41.380781969112547 ], [ -8.615101690790425, 41.38837840394018 ], [ -8.605309007204937, 41.390445462388129 ], [ -8.599650437817445, 41.392874254243395 ], [ -8.596446498706939, 41.398145250003267 ], [ -8.600012173023401, 41.404139716174939 ], [ -8.609882370974674, 41.411064358333419 ], [ -8.621251186592986, 41.413079739038722 ], [ -8.635100470010684, 41.419384264472228 ], [ -8.652489590222444, 41.432768459896465 ], [ -8.658458217972395, 41.438194485287227 ], [ -8.666984828786838, 41.444137275514834 ], [ -8.676932542003215, 41.446927802575999 ], [ -8.701995612307655, 41.44734121372602 ], [ -8.727704636859528, 41.456694647739766 ], [ -8.751579148758708, 41.467339992946279 ], [ -8.775097442792742, 41.46756333867711 ], [ -8.775097442947354, 41.46756333867858 ], [ -8.774849231999951, 41.46833848600005 ], [ -8.786469626999917, 41.491067096000052 ], [ -8.788260342999934, 41.511798431000045 ], [ -8.792733322999936, 41.525838223000051 ], [ -8.79542022399994, 41.542552774000058 ], [ -8.808338995999918, 41.572943427000041 ], [ -8.812855597999942, 41.595404364000046 ], [ -8.819488084999932, 41.611883856000077 ], [ -8.81980032540668, 41.617801991486395 ], [ -8.819800325224833, 41.617801991468696 ], [ -8.814960292683395, 41.617330838447401 ], [ -8.795478278299925, 41.615082912846106 ], [ -8.785788946602622, 41.616013088832972 ], [ -8.712718471879953, 41.636037706474951 ], [ -8.661326260298665, 41.637510483921687 ], [ -8.652722134219118, 41.639112454376232 ], [ -8.645125697592903, 41.643944200564363 ], [ -8.641689216284306, 41.648259181915705 ], [ -8.63680579325279, 41.650894680245301 ], [ -8.628589239901487, 41.646734728524905 ], [ -8.598952805827309, 41.638647366382827 ], [ -8.57892818908465, 41.636037706474951 ], [ -8.567998623038022, 41.631412664962511 ], [ -8.558671027445939, 41.62947479952237 ], [ -8.552056443649974, 41.62888052031974 ], [ -8.534331426654035, 41.652341620169636 ], [ -8.539085659375701, 41.663271186216264 ], [ -8.536863573095445, 41.669136461178709 ], [ -8.532057664429658, 41.676061103337247 ], [ -8.523065964722491, 41.682520657502323 ], [ -8.520042893664595, 41.6893936219181 ], [ -8.518001675437006, 41.696835028913426 ], [ -8.516089646619889, 41.711976223523891 ], [ -8.514306809911375, 41.719727687982413 ], [ -8.511232062010038, 41.727117418134299 ], [ -8.503067186401552, 41.733835353818506 ], [ -8.49800289621669, 41.736315823416476 ], [ -8.489863857231228, 41.737917792072437 ], [ -8.481569790413516, 41.736367499360597 ], [ -8.473689133846449, 41.736057440998081 ], [ -8.456894293736696, 41.741173408026327 ], [ -8.439091763274291, 41.752283840326925 ], [ -8.431598680334844, 41.756004544274276 ], [ -8.417671881652041, 41.760345364047282 ], [ -8.402659878250802, 41.762825832745989 ], [ -8.315171678430204, 41.76592641906899 ], [ -8.290780401694178, 41.772592677909756 ], [ -8.196057502251961, 41.811453354788455 ], [ -8.183551805071772, 41.811350002900269 ], [ -8.179779425180357, 41.812461046040426 ], [ -8.179265101103567, 41.81261252514787 ], [ -8.179573526999889, 41.810704854000036 ] ] ] } },
{ "type": "Feature", "properties": { "name": "Pontevedra", "admin": "Spain", "region": "Galicia" }, "geometry": { "type": "Polygon", "coordinates": [ [ [ -8.252333943999957, 42.137584128000057 ], [ -8.270679076999926, 42.132003072000131 ], [ -8.287835652999888, 42.131434632000079 ], [ -8.295380411999957, 42.1300910450001 ], [ -8.304268757999864, 42.125827739000059 ], [ -8.329951944999948, 42.108438619000125 ], [ -8.346746785999898, 42.101694845000097 ], [ -8.501207641999883, 42.083091330000045 ], [ -8.520017862999879, 42.077716980000091 ], [ -8.554434366999942, 42.060069478000074 ], [ -8.572805337999938, 42.054410909000055 ], [ -8.609418090999981, 42.053661601000059 ], [ -8.626884724999911, 42.051026103000126 ], [ -8.643886271999946, 42.041491802000039 ], [ -8.65256791199991, 42.031440736000022 ], [ -8.663213256999882, 42.009891663000062 ], [ -8.670809691999864, 41.999814758000113 ], [ -8.69127355899991, 41.989608664000045 ], [ -8.717008422999896, 41.983769226000064 ], [ -8.739591023999935, 41.975113424000099 ], [ -8.750803188999953, 41.968980210000041 ], [ -8.76195227799991, 41.95258209800005 ], [ -8.777088995999918, 41.937160549000055 ], [ -8.795399542999917, 41.925685940000051 ], [ -8.815988735999952, 41.921210028000075 ], [ -8.832834438999953, 41.913967190000051 ], [ -8.848784959999932, 41.899481512000079 ], [ -8.864654100999928, 41.888902085000041 ], [ -8.881255662999934, 41.893296617000033 ], [ -8.878732876999948, 41.907131252000056 ], [ -8.898589647999927, 42.101752020000049 ], [ -8.895497199999909, 42.119086005000042 ], [ -8.884592251999948, 42.126044012000079 ], [ -8.844960089999915, 42.126613674000055 ], [ -8.826527472999942, 42.130519924000055 ], [ -8.819081183999913, 42.139715887000079 ], [ -8.823719855999911, 42.147609768000052 ], [ -8.842762824999909, 42.154445705000057 ], [ -8.846994594999956, 42.160834052000041 ], [ -8.84203040299991, 42.164292710000041 ], [ -8.815988735999952, 42.174505927000041 ], [ -8.813465949999909, 42.178697007000039 ], [ -8.811024542999917, 42.18813711100006 ], [ -8.805775519999941, 42.197495835000041 ], [ -8.79523678299995, 42.201727606000077 ], [ -8.790638800999943, 42.20453522300005 ], [ -8.771962042999917, 42.222235419000071 ], [ -8.719553188999953, 42.252346096000053 ], [ -8.706450975999928, 42.256415106000077 ], [ -8.701893683999913, 42.258530992000033 ], [ -8.669911261999914, 42.280910549000055 ], [ -8.652007615999935, 42.286322333000044 ], [ -8.631743943999936, 42.296820380000042 ], [ -8.625152147999927, 42.301947333000044 ], [ -8.621652798999946, 42.310207424000055 ], [ -8.621652798999946, 42.340806382000039 ], [ -8.622710740999935, 42.347479559000078 ], [ -8.626454230999911, 42.348334052000041 ], [ -8.634755011999914, 42.346380927000041 ], [ -8.649891730999911, 42.335598049000055 ], [ -8.660755988999938, 42.316799221000053 ], [ -8.674794074999909, 42.299017645000049 ], [ -8.699574347999942, 42.291164455000057 ], [ -8.719838019999941, 42.287583726000037 ], [ -8.773915167999917, 42.26898834800005 ], [ -8.784982876999948, 42.26007721600007 ], [ -8.795765753999945, 42.258246161000045 ], [ -8.84829667899993, 42.260972398000035 ], [ -8.86750240799995, 42.256415106000077 ], [ -8.863636847999942, 42.26898834800005 ], [ -8.853423631999931, 42.291083075000074 ], [ -8.853260870999918, 42.304836330000057 ], [ -8.846994594999956, 42.304836330000057 ], [ -8.832997199999909, 42.289129950000074 ], [ -8.827219204999949, 42.296698309000078 ], [ -8.826527472999942, 42.329046942000048 ], [ -8.828521287999934, 42.337225653000075 ], [ -8.83071855399993, 42.341620184000078 ], [ -8.827259894999941, 42.344142971000053 ], [ -8.812855597999942, 42.346380927000041 ], [ -8.776926235999952, 42.34015534100007 ], [ -8.771962042999917, 42.342718817000048 ], [ -8.764637824999909, 42.355698960000041 ], [ -8.72687740799995, 42.388739325000074 ], [ -8.709828253999945, 42.400376695000034 ], [ -8.676869269999941, 42.416449286000045 ], [ -8.662505662999934, 42.426906643000052 ], [ -8.655262824999909, 42.441351630000042 ], [ -8.66437740799995, 42.437974351000037 ], [ -8.67251542899993, 42.438421942000048 ], [ -8.682525193999936, 42.441351630000042 ], [ -8.691273566999939, 42.440619208000044 ], [ -8.694488084999932, 42.439642645000049 ], [ -8.696766730999911, 42.437974351000037 ], [ -8.718820766999954, 42.427964585000041 ], [ -8.743641730999911, 42.413234768000052 ], [ -8.757639126999948, 42.407212632000039 ], [ -8.779367641999954, 42.402899481000077 ], [ -8.811024542999917, 42.40070221600007 ], [ -8.843576626999948, 42.403713283000059 ], [ -8.86750240799995, 42.41469961100006 ], [ -8.875721808999913, 42.425970770000049 ], [ -8.880238410999937, 42.445013739000046 ], [ -8.888010219999956, 42.455633856000077 ], [ -8.900949673999946, 42.461004950000074 ], [ -8.935454881999931, 42.465399481000077 ], [ -8.942616339999915, 42.469305731000077 ], [ -8.935047980999911, 42.479071356000077 ], [ -8.916737433999913, 42.487616278000075 ], [ -8.895985480999911, 42.493882554000038 ], [ -8.881255662999934, 42.496568101000037 ], [ -8.869007941999939, 42.493394273000035 ], [ -8.860829230999911, 42.48501211100006 ], [ -8.861154751999948, 42.475572007000039 ], [ -8.874338344999956, 42.469305731000077 ], [ -8.86554928299995, 42.465033270000049 ], [ -8.851551886999914, 42.460760809000078 ], [ -8.836984829999949, 42.458929755000042 ], [ -8.826527472999942, 42.461859442000048 ], [ -8.82249915299991, 42.472357489000046 ], [ -8.825184699999909, 42.484116929000038 ], [ -8.825062628999945, 42.494940497000073 ], [ -8.812855597999942, 42.502752997000073 ], [ -8.825184699999909, 42.53742096600007 ], [ -8.826527472999942, 42.554632880000042 ], [ -8.822987433999913, 42.569525458000044 ], [ -8.813832160999937, 42.581447658000059 ], [ -8.801584438999953, 42.58930084800005 ], [ -8.788400844999956, 42.592189846000053 ], [ -8.775502081999946, 42.604722398000035 ], [ -8.738758917999917, 42.666083075000074 ], [ -8.730946417999917, 42.688421942000048 ], [ -8.716337459805914, 42.706455257404173 ], [ -8.645431695516322, 42.725516537458191 ], [ -8.608748344760329, 42.717804135052745 ], [ -8.603474907341081, 42.719419124992612 ], [ -8.602024711870968, 42.722165707581325 ], [ -8.601651176660482, 42.726296567132863 ], [ -8.599662650610867, 42.732086361995982 ], [ -8.594125541860251, 42.738436459674858 ], [ -8.578052542590797, 42.745874204630809 ], [ -8.502334766836043, 42.75606951739428 ], [ -8.472342089715653, 42.74324847203934 ], [ -8.458290575749459, 42.742018003428086 ], [ -8.445370652633528, 42.744292173045324 ], [ -8.42164018334779, 42.756761656325352 ], [ -8.392032027556013, 42.789489929017009 ], [ -8.353327192396023, 42.780151549654249 ], [ -8.342220013842564, 42.783985778620774 ], [ -8.335913861535516, 42.791423522677405 ], [ -8.33343095117749, 42.801421081717535 ], [ -8.333848431759748, 42.812956726971322 ], [ -8.3393196238016, 42.831666444051109 ], [ -8.339616254386613, 42.836939881470357 ], [ -8.335957806907288, 42.842674744843578 ], [ -8.32932206476147, 42.845717958017303 ], [ -8.321752484589524, 42.846113466363363 ], [ -8.315314495267728, 42.843938172708476 ], [ -8.308953411470782, 42.836786073118731 ], [ -8.304361125965215, 42.82829364103867 ], [ -8.298835002433407, 42.821635925757334 ], [ -8.289661418439721, 42.820031921935652 ], [ -8.262294473910856, 42.833764833080579 ], [ -8.252066201893683, 42.836302674928504 ], [ -8.2207112209461, 42.829040711459641 ], [ -8.209944618349482, 42.830699646771279 ], [ -8.204627235558462, 42.834292176642634 ], [ -8.192190711532135, 42.847618593323375 ], [ -8.174447790832915, 42.853012880739811 ], [ -8.049214631949724, 42.834533875737748 ], [ -8.032834015977073, 42.836456483280074 ], [ -7.999809112700405, 42.848860048052757 ], [ -7.96445510741728, 42.842356142022311 ], [ -7.981571806793454, 42.795081970156787 ], [ -7.978517607501601, 42.781151305288461 ], [ -7.932254178287678, 42.739952573652317 ], [ -7.912281033343049, 42.729856137750517 ], [ -7.880409694052162, 42.722011899229756 ], [ -7.868148951512921, 42.713211849547179 ], [ -7.868247828374592, 42.698160579946773 ], [ -7.887331080664865, 42.678275324846368 ], [ -7.89092361053622, 42.667629572246938 ], [ -7.893000026430059, 42.635307794019468 ], [ -7.930803982817565, 42.578453543696071 ], [ -7.958214872718202, 42.568466970774068 ], [ -7.984241484756751, 42.571795828414736 ], [ -7.992613067738887, 42.570246756082895 ], [ -8.012685089545243, 42.54538469504763 ], [ -8.018672639031081, 42.54206682352509 ], [ -8.067144320254158, 42.552042410328966 ], [ -8.146674352739183, 42.548592702691053 ], [ -8.17377762503736, 42.571927664530051 ], [ -8.214130409390862, 42.539979421513067 ], [ -8.248869180368388, 42.53142107092566 ], [ -8.302823039751502, 42.490255298543161 ], [ -8.340572064649052, 42.492309741301483 ], [ -8.339012006199141, 42.48523454633721 ], [ -8.34228593234991, 42.432544114818995 ], [ -8.33414506324408, 42.412702805090362 ], [ -8.318643352908396, 42.389159103409895 ], [ -8.317006389833011, 42.383984541952998 ], [ -8.318972942747109, 42.366582198109938 ], [ -8.31810502322827, 42.360836347719271 ], [ -8.286431437660724, 42.323845379360762 ], [ -8.27600541192021, 42.318506024333544 ], [ -8.26197587019027, 42.315232098182776 ], [ -8.275478068358154, 42.278515788173081 ], [ -8.274522258095715, 42.266397867867283 ], [ -8.268435831748263, 42.256685953294095 ], [ -8.24594681719185, 42.236295327767152 ], [ -8.235630654431191, 42.231812905241384 ], [ -8.164867712375042, 42.24590836547867 ], [ -8.179611365272308, 42.2098732073826 ], [ -8.18335665128842, 42.173116382015394 ], [ -8.222361612999919, 42.153629660000021 ], [ -8.252333943999957, 42.137584128000057 ] ] ] } },
{ "type": "Feature", "properties": { "name": "Aveiro", "admin": "Portugal", "region": "Norte, Centro" }, "geometry": { "type": "Polygon", "coordinates": [ [ [ -8.753000454999949, 40.640814520000049 ], [ -8.750355597999942, 40.643947658000059 ], [ -8.744618292999917, 40.646918036000045 ], [ -8.743967251999948, 40.625799872000073 ], [ -8.744618292999917, 40.619045315000051 ], [ -8.724680141999954, 40.644517320000034 ], [ -8.710275844999956, 40.653469143000052 ], [ -8.696156378999945, 40.646918036000045 ], [ -8.690012173999946, 40.646918036000045 ], [ -8.690012173999946, 40.653143622000073 ], [ -8.692372199999909, 40.65570709800005 ], [ -8.696400519999941, 40.661322333000044 ], [ -8.698801235999952, 40.667954820000034 ], [ -8.696156378999945, 40.673651434000078 ], [ -8.686390753999945, 40.677923895000049 ], [ -8.680775519999941, 40.674994208000044 ], [ -8.676869269999941, 40.669663804000038 ], [ -8.671986456999946, 40.666815497000073 ], [ -8.662098761999914, 40.669867255000042 ], [ -8.653635219999956, 40.67719147300005 ], [ -8.641590949999909, 40.694159247000073 ], [ -8.657460089999915, 40.701402085000041 ], [ -8.66633053299995, 40.71320221600007 ], [ -8.663644985999952, 40.72406647300005 ], [ -8.644927537999934, 40.728908596000053 ], [ -8.621815558999913, 40.730658270000049 ], [ -8.603871222999942, 40.73578522300005 ], [ -8.588368292999917, 40.744208075000074 ], [ -8.572661912999934, 40.755560614000046 ], [ -8.589507615999935, 40.754706122000073 ], [ -8.614735480999911, 40.744940497000073 ], [ -8.635975714999915, 40.741603908000059 ], [ -8.639881964999915, 40.740057684000078 ], [ -8.645375128999945, 40.739732164000088 ], [ -8.668446417999917, 40.747463283000059 ], [ -8.675689256999931, 40.755560614000046 ], [ -8.683705206999946, 40.783107815000051 ], [ -8.645578579999949, 40.82367584800005 ], [ -8.655262824999909, 40.844916083000044 ], [ -8.656971808999913, 40.828558661000045 ], [ -8.663197394999941, 40.814927476000037 ], [ -8.670521613999938, 40.81118398600006 ], [ -8.675689256999931, 40.824448960000041 ], [ -8.689808722999942, 40.804103908000059 ], [ -8.700550910999937, 40.77798086100006 ], [ -8.707386847999942, 40.75031159100007 ], [ -8.709828253999945, 40.725165106000077 ], [ -8.714263475999928, 40.709051825000074 ], [ -8.725087042999917, 40.685980536000045 ], [ -8.738433397999927, 40.664496161000045 ], [ -8.750803188999953, 40.653143622000073 ], [ -8.655100063999953, 40.993801174000055 ], [ -8.65520139824288, 41.016651963915109 ], [ -8.654995897342815, 41.016695665572513 ], [ -8.645513272119842, 41.018685207856038 ], [ -8.601872524097701, 41.023129381315869 ], [ -8.585491095137911, 41.015067856696191 ], [ -8.553555060417693, 41.023723660518499 ], [ -8.538155483388834, 41.031966051392146 ], [ -8.526089035780387, 41.032224432911221 ], [ -8.51709733697254, 41.02837453955334 ], [ -8.508803270154829, 41.022250882172443 ], [ -8.494592250631854, 41.016566474363287 ], [ -8.484308640631241, 41.017289943875767 ], [ -8.476763881747729, 41.021165676554688 ], [ -8.470149298851084, 41.034937446505921 ], [ -8.465730963812916, 41.040492662206589 ], [ -8.448135138026203, 41.055478827186107 ], [ -8.427645433290138, 41.039278266278927 ], [ -8.422994554255297, 41.033619696891492 ], [ -8.415682339368459, 41.022560940534959 ], [ -8.39777645521923, 41.011863919384325 ], [ -8.389611578711424, 41.011863919384325 ], [ -8.386278449291012, 41.016230577579051 ], [ -8.387673713271283, 41.022715969266528 ], [ -8.392376268250189, 41.028297024288236 ], [ -8.393280604916015, 41.034472358512517 ], [ -8.392272914563364, 41.039665839007228 ], [ -8.366047126074022, 41.049251817017705 ], [ -8.346177537163612, 41.043954982836169 ], [ -8.297834235061885, 41.0695864930222 ], [ -8.294397751954705, 41.072428696926806 ], [ -8.290186123390868, 41.083384101395154 ], [ -8.229569668105682, 41.053825181686761 ], [ -8.226236537786008, 41.04762400994008 ], [ -8.222877569943932, 41.037960517563818 ], [ -8.223962774662311, 41.031190904136906 ], [ -8.224376186711652, 41.009409288208076 ], [ -8.149264491962754, 40.982046617257538 ], [ -8.137146369309505, 40.981943264470033 ], [ -8.123891364195117, 40.983751938701005 ], [ -8.116863369249074, 40.995560003891057 ], [ -8.114202033397135, 40.999099839785742 ], [ -8.111437343858313, 41.001916205268628 ], [ -8.098130661900541, 41.010572008191616 ], [ -8.091102667853818, 41.010261948929781 ], [ -8.087743700011742, 41.006696275512695 ], [ -8.087071906443327, 41.002381293262033 ], [ -8.087201096753233, 40.999900825462703 ], [ -8.087536994436732, 40.998505561482432 ], [ -8.089371507089368, 40.993363756032466 ], [ -8.120894130659622, 40.958533840564257 ], [ -8.125829229635258, 40.947655951361071 ], [ -8.128929815958259, 40.935977078279507 ], [ -8.127689581608934, 40.929233303274316 ], [ -8.123142056260917, 40.915900783794086 ], [ -8.118258633229345, 40.89016592082055 ], [ -8.109757859937304, 40.872079169518031 ], [ -8.110377976662278, 40.860400296436524 ], [ -8.115390590903075, 40.853475654277986 ], [ -8.123994716982622, 40.85161530230431 ], [ -8.133115606999695, 40.852338771816846 ], [ -8.141435513138447, 40.855206814143116 ], [ -8.149264491962754, 40.859392605184553 ], [ -8.157765265254795, 40.862208971566758 ], [ -8.169495815179744, 40.861898912304923 ], [ -8.187246669698084, 40.855180975721453 ], [ -8.19926143956377, 40.853656521431276 ], [ -8.210991991287358, 40.854974270146442 ], [ -8.21892432289917, 40.857687282841823 ], [ -8.249645961691783, 40.855361842874743 ], [ -8.238328822916856, 40.824588528138065 ], [ -8.239646571631965, 40.818852444384788 ], [ -8.248638272238509, 40.80732860003485 ], [ -8.268947108921964, 40.774204006909372 ], [ -8.292408209671123, 40.754360257320002 ], [ -8.315585089580225, 40.740252590584589 ], [ -8.324990200437412, 40.727178453522811 ], [ -8.325558641218322, 40.722966824059654 ], [ -8.325351934743992, 40.718393460289917 ], [ -8.323672450822983, 40.712063097334067 ], [ -8.31917660231835, 40.70593943905385 ], [ -8.305404832367117, 40.694312241916407 ], [ -8.299436203717846, 40.685940659833534 ], [ -8.29620642708494, 40.678964341730989 ], [ -8.295224575154009, 40.650904038790316 ], [ -8.288299932995528, 40.637571520209463 ], [ -8.283390672441612, 40.635013536245651 ], [ -8.265484788292326, 40.629251614070711 ], [ -8.248638272238509, 40.618968004070098 ], [ -8.289385137713964, 40.60651398373335 ], [ -8.29620642708494, 40.601346339861664 ], [ -8.297253580364913, 40.6 ], [ -8.761956865163629, 40.6 ], [ -8.753000454999949, 40.640814520000049 ] ] ] } },
{ "type": "Feature", "properties": { "name": "Porto", "admin": "Portugal", "region": "Norte" }, "geometry": { "type": "Polygon", "coordinates": [ [ [ -8.655262824999909, 41.030503648000035 ], [ -8.667103644999941, 41.097560940000051 ], [ -8.666127081999946, 41.132757880000042 ], [ -8.648345506999931, 41.146633205000057 ], [ -8.648345506999931, 41.152777411000045 ], [ -8.68578040299991, 41.159491278000075 ], [ -8.705189581999946, 41.186916408000059 ], [ -8.718373175999943, 41.221502997000073 ], [ -8.737172003999945, 41.249660549000055 ], [ -8.732289191999939, 41.262925523000035 ], [ -8.73460852799991, 41.27407461100006 ], [ -8.740061001999948, 41.284979559000078 ], [ -8.744618292999917, 41.297430731000077 ], [ -8.74445553299995, 41.328111070000034 ], [ -8.749134894999941, 41.337795315000051 ], [ -8.756132205999961, 41.34054 ], [ -8.760324673999946, 41.350897528000075 ], [ -8.764027472999942, 41.361314195000034 ], [ -8.778146938999953, 41.379339911000045 ], [ -8.783802863999938, 41.393866278000075 ], [ -8.783773362999909, 41.406108551000045 ], [ -8.785563586999956, 41.434878223000055 ], [ -8.775097442947354, 41.46756333867858 ], [ -8.775097442792742, 41.46756333867711 ], [ -8.751579148758708, 41.467339992946279 ], [ -8.727704636859528, 41.456694647739766 ], [ -8.701995612307655, 41.44734121372602 ], [ -8.676932542003215, 41.446927802575999 ], [ -8.666984828786838, 41.444137275514834 ], [ -8.658458217972395, 41.438194485287227 ], [ -8.652489590222444, 41.432768459896465 ], [ -8.635100470010684, 41.419384264472228 ], [ -8.621251186592986, 41.413079739038722 ], [ -8.609882370974674, 41.411064358333419 ], [ -8.600012173023401, 41.404139716174939 ], [ -8.596446498706939, 41.398145250003267 ], [ -8.599650437817445, 41.392874254243395 ], [ -8.605309007204937, 41.390445462388129 ], [ -8.615101690790425, 41.38837840394018 ], [ -8.622543096886432, 41.380781969112547 ], [ -8.621070319439696, 41.3729271509672 ], [ -8.616987881185764, 41.359749661117917 ], [ -8.611510178951619, 41.352411606910096 ], [ -8.604223801587182, 41.34941437427392 ], [ -8.600658128170096, 41.349672756692371 ], [ -8.590891283006329, 41.351223049404211 ], [ -8.53464148591587, 41.351223049404211 ], [ -8.527096727032358, 41.353238430109457 ], [ -8.518647629684381, 41.354633694089671 ], [ -8.511438767585048, 41.359827175483758 ], [ -8.503583950339021, 41.364245510521869 ], [ -8.484773728624702, 41.372617091705422 ], [ -8.467720506096498, 41.375924384502696 ], [ -8.455369839446519, 41.376027737290201 ], [ -8.447721726876182, 41.37274628381391 ], [ -8.440590379142691, 41.368844712713326 ], [ -8.415682339368459, 41.36602834723044 ], [ -8.385141566829873, 41.371945299036327 ], [ -8.344007126827421, 41.376286118809332 ], [ -8.335790575274814, 41.374115709372461 ], [ -8.322277187742031, 41.366829332008024 ], [ -8.31568844236773, 41.366881007952145 ], [ -8.292175665674449, 41.373960679741572 ], [ -8.284966802675797, 41.375304266878402 ], [ -8.254193487939119, 41.386414700078319 ], [ -8.234298062405685, 41.397499294856573 ], [ -8.219286058105126, 41.414578354907121 ], [ -8.169754197598138, 41.400780748332863 ], [ -8.149497035959428, 41.384967760153984 ], [ -8.145466273649618, 41.378947455560592 ], [ -8.147429979310118, 41.369826565543519 ], [ -8.111824916586613, 41.349672756692371 ], [ -8.079888881866395, 41.339130764273307 ], [ -8.069036831084873, 41.341094469034488 ], [ -8.047461920731052, 41.331973578118095 ], [ -8.036144781956125, 41.325023098437214 ], [ -8.025628627958838, 41.325229804012224 ], [ -8.01829057465028, 41.327813626397699 ], [ -8.010694138923384, 41.332516181376661 ], [ -8.005526495951017, 41.336469428421367 ], [ -8.001624924850432, 41.340086777782574 ], [ -7.994467738695221, 41.344737656817358 ], [ -7.989248419778733, 41.347373155146954 ], [ -7.984545863900507, 41.351093858194986 ], [ -7.980902676117637, 41.355951442804837 ], [ -7.979016485722241, 41.359956366692927 ], [ -7.975502489148539, 41.370084947062651 ], [ -7.95894019213614, 41.354246121361371 ], [ -7.959792852857902, 41.345383612863429 ], [ -7.958475104142735, 41.336624457152936 ], [ -7.951214565200019, 41.32825287507012 ], [ -7.936667649792184, 41.322310085741833 ], [ -7.909356654785825, 41.306755479082085 ], [ -7.913619961092365, 41.293836370751876 ], [ -7.909356654785825, 41.278901881716422 ], [ -7.89269100588524, 41.255621649919192 ], [ -7.879797735976751, 41.248412786920539 ], [ -7.875456916203746, 41.246784979842914 ], [ -7.889357875565508, 41.206787421402339 ], [ -7.891140713173399, 41.182577012718923 ], [ -7.896049973727315, 41.159115911969764 ], [ -7.940155808843485, 41.138006090508668 ], [ -8.062060512982271, 41.10586334931412 ], [ -8.090482550229524, 41.103744614921993 ], [ -8.190218064811859, 41.109144801891091 ], [ -8.223032598675502, 41.103486233402919 ], [ -8.290186123390868, 41.083384101395154 ], [ -8.294397751954705, 41.072428696926806 ], [ -8.297834235061885, 41.0695864930222 ], [ -8.346177537163612, 41.043954982836169 ], [ -8.366047126074022, 41.049251817017705 ], [ -8.392272914563364, 41.039665839007228 ], [ -8.393280604916015, 41.034472358512517 ], [ -8.392376268250189, 41.028297024288236 ], [ -8.387673713271283, 41.022715969266528 ], [ -8.386278449291012, 41.016230577579051 ], [ -8.389611578711424, 41.011863919384325 ], [ -8.39777645521923, 41.011863919384325 ], [ -8.415682339368459, 41.022560940534959 ], [ -8.422994554255297, 41.033619696891492 ], [ -8.427645433290138, 41.039278266278927 ], [ -8.448135138026203, 41.055478827186107 ], [ -8.465730963812916, 41.040492662206589 ], [ -8.470149298851084, 41.034937446505921 ], [ -8.476763881747729, 41.021165676554688 ], [ -8.484308640631241, 41.017289943875767 ], [ -8.494592250631854, 41.016566474363287 ], [ -8.508803270154829, 41.022250882172443 ], [ -8.51709733697254, 41.02837453955334 ], [ -8.526089035780387, 41.032224432911221 ], [ -8.538155483388834, 41.031966051392146 ], [ -8.553555060417693, 41.023723660518499 ], [ -8.585491095137911, 41.015067856696191 ], [ -8.601872524097701, 41.023129381315869 ], [ -8.645513272119842, 41.018685207856038 ], [ -8.654995897342815, 41.016695665572513 ], [ -8.65520139824288, 41.016651963915109 ], [ -8.655262824999909, 41.030503648000035 ] ] ] } },
{ "type": "Feature", "properties": { "name": "La Coruña", "admin": "Spain", "region": "Galicia" }, "geometry": { "type": "Polygon", "coordinates": [ [ [ -8.737172003999945, 42.688421942000048 ], [ -8.744048631999931, 42.672430731000077 ], [ -8.753895636999914, 42.65688711100006 ], [ -8.767323370999918, 42.64516836100006 ], [ -8.784982876999948, 42.640570380000042 ], [ -8.803822394999941, 42.64594147300005 ], [ -8.815988735999952, 42.65851471600007 ], [ -8.826242641999954, 42.67413971600007 ], [ -8.839507615999935, 42.682440497000073 ], [ -8.854603644999941, 42.66156647300005 ], [ -8.857004360999952, 42.649115302000041 ], [ -8.846994594999956, 42.640570380000042 ], [ -8.868763800999943, 42.61749909100007 ], [ -8.880523240999935, 42.611802476000037 ], [ -8.89484615799995, 42.620103257000039 ], [ -8.889475063999953, 42.630601304000038 ], [ -8.903431769999941, 42.625474351000037 ], [ -8.936390753999945, 42.606431382000039 ], [ -8.922230597999942, 42.593695380000042 ], [ -8.933990037999934, 42.586818752000056 ], [ -8.969878709999932, 42.579169012000079 ], [ -8.972767706999946, 42.573919989000046 ], [ -8.98078365799995, 42.551214911000045 ], [ -8.989165818999936, 42.548895575000074 ], [ -8.997059699999909, 42.543402411000045 ], [ -9.011545376999948, 42.53070709800005 ], [ -9.026356574999909, 42.543117580000057 ], [ -9.028553839999915, 42.561468817000048 ], [ -9.033355272999927, 42.578111070000034 ], [ -9.055816209999932, 42.58539459800005 ], [ -9.070871548999946, 42.596136786000045 ], [ -9.065744594999956, 42.620306708000044 ], [ -9.05142167899993, 42.64594147300005 ], [ -9.038807745999918, 42.661078192000048 ], [ -9.039458787999934, 42.673041083000044 ], [ -9.036284959999932, 42.687933661000045 ], [ -9.030140753999945, 42.707709052000041 ], [ -9.018788214999915, 42.719753322000088 ], [ -9.014027472999942, 42.726833401000079 ], [ -9.006255662999934, 42.73383209800005 ], [ -8.994496222999942, 42.737005927000041 ], [ -8.992014126999948, 42.739081122000073 ], [ -8.96312415299991, 42.751288153000075 ], [ -8.937367316999939, 42.777777411000045 ], [ -8.922230597999942, 42.788112697000088 ], [ -8.898264126999948, 42.792303778000075 ], [ -8.891346808999913, 42.799343166000085 ], [ -8.884917772999927, 42.815008856000077 ], [ -8.887684699999909, 42.831122137000079 ], [ -8.90843665299991, 42.839463609000063 ], [ -8.912587042999917, 42.816595770000049 ], [ -8.928089972999942, 42.802516994000086 ], [ -8.951039191999939, 42.795111395000049 ], [ -8.977365688999953, 42.792303778000075 ], [ -9.028187628999945, 42.797878322000088 ], [ -9.048939581999946, 42.794745184000078 ], [ -9.045643683999913, 42.778021552000041 ], [ -9.06867428299995, 42.759711005000042 ], [ -9.081288214999915, 42.754828192000048 ], [ -9.10024980399993, 42.757513739000046 ], [ -9.113433397999927, 42.766058661000045 ], [ -9.120106574999909, 42.778998114000046 ], [ -9.125477667999917, 42.794989325000074 ], [ -9.13499915299991, 42.812770901000079 ], [ -9.122547980999911, 42.812608140000066 ], [ -9.113189256999931, 42.816351630000042 ], [ -9.106190558999913, 42.823309637000079 ], [ -9.10024980399993, 42.833278713000084 ], [ -9.108387824999909, 42.84483470300006 ], [ -9.122222459999932, 42.851752020000049 ], [ -9.141224738999938, 42.857448635000083 ], [ -9.142323370999918, 42.865301825000074 ], [ -9.147531704999949, 42.878607489000046 ], [ -9.14867102799991, 42.884466864000046 ], [ -9.146636522999927, 42.888373114000046 ], [ -9.137521938999953, 42.896063544000071 ], [ -9.13499915299991, 42.902167059000078 ], [ -9.133697068999936, 42.911200262000079 ], [ -9.134510870999918, 42.917547919000071 ], [ -9.141428188999953, 42.92141347900008 ], [ -9.158599412999934, 42.922634182000081 ], [ -9.167876756999931, 42.926825262000079 ], [ -9.183461066999939, 42.945257880000042 ], [ -9.195871548999946, 42.949326890000066 ], [ -9.195871548999946, 42.943141994000086 ], [ -9.190012173999946, 42.932399807000081 ], [ -9.195790167999917, 42.926581122000073 ], [ -9.205189581999946, 42.924750067000048 ], [ -9.210072394999941, 42.925726630000042 ], [ -9.214344855999911, 42.939032294000071 ], [ -9.224232550999943, 42.940212307000081 ], [ -9.235585089999915, 42.934881903000075 ], [ -9.244252081999946, 42.928778387000079 ], [ -9.251698370999918, 42.92023346600007 ], [ -9.261708136999914, 42.900173244000086 ], [ -9.268422003999945, 42.891302802000041 ], [ -9.273060675999943, 42.893337307000081 ], [ -9.282948370999918, 42.916612046000068 ], [ -9.291981574999909, 42.922634182000081 ], [ -9.291981574999909, 42.928778387000079 ], [ -9.28538977799991, 42.938340562000064 ], [ -9.264759894999941, 42.98033274900007 ], [ -9.26398678299995, 42.986517645000049 ], [ -9.261830206999946, 42.994492906000062 ], [ -9.258656378999945, 43.002386786000045 ], [ -9.254790818999936, 43.008002020000049 ], [ -9.250965949999909, 43.016791083000044 ], [ -9.257313605999911, 43.023260809000078 ], [ -9.27212480399993, 43.031276760000083 ], [ -9.27953040299991, 43.05499909100007 ], [ -9.271107550999943, 43.060492255000042 ], [ -9.257923956999946, 43.060899156000062 ], [ -9.251088019999941, 43.06976959800005 ], [ -9.245716925999943, 43.087998765000066 ], [ -9.233957485999952, 43.096502997000073 ], [ -9.222320115999935, 43.102728583000044 ], [ -9.217600063999953, 43.114447333000044 ], [ -9.202951626999948, 43.105047919000071 ], [ -9.189808722999942, 43.102321682000081 ], [ -9.176828579999949, 43.105576890000066 ], [ -9.162261522999927, 43.114447333000044 ], [ -9.15689042899993, 43.119737046000068 ], [ -9.154204881999931, 43.124701239000046 ], [ -9.150298631999931, 43.129584052000041 ], [ -9.141224738999938, 43.134873765000066 ], [ -9.13312740799995, 43.137966213000084 ], [ -9.125803188999953, 43.139593817000048 ], [ -9.10773678299995, 43.141140041000085 ], [ -9.10773678299995, 43.148504950000074 ], [ -9.124663865999935, 43.142523505000042 ], [ -9.147084113999938, 43.138698635000083 ], [ -9.163319464999915, 43.13975657800006 ], [ -9.162261522999927, 43.148504950000074 ], [ -9.194203253999945, 43.136542059000078 ], [ -9.208363410999937, 43.137884833000044 ], [ -9.217600063999953, 43.155340887000079 ], [ -9.170074022999927, 43.188747463000084 ], [ -9.137928839999915, 43.201524156000062 ], [ -9.100412563999953, 43.189520575000074 ], [ -9.083159959999932, 43.18976471600007 ], [ -9.065174933999913, 43.192328192000048 ], [ -9.052398240999935, 43.196356512000079 ], [ -9.039784308999913, 43.20453522300005 ], [ -9.026966925999943, 43.210150458000044 ], [ -9.016753709999932, 43.223863023000035 ], [ -9.011545376999948, 43.238755601000037 ], [ -9.004058397999927, 43.238755601000037 ], [ -8.985747850999928, 43.22687409100007 ], [ -8.958973761999914, 43.227484442000048 ], [ -8.932525193999936, 43.235296942000048 ], [ -8.915272589999915, 43.245021877000056 ], [ -8.936390753999945, 43.244086005000042 ], [ -8.948150193999936, 43.249945380000042 ], [ -8.96312415299991, 43.272284247000073 ], [ -8.967518683999913, 43.271958726000037 ], [ -8.979807094999956, 43.276922919000071 ], [ -8.988026495999918, 43.283026434000078 ], [ -8.98078365799995, 43.285956122000073 ], [ -8.970855272999927, 43.28656647300005 ], [ -8.930490688999953, 43.299750067000048 ], [ -8.888010219999956, 43.320746161000045 ], [ -8.856597459999932, 43.326890367000033 ], [ -8.849110480999911, 43.334051825000074 ], [ -8.841175910999937, 43.338934637000079 ], [ -8.829986131999931, 43.341213283000059 ], [ -8.817005988999938, 43.335842190000051 ], [ -8.785552537999934, 43.312445380000042 ], [ -8.768544074999909, 43.307074286000045 ], [ -8.750477667999917, 43.304917710000041 ], [ -8.711740688999953, 43.29555898600006 ], [ -8.693104620999918, 43.293402411000045 ], [ -8.665394660999937, 43.301174221000053 ], [ -8.630034959999932, 43.31586334800005 ], [ -8.592518683999913, 43.324204820000034 ], [ -8.558420376999948, 43.313218492000033 ], [ -8.505970831999946, 43.331529039000088 ], [ -8.497547980999911, 43.337795315000051 ], [ -8.494252081999946, 43.346625067000048 ], [ -8.486073370999918, 43.354315497000073 ], [ -8.475982225999928, 43.35968659100007 ], [ -8.45571855399993, 43.363348700000074 ], [ -8.45140540299991, 43.367377020000049 ], [ -8.448963995999918, 43.371975002000056 ], [ -8.443023240999935, 43.37531159100007 ], [ -8.388295050999943, 43.385891018000052 ], [ -8.384673631999931, 43.372707424000055 ], [ -8.375721808999913, 43.362982489000046 ], [ -8.353586391999954, 43.348618882000039 ], [ -8.340809699999909, 43.359930731000077 ], [ -8.337269660999937, 43.369045315000051 ], [ -8.339914516999954, 43.392726955000057 ], [ -8.33071855399993, 43.405666408000059 ], [ -8.310617641999954, 43.403143622000073 ], [ -8.28156490799995, 43.389593817000048 ], [ -8.267201300999943, 43.385931708000044 ], [ -8.260812954999949, 43.377020575000074 ], [ -8.257069464999915, 43.365668036000045 ], [ -8.250559048999946, 43.354885158000059 ], [ -8.227528449999909, 43.338120835000041 ], [ -8.217274542999917, 43.328314520000049 ], [ -8.210194464999915, 43.313218492000033 ], [ -8.202463344999956, 43.329250393000052 ], [ -8.202951626999948, 43.344671942000048 ], [ -8.210194464999915, 43.37531159100007 ], [ -8.20962480399993, 43.390692450000074 ], [ -8.204823370999918, 43.399725653000075 ], [ -8.193959113999938, 43.406805731000077 ], [ -8.175404425999943, 43.41632721600007 ], [ -8.195057745999918, 43.423244533000059 ], [ -8.213286912999934, 43.424953518000052 ], [ -8.247141079999949, 43.423081773000035 ], [ -8.264759894999941, 43.427313544000071 ], [ -8.288726365999935, 43.446234442000048 ], [ -8.305165167999917, 43.451076565000051 ], [ -8.286488410999937, 43.461981512000079 ], [ -8.185617641999954, 43.471502997000073 ], [ -8.178781704999949, 43.47329336100006 ], [ -8.171457485999952, 43.47797272300005 ], [ -8.166981574999909, 43.484564520000049 ], [ -8.168568488999938, 43.492010809000078 ], [ -8.173451300999943, 43.492743231000077 ], [ -8.196522589999915, 43.485174872000073 ], [ -8.257313605999911, 43.477728583000044 ], [ -8.253651495999918, 43.481268622000073 ], [ -8.250884568999936, 43.482855536000045 ], [ -8.243723110999952, 43.485174872000073 ], [ -8.247547980999911, 43.48773834800005 ], [ -8.257313605999911, 43.492010809000078 ], [ -8.269195115999935, 43.478949286000045 ], [ -8.288970506999931, 43.47296784100007 ], [ -8.333119269999941, 43.471502997000073 ], [ -8.325347459999932, 43.486761786000045 ], [ -8.321685350999928, 43.507879950000074 ], [ -8.31663977799991, 43.52289459800005 ], [ -8.305165167999917, 43.519354559000078 ], [ -8.292103644999941, 43.532945054000038 ], [ -8.300160285999937, 43.538234768000052 ], [ -8.308216925999943, 43.54633209800005 ], [ -8.313221808999913, 43.556341864000046 ], [ -8.312652147999927, 43.567124742000033 ], [ -8.308705206999946, 43.567124742000033 ], [ -8.29133053299995, 43.564846096000053 ], [ -8.284657355999911, 43.567124742000033 ], [ -8.260975714999915, 43.564520575000074 ], [ -8.232248501999948, 43.575506903000075 ], [ -8.086659308999913, 43.656480210000041 ], [ -8.082997199999909, 43.645453192000048 ], [ -8.074615037999934, 43.639634507000039 ], [ -8.063547329999949, 43.638861395000049 ], [ -8.051869269999941, 43.642808335000041 ], [ -8.062408006999931, 43.642320054000038 ], [ -8.065541144999941, 43.642808335000041 ], [ -8.065541144999941, 43.64907461100006 ], [ -8.061268683999913, 43.650946356000077 ], [ -8.056467251999948, 43.654242255000042 ], [ -8.051869269999941, 43.656480210000041 ], [ -8.071156378999945, 43.667873440000051 ], [ -8.073963995999918, 43.678534247000073 ], [ -8.069162563999953, 43.689276434000078 ], [ -8.065541144999941, 43.700873114000046 ], [ -8.059315558999913, 43.709418036000045 ], [ -8.044504360999952, 43.712103583000044 ], [ -8.010975714999915, 43.711737372000073 ], [ -7.981190558999913, 43.717840887000079 ], [ -7.952951626999948, 43.730129299000055 ], [ -7.928130662999934, 43.746771552000041 ], [ -7.908558722999942, 43.766343492000033 ], [ -7.880848761999914, 43.763251044000071 ], [ -7.869048631999931, 43.748846747000073 ], [ -7.861480272999927, 43.731187242000033 ], [ -7.846506313999953, 43.717962958000044 ], [ -7.846506313999953, 43.711737372000073 ], [ -7.852284308999913, 43.714178778000075 ], [ -7.862294074999909, 43.71625397300005 ], [ -7.867583787999934, 43.717962958000044 ], [ -7.874623175999943, 43.709418036000045 ], [ -7.879261847999942, 43.700506903000075 ], [ -7.879790818999936, 43.691961981000077 ], [ -7.873768683999913, 43.684475002000056 ], [ -7.884103969999956, 43.678615627000056 ], [ -7.887318488999938, 43.679673570000034 ], [ -7.894886847999942, 43.684475002000056 ], [ -7.901234503999945, 43.679754950000074 ], [ -7.903879360999952, 43.678290106000077 ], [ -7.908558722999942, 43.676988023000035 ], [ -7.908558722999942, 43.670152085000041 ], [ -7.858387824999909, 43.668198960000041 ], [ -7.849232550999943, 43.675604559000078 ], [ -7.867583787999934, 43.697455145000049 ], [ -7.856027798999946, 43.70343659100007 ], [ -7.843861456999946, 43.703802802000041 ], [ -7.819162563999953, 43.697455145000049 ], [ -7.821400519999941, 43.700751044000071 ], [ -7.823963995999918, 43.708075262000079 ], [ -7.826039191999939, 43.711737372000073 ], [ -7.812001105999911, 43.723089911000045 ], [ -7.793853318999936, 43.734116929000038 ], [ -7.773793097999942, 43.742580471000053 ], [ -7.734038865999935, 43.750067450000074 ], [ -7.712757941999939, 43.760687567000048 ], [ -7.695708787999934, 43.774888414000088 ], [ -7.688832160999937, 43.789984442000048 ], [ -7.685536261999914, 43.793443101000037 ], [ -7.678334113999938, 43.79047272300005 ], [ -7.671294725999928, 43.782863674000055 ], [ -7.668324347999942, 43.772528387000079 ], [ -7.672596808999913, 43.766669012000079 ], [ -7.69562740799995, 43.745917059000078 ], [ -7.696156379213562, 43.73151276160462 ], [ -7.709473407871485, 43.674175021360099 ], [ -7.690950458396969, 43.653927218066656 ], [ -7.723634785716797, 43.625802216998693 ], [ -7.728919209254116, 43.615705780197572 ], [ -7.725337666400208, 43.59757833816974 ], [ -7.726590108146979, 43.586482146633728 ], [ -7.729973897277546, 43.581505339799548 ], [ -7.753792257306827, 43.563410857025417 ], [ -7.758428488184165, 43.554753629576339 ], [ -7.758340597440622, 43.545525114092698 ], [ -7.746662129953336, 43.53058370747209 ], [ -7.744805440918356, 43.526321011805237 ], [ -7.746013937293355, 43.521300259599286 ], [ -7.780170432319608, 43.449054162819323 ], [ -7.807284690735912, 43.437397668467611 ], [ -7.817205346049889, 43.415029503009123 ], [ -7.824610130852875, 43.406592003318281 ], [ -7.836134789988591, 43.401911827069114 ], [ -7.882090602499318, 43.407525841344466 ], [ -7.889308619697033, 43.341454060756291 ], [ -7.89650466555787, 43.330105184007039 ], [ -7.931660916218334, 43.299925739281434 ], [ -7.936758573049701, 43.293202106392073 ], [ -7.93776931570136, 43.285050250268796 ], [ -7.934605252530389, 43.277129107122562 ], [ -7.930408475370825, 43.271042681674373 ], [ -7.927552029802314, 43.264494829372836 ], [ -7.928397977084956, 43.25516743702758 ], [ -7.961356962753655, 43.189952590739438 ], [ -7.924684598115732, 43.092174266229392 ], [ -7.927024686240259, 43.08414326010336 ], [ -7.931726834725623, 43.076331980836244 ], [ -7.935385282205004, 43.065158884674759 ], [ -7.934846951625502, 43.051843454112088 ], [ -7.906414333854457, 42.987639350475604 ], [ -7.906601101459671, 42.961909369022123 ], [ -7.911775662017192, 42.936728704266272 ], [ -7.935626981300175, 42.903429141741469 ], [ -7.944844510665632, 42.897309757039636 ], [ -7.965982206613546, 42.889048037936561 ], [ -7.97526565448635, 42.883049502332653 ], [ -7.999809112700405, 42.848860048052757 ], [ -8.032834015977073, 42.836456483280074 ], [ -8.049214631949724, 42.834533875737748 ], [ -8.174447790832915, 42.853012880739811 ], [ -8.192190711532135, 42.847618593323375 ], [ -8.204627235558462, 42.834292176642634 ], [ -8.209944618349482, 42.830699646771279 ], [ -8.2207112209461, 42.829040711459641 ], [ -8.252066201893683, 42.836302674928504 ], [ -8.262294473910856, 42.833764833080579 ], [ -8.289661418439721, 42.820031921935652 ], [ -8.298835002433407, 42.821635925757334 ], [ -8.304361125965215, 42.82829364103867 ], [ -8.308953411470782, 42.836786073118731 ], [ -8.315314495267728, 42.843938172708476 ], [ -8.321752484589524, 42.846113466363363 ], [ -8.32932206476147, 42.845717958017303 ], [ -8.335957806907288, 42.842674744843578 ], [ -8.339616254386613, 42.836939881470357 ], [ -8.3393196238016, 42.831666444051109 ], [ -8.333848431759748, 42.812956726971322 ], [ -8.33343095117749, 42.801421081717535 ], [ -8.335913861535516, 42.791423522677405 ], [ -8.342220013842564, 42.783985778620774 ], [ -8.353327192396023, 42.780151549654249 ], [ -8.392032027556013, 42.789489929017009 ], [ -8.42164018334779, 42.756761656325352 ], [ -8.445370652633528, 42.744292173045324 ], [ -8.458290575749459, 42.742018003428086 ], [ -8.472342089715653, 42.74324847203934 ], [ -8.502334766836043, 42.75606951739428 ], [ -8.578052542590797, 42.745874204630809 ], [ -8.594125541860251, 42.738436459674858 ], [ -8.599662650610867, 42.732086361995982 ], [ -8.601651176660482, 42.726296567132863 ], [ -8.602024711870968, 42.722165707581325 ], [ -8.603474907341081, 42.719419124992612 ], [ -8.608748344760329, 42.717804135052745 ], [ -8.645431695516322, 42.725516537458191 ], [ -8.716337459805914, 42.706455257404173 ], [ -8.730946417999917, 42.688421942000048 ], [ -8.737172003999945, 42.688421942000048 ] ] ] } },
{ "type": "Feature", "properties": { "name": "Lugo", "admin": "Spain", "region": "Galicia" }, "geometry": { "type": "Polygon", "coordinates": [ [ [ -7.691558397999927, 43.727240302000041 ], [ -7.683990037999934, 43.728705145000049 ], [ -7.675160285999937, 43.731634833000044 ], [ -7.673573370999918, 43.734361070000034 ], [ -7.67414303299995, 43.739203192000048 ], [ -7.672474738999938, 43.743841864000046 ], [ -7.664621548999946, 43.745917059000078 ], [ -7.658029751999948, 43.746527411000045 ], [ -7.641021287999934, 43.752671617000033 ], [ -7.637603318999936, 43.739081122000073 ], [ -7.613026495999918, 43.704291083000044 ], [ -7.615956183999913, 43.688544012000079 ], [ -7.607167120999918, 43.691107489000046 ], [ -7.594593878999945, 43.703680731000077 ], [ -7.586415167999917, 43.717962958000044 ], [ -7.574289516999954, 43.714544989000046 ], [ -7.565419074999909, 43.719794012000079 ], [ -7.555775519999941, 43.727606512000079 ], [ -7.541411912999934, 43.731634833000044 ], [ -7.502023891999954, 43.728338934000078 ], [ -7.490142381999931, 43.725327867000033 ], [ -7.407622850999928, 43.691229559000078 ], [ -7.367054816999939, 43.680080471000053 ], [ -7.304107225999928, 43.598578192000048 ], [ -7.256743943999936, 43.581610419000071 ], [ -7.260161912999934, 43.577500718000067 ], [ -7.262277798999946, 43.574286200000074 ], [ -7.265126105999911, 43.571478583000044 ], [ -7.271066860999952, 43.568630276000079 ], [ -7.271066860999952, 43.561143296000068 ], [ -7.257720506999931, 43.556667385000083 ], [ -7.249623175999943, 43.559393622000073 ], [ -7.242014126999948, 43.564805406000062 ], [ -7.230091925999943, 43.568630276000079 ], [ -7.215443488999938, 43.56867096600007 ], [ -7.194894985999952, 43.563503322000088 ], [ -7.156971808999913, 43.559271552000041 ], [ -7.095855272999927, 43.560980536000045 ], [ -7.079335089999915, 43.568630276000079 ], [ -7.061594204999949, 43.561590887000079 ], [ -7.044300910999937, 43.559393622000073 ], [ -7.032338019999941, 43.553005276000079 ], [ -7.030873175999943, 43.533229885000083 ], [ -7.03774980399993, 43.522243557000081 ], [ -7.048410610999952, 43.510443427000041 ], [ -7.053618943999936, 43.496527411000045 ], [ -7.046922738074349, 43.48367793486463 ], [ -7.048892380778739, 43.477889105797544 ], [ -7.05052018875574, 43.476338813085704 ], [ -7.081138474760792, 43.45605581302533 ], [ -7.095013596600211, 43.440061956793841 ], [ -7.105116340346854, 43.433059801168838 ], [ -7.11273861269683, 43.429339098120863 ], [ -7.119947475695483, 43.428693142074849 ], [ -7.127440557735554, 43.428822333284018 ], [ -7.137620814948662, 43.431457830714294 ], [ -7.148550380995289, 43.431457830714294 ], [ -7.160901047645268, 43.429132392545853 ], [ -7.166869676294539, 43.423396307893256 ], [ -7.168807541734679, 43.416781724996611 ], [ -7.171623908116885, 43.39611115220788 ], [ -7.170125291349109, 43.390840156448064 ], [ -7.166947190660323, 43.386215114935567 ], [ -7.15358883275843, 43.381383367848116 ], [ -7.13661312459601, 43.382106839159292 ], [ -7.130050217643429, 43.378618679208671 ], [ -7.126045294654659, 43.372701728302104 ], [ -7.125270148298739, 43.365208645362657 ], [ -7.125476853873693, 43.35719879848574 ], [ -7.124805060305277, 43.348207098778573 ], [ -7.121601121194772, 43.336786607216141 ], [ -7.115348272604706, 43.326554674058912 ], [ -7.108371955401424, 43.3190357526978 ], [ -7.094884406290305, 43.308674628331403 ], [ -7.086486985785768, 43.307020981932737 ], [ -7.078347947699626, 43.303093574209072 ], [ -7.071268275910199, 43.297719224762375 ], [ -7.062793341039878, 43.25487946241725 ], [ -7.056798874868207, 43.244647529260021 ], [ -7.050959438327425, 43.2373094750522 ], [ -7.043414679443913, 43.231676744086428 ], [ -7.021348842674968, 43.218757635756276 ], [ -7.013597378216446, 43.217362371776005 ], [ -7.006956955998703, 43.217000637469425 ], [ -6.995898199642227, 43.206045233900397 ], [ -6.979956021153441, 43.20010244457211 ], [ -6.9718428205897, 43.198422959751781 ], [ -6.965564133577914, 43.195012315066265 ], [ -6.965176560849613, 43.189612128097224 ], [ -6.965848355317348, 43.183255926719596 ], [ -6.972669643789061, 43.168864040942708 ], [ -6.97378068692916, 43.159226386088847 ], [ -6.97091264460289, 43.151733303149399 ], [ -6.965693324787139, 43.144601956315228 ], [ -6.959285448364767, 43.13884003414023 ], [ -6.951533983006925, 43.134576727833689 ], [ -6.943420783342503, 43.132613023072508 ], [ -6.926651780755094, 43.13803904936259 ], [ -6.907919074305823, 43.146410631445463 ], [ -6.898462286605252, 43.149123644140843 ], [ -6.891175910140134, 43.153180243073734 ], [ -6.886266648686899, 43.158399562889485 ], [ -6.884251267981654, 43.164678249901272 ], [ -6.879962124152712, 43.170595200807838 ], [ -6.873812629249471, 43.174625963117705 ], [ -6.866293707888303, 43.17529775668612 ], [ -6.857379523446241, 43.169251614570328 ], [ -6.847586838961433, 43.159226386088847 ], [ -6.832161424410231, 43.139899400436946 ], [ -6.829603441345739, 43.128866482502133 ], [ -6.83154130678588, 43.120159002735761 ], [ -6.868980882161964, 43.09530263890565 ], [ -6.877223273035611, 43.091788642331949 ], [ -6.91324174600976, 43.080574856344526 ], [ -6.922595180922883, 43.080109768351122 ], [ -6.93272376129255, 43.080988268393867 ], [ -6.939390021032636, 43.079593004413596 ], [ -6.945203620051018, 43.076724962087326 ], [ -6.948846807833945, 43.072074083052485 ], [ -6.95217993815362, 43.066208808089982 ], [ -6.955203009211516, 43.059465033984111 ], [ -6.958251918691076, 43.049801540708529 ], [ -6.963445400085163, 43.042592677709877 ], [ -6.971222702965406, 43.03861359314277 ], [ -6.979568446626502, 43.036624049959926 ], [ -6.98613135357914, 43.030216173537553 ], [ -6.98845679444554, 43.01933828433431 ], [ -6.983314988995573, 43.007969468715999 ], [ -6.975847743578527, 42.998305976339736 ], [ -6.966390956777218, 42.994275214029869 ], [ -6.961972621739108, 42.99567047801014 ], [ -6.957683477910166, 42.99794424113378 ], [ -6.955978155567436, 42.99988210747324 ], [ -6.954892950849, 43.001587428916707 ], [ -6.95373023086546, 43.004920559236382 ], [ -6.953575202133891, 43.023782456894821 ], [ -6.951327277431915, 43.025126044031708 ], [ -6.945203620051018, 43.024609280094182 ], [ -6.924481370418903, 43.002388413694291 ], [ -6.922000901720253, 43.000192165835756 ], [ -6.913706834003222, 42.994740302023274 ], [ -6.905852016757194, 42.992078966171334 ], [ -6.896395229955885, 42.990709539713464 ], [ -6.877378301767237, 42.991277981393694 ], [ -6.868851690952795, 42.988668321485818 ], [ -6.845648972621973, 42.971408393382603 ], [ -6.836889817810857, 42.962700914515551 ], [ -6.83366004117795, 42.952365628570874 ], [ -6.82828569173131, 42.914796861086245 ], [ -6.837096523385867, 42.905572618281667 ], [ -6.839086065669392, 42.896658433839605 ], [ -6.843556076651623, 42.889087836534429 ], [ -6.860480108869922, 42.874463405861491 ], [ -6.862262945578493, 42.862035223946407 ], [ -6.85407223064891, 42.83759227126626 ], [ -6.85389136439494, 42.829427394758454 ], [ -6.857534552177867, 42.81813609530451 ], [ -6.863348151196249, 42.808446764506527 ], [ -6.895620082700646, 42.780644843085042 ], [ -6.918047654675547, 42.757312934444371 ], [ -6.928589647094554, 42.750052395501655 ], [ -6.938718228363541, 42.746590073972698 ], [ -6.947606574383883, 42.747339381906954 ], [ -6.955745611570705, 42.749122219514788 ], [ -6.965693324787139, 42.747029324443758 ], [ -6.988379279180378, 42.73010529222546 ], [ -7.016956346058521, 42.720855210999161 ], [ -7.021245489887463, 42.718064683937996 ], [ -7.032795172659121, 42.706256618747943 ], [ -7.037652757268916, 42.698169257505185 ], [ -7.039693976395881, 42.689125881853954 ], [ -7.036179978922917, 42.67592255358295 ], [ -7.03023718869531, 42.667189236294178 ], [ -7.023364224279533, 42.659980374194902 ], [ -7.016749639584191, 42.654270127964026 ], [ -7.013907436578961, 42.647629705746283 ], [ -7.014295010206581, 42.641325182111416 ], [ -7.023183356226923, 42.63543406782793 ], [ -7.032252570299875, 42.631558336048329 ], [ -7.039900681970892, 42.625563869876657 ], [ -7.044344855430722, 42.617088935006336 ], [ -7.042019416362962, 42.589106147330824 ], [ -7.042794561819562, 42.577608141402607 ], [ -7.060106166766218, 42.548617662475124 ], [ -7.062509121099083, 42.540659492441591 ], [ -7.061966518739837, 42.522004299458843 ], [ -7.071035731913526, 42.503452460162862 ], [ -7.103214839892928, 42.457823656436574 ], [ -7.138887448896639, 42.440388353339813 ], [ -7.150829587715293, 42.427226731128712 ], [ -7.202630127478415, 42.325526287807918 ], [ -7.25572705256144, 42.406220871296171 ], [ -7.269317141472925, 42.414691330240657 ], [ -7.320227787682256, 42.425007493001374 ], [ -7.361986823033476, 42.419536300959521 ], [ -7.369743170810693, 42.421272140896576 ], [ -7.406371590076844, 42.444321458268689 ], [ -7.418280769641797, 42.433170335242778 ], [ -7.520871105617061, 42.395003829762913 ], [ -7.577066176263031, 42.407660080648157 ], [ -7.617342056890436, 42.402090011744633 ], [ -7.715406025867424, 42.451143968918984 ], [ -7.751089620989205, 42.452132738435125 ], [ -7.75272658316527, 42.451132981901594 ], [ -7.781543723164305, 42.47207292412611 ], [ -7.861502222349714, 42.503977222670642 ], [ -7.896845241514711, 42.50569108947218 ], [ -7.892648464355148, 42.536518727757084 ], [ -7.894417262646584, 42.546362478445587 ], [ -7.90067947048118, 42.556491872701713 ], [ -7.930803982817565, 42.578453543696071 ], [ -7.893000026430059, 42.635307794019468 ], [ -7.89092361053622, 42.667629572246938 ], [ -7.887331080664865, 42.678275324846368 ], [ -7.868247828374592, 42.698160579946773 ], [ -7.868148951512921, 42.713211849547179 ], [ -7.880409694052162, 42.722011899229756 ], [ -7.912281033343049, 42.729856137750517 ], [ -7.932254178287678, 42.739952573652317 ], [ -7.978517607501601, 42.781151305288461 ], [ -7.981571806793454, 42.795081970156787 ], [ -7.96445510741728, 42.842356142022311 ], [ -7.999809112700405, 42.848860048052757 ], [ -7.97526565448635, 42.883049502332653 ], [ -7.965982206613546, 42.889048037936561 ], [ -7.944844510665632, 42.897309757039636 ], [ -7.935626981300175, 42.903429141741469 ], [ -7.911775662017192, 42.936728704266272 ], [ -7.906601101459671, 42.961909369022123 ], [ -7.906414333854457, 42.987639350475604 ], [ -7.934846951625502, 43.051843454112088 ], [ -7.935385282205004, 43.065158884674759 ], [ -7.931726834725623, 43.076331980836244 ], [ -7.927024686240259, 43.08414326010336 ], [ -7.924684598115732, 43.092174266229392 ], [ -7.961356962753655, 43.189952590739438 ], [ -7.928397977084956, 43.25516743702758 ], [ -7.927552029802314, 43.264494829372836 ], [ -7.930408475370825, 43.271042681674373 ], [ -7.934605252530389, 43.277129107122562 ], [ -7.93776931570136, 43.285050250268796 ], [ -7.936758573049701, 43.293202106392073 ], [ -7.931660916218334, 43.299925739281434 ], [ -7.89650466555787, 43.330105184007039 ], [ -7.889308619697033, 43.341454060756291 ], [ -7.882090602499318, 43.407525841344466 ], [ -7.836134789988591, 43.401911827069114 ], [ -7.824610130852875, 43.406592003318281 ], [ -7.817205346049889, 43.415029503009123 ], [ -7.807284690735912, 43.437397668467611 ], [ -7.780170432319608, 43.449054162819323 ], [ -7.746013937293355, 43.521300259599286 ], [ -7.744805440918356, 43.526321011805237 ], [ -7.746662129953336, 43.53058370747209 ], [ -7.758340597440622, 43.545525114092698 ], [ -7.758428488184165, 43.554753629576339 ], [ -7.753792257306827, 43.563410857025417 ], [ -7.729973897277546, 43.581505339799548 ], [ -7.726590108146979, 43.586482146633728 ], [ -7.725337666400208, 43.59757833816974 ], [ -7.728919209254116, 43.615705780197572 ], [ -7.723634785716797, 43.625802216998693 ], [ -7.690950458396969, 43.653927218066656 ], [ -7.709473407871485, 43.674175021360099 ], [ -7.696156379213562, 43.73151276160462 ], [ -7.691558397999927, 43.727240302000041 ] ] ] } },
{ "type": "Feature", "properties": { "name": "Asturias", "admin": "Spain", "region": "Asturias" }, "geometry": { "type": "Polygon", "coordinates": [ [ [ -7.044585740999935, 43.479193427000041 ], [ -7.043853318999936, 43.479193427000041 ], [ -7.038319464999915, 43.479193427000041 ], [ -7.032704230999911, 43.495469468000067 ], [ -7.02953040299991, 43.512152411000045 ], [ -7.02375240799995, 43.525824286000045 ], [ -7.010365363999938, 43.533229885000083 ], [ -7.001372850999928, 43.556667385000083 ], [ -6.943959113999938, 43.565985419000071 ], [ -6.84593665299991, 43.568630276000079 ], [ -6.83071855399993, 43.565130927000041 ], [ -6.770822719999956, 43.568630276000079 ], [ -6.729644334999932, 43.559759833000044 ], [ -6.703724738999938, 43.557562567000048 ], [ -6.64867102799991, 43.579046942000048 ], [ -6.597727016999954, 43.575222072000088 ], [ -6.546620245999918, 43.561835028000075 ], [ -6.510121222999942, 43.547471421000068 ], [ -6.499663865999935, 43.553086656000062 ], [ -6.488270636999914, 43.555121161000045 ], [ -6.462961391999954, 43.554958401000079 ], [ -6.464751756999931, 43.55967845300006 ], [ -6.467274542999917, 43.570868231000077 ], [ -6.469105597999942, 43.575384833000044 ], [ -6.45531165299991, 43.57335032800006 ], [ -6.431792772999927, 43.563421942000048 ], [ -6.417632615999935, 43.561143296000068 ], [ -6.366118943999936, 43.568630276000079 ], [ -6.314605272999927, 43.568630276000079 ], [ -6.300038214999915, 43.57062409100007 ], [ -6.273915167999917, 43.57961660400008 ], [ -6.249989386999914, 43.584051825000074 ], [ -6.243885870999918, 43.58930084800005 ], [ -6.236398891999954, 43.594305731000077 ], [ -6.222767706999946, 43.595892645000049 ], [ -6.190988735999952, 43.578558661000045 ], [ -6.17804928299995, 43.575384833000044 ], [ -6.100412563999953, 43.569199937000064 ], [ -6.084950324999909, 43.575384833000044 ], [ -6.069162563999953, 43.569688218000067 ], [ -6.054188605999911, 43.574571031000062 ], [ -6.039214647999927, 43.58311595300006 ], [ -6.023508266999954, 43.588446356000077 ], [ -5.907378709999932, 43.588446356000077 ], [ -5.902170376999948, 43.59752024900007 ], [ -5.90884355399993, 43.60492584800005 ], [ -5.913075324999909, 43.612860419000071 ], [ -5.90062415299991, 43.623236395000049 ], [ -5.90257727799991, 43.62649160400008 ], [ -5.905344204999949, 43.633815822000088 ], [ -5.907378709999932, 43.636826890000066 ], [ -5.875152147999927, 43.636786200000074 ], [ -5.86351477799991, 43.641424872000073 ], [ -5.859038865999935, 43.653631903000075 ], [ -5.85220292899993, 43.662949937000064 ], [ -5.836333787999934, 43.662217515000066 ], [ -5.803822394999941, 43.650498765000066 ], [ -5.782338019999941, 43.63703034100007 ], [ -5.727406378999945, 43.589544989000046 ], [ -5.708851691999939, 43.568630276000079 ], [ -5.701975063999953, 43.568630276000079 ], [ -5.696766730999911, 43.582831122000073 ], [ -5.689198370999918, 43.578558661000045 ], [ -5.677479620999918, 43.561143296000068 ], [ -5.625599738999938, 43.554958401000079 ], [ -5.424224412999934, 43.561143296000068 ], [ -5.393869594999956, 43.555243231000077 ], [ -5.390736456999946, 43.54132721600007 ], [ -5.403553839999915, 43.525417385000083 ], [ -5.420806443999936, 43.513373114000046 ], [ -5.413929816999939, 43.506537177000041 ], [ -5.403675910999937, 43.511094468000067 ], [ -5.382639126999948, 43.516384182000081 ], [ -5.372425910999937, 43.520209052000041 ], [ -5.365101691999939, 43.526719468000067 ], [ -5.362212693999936, 43.533392645000049 ], [ -5.356800910999937, 43.53860097900008 ], [ -5.341949022999927, 43.540635484000063 ], [ -5.299875454999949, 43.537665106000077 ], [ -5.284006313999953, 43.533474026000079 ], [ -5.211903449999909, 43.49835846600007 ], [ -5.177886522999927, 43.48936595300006 ], [ -5.091664191999939, 43.486273505000042 ], [ -5.067697719999956, 43.481390692000048 ], [ -5.057036912999934, 43.46861399900007 ], [ -5.045033331999946, 43.474310614000046 ], [ -4.975168423999946, 43.458766994000086 ], [ -4.96711178299995, 43.460882880000042 ], [ -4.952544725999928, 43.470078843000067 ], [ -4.941029425999943, 43.471747137000079 ], [ -4.930246548999946, 43.469509182000081 ], [ -4.907622850999928, 43.460638739000046 ], [ -4.836537238999938, 43.449774481000077 ], [ -4.754994269999941, 43.421657619000086 ], [ -4.734934048999946, 43.41710032800006 ], [ -4.513830313924713, 43.402834267007492 ], [ -4.514370083412643, 43.39649872493618 ], [ -4.513259040272487, 43.384354762961891 ], [ -4.521966519139539, 43.370634670753418 ], [ -4.534446376998687, 43.354614976999585 ], [ -4.537314419325014, 43.348310452465398 ], [ -4.535144008988823, 43.342264309450286 ], [ -4.530880702682282, 43.338233548039796 ], [ -4.521863166352034, 43.319965929583987 ], [ -4.518710903185649, 43.305987454057743 ], [ -4.520364548684995, 43.296220607994655 ], [ -4.5235426502731, 43.287900701855904 ], [ -4.529821336385567, 43.281699531008542 ], [ -4.537159389694068, 43.27720368070527 ], [ -4.545169236571041, 43.275808416725056 ], [ -4.551163702742713, 43.279167385466451 ], [ -4.556796433708485, 43.290562039506483 ], [ -4.563540207814356, 43.29420522728941 ], [ -4.581885342434589, 43.297357490455795 ], [ -4.592608202006943, 43.298158474334116 ], [ -4.602220018439084, 43.29684072471963 ], [ -4.617412888993613, 43.289864407516347 ], [ -4.624285855208086, 43.284128322863808 ], [ -4.628704189346877, 43.2785472678421 ], [ -4.633690965165897, 43.275705063937551 ], [ -4.643173591288189, 43.272191067363849 ], [ -4.663947515965106, 43.270744127439514 ], [ -4.673636846763088, 43.271105861746094 ], [ -4.682783576101144, 43.272501125726365 ], [ -4.693118862045878, 43.271881008102014 ], [ -4.703609177621445, 43.269503893090189 ], [ -4.715675625229949, 43.264697984424402 ], [ -4.721540900192394, 43.25870351825273 ], [ -4.723633796162744, 43.25198558256858 ], [ -4.721127489042374, 43.238239651039066 ], [ -4.723246221635804, 43.231392524145633 ], [ -4.724641485616075, 43.224493720408873 ], [ -4.72531328008381, 43.216432196688515 ], [ -4.727948778413406, 43.207750556243127 ], [ -4.734537522888388, 43.196898505461661 ], [ -4.74267656097453, 43.192144272739995 ], [ -4.751849127834987, 43.191937568064304 ], [ -4.770917731068437, 43.19493480070048 ], [ -4.780400356291409, 43.193617051985314 ], [ -4.790012172723607, 43.191110744864943 ], [ -4.819726121163569, 43.187596747391979 ], [ -4.831870083137858, 43.188681952110358 ], [ -4.859413621241629, 43.223408514791117 ], [ -4.878998989311924, 43.235164903137729 ], [ -4.888584967322402, 43.23751618152653 ], [ -4.898377650907889, 43.238549710300845 ], [ -4.908480393755156, 43.2373094750522 ], [ -4.961474574891724, 43.216225491113505 ], [ -4.977158371861378, 43.205580145906993 ], [ -5.008293422703332, 43.192919419995235 ], [ -5.045888026810985, 43.185271308324218 ], [ -5.062889574294445, 43.178760077315701 ], [ -5.072113817098966, 43.172455552781514 ], [ -5.0824491030437, 43.158037828582906 ], [ -5.086195645412715, 43.151449083208604 ], [ -5.08818518679692, 43.144188544265887 ], [ -5.095471564161357, 43.128323880142943 ], [ -5.102835455891579, 43.11953888601073 ], [ -5.118131680132933, 43.108583482441759 ], [ -5.129836391636161, 43.107188219360808 ], [ -5.140016648849269, 43.109591172794353 ], [ -5.150403611637387, 43.114164537463409 ], [ -5.159550340076123, 43.113182685532479 ], [ -5.212001918853503, 43.09395905176882 ], [ -5.307474128028616, 43.085484116898442 ], [ -5.361036749946038, 43.091530259913554 ], [ -5.374007534220311, 43.089669907939879 ], [ -5.382844204296589, 43.085329088166873 ], [ -5.389898036764976, 43.063780016234716 ], [ -5.398502162844522, 43.056493638870336 ], [ -5.408062303332656, 43.053573919700625 ], [ -5.418759325382553, 43.051868598257158 ], [ -5.473381312697427, 43.051119290322958 ], [ -5.478626470934898, 43.046235867291443 ], [ -5.481391159574343, 43.039905504335536 ], [ -5.485835333933551, 43.033549302957965 ], [ -5.490770432909187, 43.028640042403993 ], [ -5.498754442263703, 43.027864895148753 ], [ -5.517306280660307, 43.029053453554013 ], [ -5.540999925406254, 43.021792913711977 ], [ -5.551567756246982, 43.021017768255376 ], [ -5.561696335717329, 43.022955633695517 ], [ -5.570765549790281, 43.026521308011922 ], [ -5.578982103141527, 43.031172187046764 ], [ -5.600815395913799, 43.034686184519785 ], [ -5.615439825687417, 43.03458283083296 ], [ -5.637092251306342, 43.037993476417796 ], [ -5.665152554247015, 43.048277086418352 ], [ -5.679932012752204, 43.049646511077583 ], [ -5.705175951109254, 43.048793850355878 ], [ -5.719541999363798, 43.045124824151287 ], [ -5.729980638095981, 43.040577297903951 ], [ -5.735174118590692, 43.034479478944775 ], [ -5.738662279440632, 43.028200791932989 ], [ -5.7438557599354, 43.021947944242186 ], [ -5.750599534940591, 43.016134345223804 ], [ -5.755327928341217, 43.010088202208749 ], [ -5.758170132245823, 43.004248766567287 ], [ -5.759151984176754, 43.001458237707482 ], [ -5.759797939323448, 42.998667711545636 ], [ -5.762278408022098, 42.99316417088977 ], [ -5.766309170331965, 42.987660631133224 ], [ -5.769926519693115, 42.981614488118112 ], [ -5.778685675403608, 42.97466400843723 ], [ -5.789279343766736, 42.972364406891813 ], [ -5.804833950426485, 42.9706074077057 ], [ -5.84483150886706, 42.971692613323398 ], [ -5.854856737348541, 42.97427643480961 ], [ -5.86294409769198, 42.977945461913521 ], [ -5.889014858349015, 42.985645250427922 ], [ -5.893717414227297, 42.989986070200928 ], [ -5.904853684949614, 42.992699082896308 ], [ -5.918651292423192, 42.998796901855485 ], [ -5.930924444707387, 43.006522528791663 ], [ -5.954669766296661, 43.01758128514814 ], [ -5.960405850049938, 43.023394884166521 ], [ -5.964591641091374, 43.030035305484944 ], [ -5.96761471214927, 43.03706330043093 ], [ -5.971257899932141, 43.051403510263754 ], [ -5.976373866960387, 43.05768219727554 ], [ -5.987794359422139, 43.062333076310381 ], [ -6.016758999028582, 43.05732046206964 ], [ -6.029988165721306, 43.05788890195123 ], [ -6.079106615078217, 43.065097764949883 ], [ -6.088330857882795, 43.062100532313707 ], [ -6.091276413675587, 43.056493638870336 ], [ -6.092723355398562, 43.049517319868414 ], [ -6.095746425557081, 43.041895047518381 ], [ -6.102386846875504, 43.03478953730729 ], [ -6.122023891789183, 43.027916571992193 ], [ -6.135511440000982, 43.027115587214553 ], [ -6.148068813125235, 43.029570217491539 ], [ -6.175457323396756, 43.03783844678685 ], [ -6.199745246445957, 43.041042384998036 ], [ -6.212793545086072, 43.038871975561221 ], [ -6.218968879310353, 43.03360097890203 ], [ -6.221681891106414, 43.020087592268567 ], [ -6.226281094197134, 43.015436713233726 ], [ -6.234445969805677, 43.01435150851529 ], [ -6.253592088304231, 43.01799469719748 ], [ -6.297284512270437, 43.033962714107929 ], [ -6.310384486854616, 43.03360097890203 ], [ -6.329814826193285, 43.03786428520857 ], [ -6.337928025857707, 43.043445340230221 ], [ -6.34728145987151, 43.048096218365743 ], [ -6.364851447236504, 43.051429347786154 ], [ -6.392756719646911, 43.042205104981576 ], [ -6.398725348296182, 43.03517711003559 ], [ -6.401877610563304, 43.028640042403993 ], [ -6.408724738356, 43.022154648917876 ], [ -6.413659837331636, 43.016496080429761 ], [ -6.414745042050072, 43.010294907783759 ], [ -6.414745042050072, 43.004868883292318 ], [ -6.418698289094777, 43.000528063519312 ], [ -6.426139696090104, 42.99758250592788 ], [ -6.446939460088004, 42.99277659816147 ], [ -6.475568202910267, 42.991846422174604 ], [ -6.480270757889173, 42.987867336708177 ], [ -6.481226772297703, 42.982389635373352 ], [ -6.476317510844467, 42.976860257195085 ], [ -6.468204312079365, 42.973139553247734 ], [ -6.4503501038742, 42.968126939006993 ], [ -6.444071417761734, 42.963992824808997 ], [ -6.444846564117654, 42.957714137797211 ], [ -6.44903235515909, 42.951073717378108 ], [ -6.501561449201517, 42.929705511699979 ], [ -6.515798306246836, 42.928697822246704 ], [ -6.551222500018355, 42.917845771465181 ], [ -6.562100389221598, 42.916657213059921 ], [ -6.608454149039744, 42.919602769751975 ], [ -6.614732835152211, 42.923271795956623 ], [ -6.622975226025858, 42.925442206292757 ], [ -6.635739304725121, 42.927302558266433 ], [ -6.682506475693287, 42.926889146217093 ], [ -6.701109991832652, 42.924512031205268 ], [ -6.719429287131902, 42.920222887376326 ], [ -6.72979041239762, 42.91526194907965 ], [ -6.737619391221926, 42.909525865326373 ], [ -6.744363166227174, 42.903092149583017 ], [ -6.752373013104091, 42.897433580195525 ], [ -6.763483446304008, 42.892834378004125 ], [ -6.770873174657311, 42.89407461235345 ], [ -6.777229376934201, 42.904099839935668 ], [ -6.79531612823672, 42.91086945246326 ], [ -6.82828569173131, 42.914796861086245 ], [ -6.83366004117795, 42.952365628570874 ], [ -6.836889817810857, 42.962700914515551 ], [ -6.845648972621973, 42.971408393382603 ], [ -6.868851690952795, 42.988668321485818 ], [ -6.877378301767237, 42.991277981393694 ], [ -6.896395229955885, 42.990709539713464 ], [ -6.905852016757194, 42.992078966171334 ], [ -6.913706834003222, 42.994740302023274 ], [ -6.922000901720253, 43.000192165835756 ], [ -6.924481370418903, 43.002388413694291 ], [ -6.945203620051018, 43.024609280094182 ], [ -6.951327277431915, 43.025126044031708 ], [ -6.953575202133891, 43.023782456894821 ], [ -6.95373023086546, 43.004920559236382 ], [ -6.954892950849, 43.001587428916707 ], [ -6.955978155567436, 42.99988210747324 ], [ -6.957683477910166, 42.99794424113378 ], [ -6.961972621739108, 42.99567047801014 ], [ -6.966390956777218, 42.994275214029869 ], [ -6.975847743578527, 42.998305976339736 ], [ -6.983314988995573, 43.007969468715999 ], [ -6.98845679444554, 43.01933828433431 ], [ -6.98613135357914, 43.030216173537553 ], [ -6.979568446626502, 43.036624049959926 ], [ -6.971222702965406, 43.03861359314277 ], [ -6.963445400085163, 43.042592677709877 ], [ -6.958251918691076, 43.049801540708529 ], [ -6.955203009211516, 43.059465033984111 ], [ -6.95217993815362, 43.066208808089982 ], [ -6.948846807833945, 43.072074083052485 ], [ -6.945203620051018, 43.076724962087326 ], [ -6.939390021032636, 43.079593004413596 ], [ -6.93272376129255, 43.080988268393867 ], [ -6.922595180922883, 43.080109768351122 ], [ -6.91324174600976, 43.080574856344526 ], [ -6.877223273035611, 43.091788642331949 ], [ -6.868980882161964, 43.09530263890565 ], [ -6.83154130678588, 43.120159002735761 ], [ -6.829603441345739, 43.128866482502133 ], [ -6.832161424410231, 43.139899400436946 ], [ -6.847586838961433, 43.159226386088847 ], [ -6.857379523446241, 43.169251614570328 ], [ -6.866293707888303, 43.17529775668612 ], [ -6.873812629249471, 43.174625963117705 ], [ -6.879962124152712, 43.170595200807838 ], [ -6.884251267981654, 43.164678249901272 ], [ -6.886266648686899, 43.158399562889485 ], [ -6.891175910140134, 43.153180243073734 ], [ -6.898462286605252, 43.149123644140843 ], [ -6.907919074305823, 43.146410631445463 ], [ -6.926651780755094, 43.13803904936259 ], [ -6.943420783342503, 43.132613023072508 ], [ -6.951533983006925, 43.134576727833689 ], [ -6.959285448364767, 43.13884003414023 ], [ -6.965693324787139, 43.144601956315228 ], [ -6.97091264460289, 43.151733303149399 ], [ -6.97378068692916, 43.159226386088847 ], [ -6.972669643789061, 43.168864040942708 ], [ -6.965848355317348, 43.183255926719596 ], [ -6.965176560849613, 43.189612128097224 ], [ -6.965564133577914, 43.195012315066265 ], [ -6.9718428205897, 43.198422959751781 ], [ -6.979956021153441, 43.20010244457211 ], [ -6.995898199642227, 43.206045233900397 ], [ -7.006956955998703, 43.217000637469425 ], [ -7.013597378216446, 43.217362371776005 ], [ -7.021348842674968, 43.218757635756276 ], [ -7.043414679443913, 43.231676744086428 ], [ -7.050959438327425, 43.2373094750522 ], [ -7.056798874868207, 43.244647529260021 ], [ -7.062793341039878, 43.25487946241725 ], [ -7.071268275910199, 43.297719224762375 ], [ -7.078347947699626, 43.303093574209072 ], [ -7.086486985785768, 43.307020981932737 ], [ -7.094884406290305, 43.308674628331403 ], [ -7.108371955401424, 43.3190357526978 ], [ -7.115348272604706, 43.326554674058912 ], [ -7.121601121194772, 43.336786607216141 ], [ -7.124805060305277, 43.348207098778573 ], [ -7.125476853873693, 43.35719879848574 ], [ -7.125270148298739, 43.365208645362657 ], [ -7.126045294654659, 43.372701728302104 ], [ -7.130050217643429, 43.378618679208671 ], [ -7.13661312459601, 43.382106839159292 ], [ -7.15358883275843, 43.381383367848116 ], [ -7.166947190660323, 43.386215114935567 ], [ -7.170125291349109, 43.390840156448064 ], [ -7.171623908116885, 43.39611115220788 ], [ -7.168807541734679, 43.416781724996611 ], [ -7.166869676294539, 43.423396307893256 ], [ -7.160901047645268, 43.429132392545853 ], [ -7.148550380995289, 43.431457830714294 ], [ -7.137620814948662, 43.431457830714294 ], [ -7.127440557735554, 43.428822333284018 ], [ -7.119947475695483, 43.428693142074849 ], [ -7.11273861269683, 43.429339098120863 ], [ -7.105116340346854, 43.433059801168838 ], [ -7.095013596600211, 43.440061956793841 ], [ -7.081138474760792, 43.45605581302533 ], [ -7.05052018875574, 43.476338813085704 ], [ -7.048892380778739, 43.477889105797544 ], [ -7.046922738074349, 43.48367793486463 ], [ -7.044585740999935, 43.479193427000041 ] ] ] } },
{ "type": "Feature", "properties": { "name": "Cantabria", "admin": "Spain", "region": "Cantabria" }, "geometry": { "type": "MultiPolygon", "coordinates": [ [ [ [ -4.512318488999938, 43.402736721000053 ], [ -4.508168097999942, 43.402451890000066 ], [ -4.481678839999915, 43.383612372000073 ], [ -4.460804816999939, 43.398708401000079 ], [ -4.432525193999936, 43.402614651000079 ], [ -4.404896613999938, 43.396999416000085 ], [ -4.385568813999953, 43.383612372000073 ], [ -4.379261847999942, 43.383612372000073 ], [ -4.368763800999943, 43.396185614000046 ], [ -4.359364386999914, 43.399684963000084 ], [ -4.31281490799995, 43.395778713000084 ], [ -4.188588019999941, 43.40538157800006 ], [ -4.160959438999953, 43.421169338000084 ], [ -4.097727016999954, 43.435614325000074 ], [ -4.073963995999918, 43.438259182000081 ], [ -4.029204881999931, 43.438259182000081 ], [ -4.023426886999914, 43.44094472900008 ], [ -4.022572394999941, 43.445746161000045 ], [ -4.020904100999928, 43.450384833000044 ], [ -4.012766079999949, 43.452500718000067 ], [ -4.005686001999948, 43.450791734000063 ], [ -3.981434699999909, 43.438259182000081 ], [ -3.976470506999931, 43.442938544000071 ], [ -3.971994594999956, 43.444159247000073 ], [ -3.967152472999942, 43.444199937000064 ], [ -3.961008266999954, 43.445095119000086 ], [ -3.965443488999938, 43.446844794000071 ], [ -3.974598761999914, 43.452500718000067 ], [ -3.974598761999914, 43.458766994000086 ], [ -3.940052863999938, 43.477118231000077 ], [ -3.922718878999945, 43.482611395000049 ], [ -3.906320766999954, 43.479193427000041 ], [ -3.893788214999915, 43.484890041000085 ], [ -3.89085852799991, 43.483710028000075 ], [ -3.885853644999941, 43.479193427000041 ], [ -3.856800910999937, 43.492377020000049 ], [ -3.826730923999946, 43.497015692000048 ], [ -3.797027147999927, 43.492743231000077 ], [ -3.769154425999943, 43.479193427000041 ], [ -3.812652147999927, 43.464870510000083 ], [ -3.830962693999936, 43.456000067000048 ], [ -3.844309048999946, 43.445095119000086 ], [ -3.833851691999939, 43.435899156000062 ], [ -3.829253709999932, 43.43313222900008 ], [ -3.823841925999943, 43.43077220300006 ], [ -3.827259894999941, 43.430039781000062 ], [ -3.829986131999931, 43.430121161000045 ], [ -3.831532355999911, 43.429063218000067 ], [ -3.831288214999915, 43.424587307000081 ], [ -3.820220506999931, 43.424261786000045 ], [ -3.81118730399993, 43.425482489000046 ], [ -3.796498175999943, 43.43077220300006 ], [ -3.789540167999917, 43.43585846600007 ], [ -3.776193813999953, 43.449652411000045 ], [ -3.772287563999953, 43.452500718000067 ], [ -3.763498501999948, 43.450262762000079 ], [ -3.75413977799991, 43.440497137000079 ], [ -3.744984503999945, 43.438259182000081 ], [ -3.740712042999917, 43.442328192000048 ], [ -3.743031378999945, 43.451361395000049 ], [ -3.748890753999945, 43.460720119000086 ], [ -3.755523240999935, 43.465521552000041 ], [ -3.755523240999935, 43.471747137000079 ], [ -3.741525844999956, 43.47024160400008 ], [ -3.735747850999928, 43.468817450000074 ], [ -3.728871222999942, 43.465521552000041 ], [ -3.727162238999938, 43.470526434000078 ], [ -3.725819464999915, 43.470526434000078 ], [ -3.721424933999913, 43.471747137000079 ], [ -3.728871222999942, 43.479193427000041 ], [ -3.717925584999932, 43.48273346600007 ], [ -3.688384568999936, 43.48423899900007 ], [ -3.676991339999915, 43.489447333000044 ], [ -3.667062954999949, 43.496649481000077 ], [ -3.656076626999948, 43.500677802000041 ], [ -3.579416469999956, 43.518255927000041 ], [ -3.554351365999935, 43.516913153000075 ], [ -3.556263800999943, 43.499701239000046 ], [ -3.539051886999914, 43.498968817000048 ], [ -3.52562415299991, 43.49164459800005 ], [ -3.514719204999949, 43.483221747000073 ], [ -3.505360480999911, 43.479193427000041 ], [ -3.436634894999941, 43.470485744000086 ], [ -3.431507941999939, 43.466864325000074 ], [ -3.428293423999946, 43.461737372000073 ], [ -3.427154100999928, 43.455633856000077 ], [ -3.428618943999936, 43.446844794000071 ], [ -3.432606574999909, 43.445420640000066 ], [ -3.438872850999928, 43.446559963000084 ], [ -3.447010870999918, 43.445095119000086 ], [ -3.451161261999914, 43.447699286000045 ], [ -3.460601365999935, 43.452215887000079 ], [ -3.470041469999956, 43.454169012000079 ], [ -3.474354620999918, 43.448797919000071 ], [ -3.477772589999915, 43.443060614000046 ], [ -3.485829230999911, 43.437567450000074 ], [ -3.501698370999918, 43.43077220300006 ], [ -3.481800910999937, 43.42804596600007 ], [ -3.470448370999918, 43.416774807000081 ], [ -3.461089647999927, 43.412461656000062 ], [ -3.447010870999918, 43.43077220300006 ], [ -3.43618730399993, 43.419012762000079 ], [ -3.422230597999942, 43.418076890000066 ], [ -3.392486131999931, 43.424587307000081 ], [ -3.378041144999941, 43.422552802000041 ], [ -3.33031165299991, 43.410345770000049 ], [ -3.268950975999928, 43.404120184000078 ], [ -3.223540818999936, 43.391628322000088 ], [ -3.210519985999952, 43.389837958000044 ], [ -3.200021938999953, 43.385524807000081 ], [ -3.176909959999932, 43.366237697000088 ], [ -3.150868292999917, 43.360215562000064 ], [ -3.150601676019186, 43.360154508954992 ], [ -3.150499843992634, 43.353684801012719 ], [ -3.149543829584104, 43.324435940566161 ], [ -3.153910487778774, 43.315030828809654 ], [ -3.160240850734681, 43.307796129187977 ], [ -3.203545701972587, 43.292293199371613 ], [ -3.212899135986333, 43.293197536936759 ], [ -3.23519751585269, 43.299088650320925 ], [ -3.261035731613731, 43.296763211253165 ], [ -3.322944098091682, 43.300096341572896 ], [ -3.33581152957845, 43.295290432007789 ], [ -3.347154506775098, 43.287590644392708 ], [ -3.430896165125944, 43.243458970854817 ], [ -3.441644863119961, 43.23330455206343 ], [ -3.445029670283077, 43.224235337990422 ], [ -3.441722378385066, 43.217310695831941 ], [ -3.440327114404795, 43.209869289735934 ], [ -3.44004289356468, 43.202143662799756 ], [ -3.441463995966672, 43.19514150717481 ], [ -3.440947231129826, 43.188061835385383 ], [ -3.43776913134036, 43.181137193226846 ], [ -3.433118252305519, 43.173980007071634 ], [ -3.425651006888472, 43.15312856712967 ], [ -3.423790655814116, 43.140622869949482 ], [ -3.452005988385679, 43.138865872561951 ], [ -3.4816682599822, 43.141863105198127 ], [ -3.500065069647235, 43.140700385214586 ], [ -3.519030320992556, 43.143775133115867 ], [ -3.546082932681202, 43.152999375920444 ], [ -3.574349941196829, 43.15865794530788 ], [ -3.603779669695996, 43.161758530731561 ], [ -3.612022060569643, 43.165324205048023 ], [ -3.627783371905082, 43.17431590385587 ], [ -3.636697557246464, 43.177054754972914 ], [ -3.647807990446438, 43.176176255829546 ], [ -3.662148200279205, 43.169303290514449 ], [ -3.682327846652811, 43.153386949548064 ], [ -3.706202357652671, 43.129719143223838 ], [ -3.721111009165725, 43.11804027014233 ], [ -3.732815720669009, 43.110857245565398 ], [ -3.751005824759034, 43.103338325103607 ], [ -3.766224534634603, 43.093442287831294 ], [ -3.775293747808234, 43.090393378351678 ], [ -3.784647182721301, 43.089101467158969 ], [ -3.813224249599443, 43.090858466345139 ], [ -3.823068610028315, 43.090341702407613 ], [ -3.831724412051983, 43.088377996747113 ], [ -3.838287319004564, 43.084657293699138 ], [ -3.83802893658617, 43.07602733009719 ], [ -3.83880408384141, 43.067087307233408 ], [ -3.842679815621011, 43.05732046206964 ], [ -3.854901291961085, 43.047656968794058 ], [ -3.864952357964967, 43.043471177752622 ], [ -3.88024858220632, 43.039905504335536 ], [ -3.896139084750985, 43.033187567752009 ], [ -3.916628791285689, 43.016496080429761 ], [ -3.934973924107339, 43.007633571931763 ], [ -3.943293830246091, 43.004972236079823 ], [ -3.951148646592799, 43.000631415407497 ], [ -3.952621425838117, 42.999236152326546 ], [ -3.960708787080875, 42.987428087136493 ], [ -3.983627284571526, 42.94032501938409 ], [ -3.985100062917581, 42.933141994807215 ], [ -3.984790004555066, 42.925829779920377 ], [ -3.98065589035707, 42.918491725712556 ], [ -3.974248013035378, 42.912161362756649 ], [ -3.965773078165057, 42.907252102202733 ], [ -3.956161260833539, 42.904564927929073 ], [ -3.946110194829657, 42.904358222354062 ], [ -3.927790900429727, 42.908828233336294 ], [ -3.901952683769366, 42.920377916107896 ], [ -3.894821336035818, 42.925597235923703 ], [ -3.886320562743776, 42.938361313723647 ], [ -3.881333786924756, 42.943864854379513 ], [ -3.873323940047783, 42.946216131868994 ], [ -3.864642299602451, 42.947921454211723 ], [ -3.855883144791335, 42.945751043875532 ], [ -3.848519253061113, 42.940996812952505 ], [ -3.841749639634145, 42.934433905999924 ], [ -3.836246099877599, 42.927870999047343 ], [ -3.834101527963128, 42.921566474513156 ], [ -3.839475877409825, 42.914176744361214 ], [ -3.869680752264912, 42.899991563260016 ], [ -3.89815446635555, 42.898570461757402 ], [ -3.899833950276616, 42.894539700346854 ], [ -3.90047990632263, 42.889630438893619 ], [ -3.906422694751598, 42.885392971008798 ], [ -3.909239061133746, 42.880277004879872 ], [ -3.905208298823936, 42.868649806843109 ], [ -3.904639858043026, 42.861544298430601 ], [ -3.900996670260156, 42.85536896420632 ], [ -3.893891160049009, 42.851389878739894 ], [ -3.885312873290502, 42.851234850008325 ], [ -3.877199672726704, 42.855265611418815 ], [ -3.869370693003077, 42.864799913485172 ], [ -3.86208431563864, 42.872008775584504 ], [ -3.849914517041327, 42.876633816197625 ], [ -3.839682582984835, 42.87578115547592 ], [ -3.831388516167124, 42.87231883394702 ], [ -3.827564460331587, 42.865497545475307 ], [ -3.826815150598748, 42.857539374542455 ], [ -3.827797004328318, 42.847152410855074 ], [ -3.825549078727022, 42.839349270452431 ], [ -3.818081834209295, 42.828600572458413 ], [ -3.815601366409965, 42.823717149426898 ], [ -3.814722866367219, 42.81697337532097 ], [ -3.815756395141534, 42.810048733162489 ], [ -3.821389126107306, 42.803950914203313 ], [ -3.830897589751999, 42.799868475949381 ], [ -3.865469122801812, 42.799816799105997 ], [ -3.883039110166806, 42.79712962483228 ], [ -3.917403936742289, 42.77346181940743 ], [ -3.929418708406672, 42.768965969104158 ], [ -3.949029913999368, 42.764418442856822 ], [ -3.96520463738409, 42.762506414939082 ], [ -4.000189581583925, 42.769792792303519 ], [ -3.99739905362344, 42.785941677266578 ], [ -3.998251716143784, 42.792685452271769 ], [ -3.999104376865489, 42.81542308170981 ], [ -4.000344611214871, 42.821107490418342 ], [ -4.00277340307008, 42.823587958217672 ], [ -4.011041632365448, 42.820771592734786 ], [ -4.018896449611475, 42.816301580853235 ], [ -4.047163459026422, 42.770102851565298 ], [ -4.085765754386046, 42.763126533462753 ], [ -4.096126877853123, 42.776200670524474 ], [ -4.1014753888781, 42.781006578290942 ], [ -4.110389574219482, 42.785967515688299 ], [ -4.120440640223364, 42.788964749223794 ], [ -4.147054002340326, 42.790515041935635 ], [ -4.158577846690264, 42.79351227547113 ], [ -4.178214890704623, 42.806224677326952 ], [ -4.185242885650666, 42.811960761080229 ], [ -4.187671678405252, 42.817671007311105 ], [ -4.184674444869756, 42.823484605430167 ], [ -4.177362229982919, 42.826843574171562 ], [ -4.159404669889625, 42.831055202735399 ], [ -4.150232103029168, 42.831597805094589 ], [ -4.141627976949565, 42.8345433617867 ], [ -4.135530157990388, 42.839504299184057 ], [ -4.132713791608182, 42.846118882980022 ], [ -4.134444953272009, 42.853508613131964 ], [ -4.14116288895616, 42.858831284835901 ], [ -4.150154587764007, 42.862190253577296 ], [ -4.174494187656649, 42.857022609705666 ], [ -4.183821784148051, 42.852345893148424 ], [ -4.196637538791379, 42.844051826330713 ], [ -4.20131425624794, 42.842346503088606 ], [ -4.208652309556442, 42.842734076716226 ], [ -4.215964525342599, 42.845292059780718 ], [ -4.221390549834041, 42.850201321233953 ], [ -4.223483445804391, 42.855420641049704 ], [ -4.224516973679386, 42.85937388809441 ], [ -4.225111252882016, 42.865445867732603 ], [ -4.226739060858961, 42.872060452427888 ], [ -4.227307501639871, 42.879734402520626 ], [ -4.229452073554341, 42.886633206257443 ], [ -4.230072191178692, 42.893867905879119 ], [ -4.231829188566223, 42.901076768877772 ], [ -4.236738450918779, 42.915158596292144 ], [ -4.23888302193393, 42.929214586184173 ], [ -4.237901170002999, 42.93629425707428 ], [ -4.237591111640484, 42.943425604807771 ], [ -4.239916550708244, 42.950246894178804 ], [ -4.254127570231162, 42.957636624330746 ], [ -4.356550259087214, 42.985412706431248 ], [ -4.370425380926577, 42.99277659816147 ], [ -4.376445684620649, 42.999701240319951 ], [ -4.377401699029178, 43.001251533031791 ], [ -4.38109656365549, 43.008615423862693 ], [ -4.400811122935011, 43.033290921438834 ], [ -4.409647793011231, 43.038329373201975 ], [ -4.433961553582833, 43.048018703999958 ], [ -4.446028001191337, 43.050860907904564 ], [ -4.462874518144531, 43.050938422270349 ], [ -4.481245490287165, 43.042541001765812 ], [ -4.490857305820043, 43.039595445073701 ], [ -4.505662603646272, 43.039414577920411 ], [ -4.518710903185649, 43.037709256477001 ], [ -4.552378098670317, 43.023937486525767 ], [ -4.565607266262361, 43.023239854535632 ], [ -4.601238165608891, 43.025539456080992 ], [ -4.639116990556658, 43.019777533906051 ], [ -4.689604864572857, 43.019596665853442 ], [ -4.70583126480102, 43.01572093407384 ], [ -4.726863572795651, 43.015927638749531 ], [ -4.734744229362718, 43.041404120203936 ], [ -4.738723313929825, 43.048096218365743 ], [ -4.758515386675754, 43.062281399466997 ], [ -4.764458176903361, 43.071608995059023 ], [ -4.770452643075032, 43.078636990005066 ], [ -4.811380378401736, 43.094811713389845 ], [ -4.820759649937884, 43.100676988352291 ], [ -4.827890997671432, 43.108066718504233 ], [ -4.833549567058867, 43.123931383526497 ], [ -4.836030035757574, 43.135093491771215 ], [ -4.831870083137858, 43.188681952110358 ], [ -4.819726121163569, 43.187596747391979 ], [ -4.790012172723607, 43.191110744864943 ], [ -4.780400356291409, 43.193617051985314 ], [ -4.770917731068437, 43.19493480070048 ], [ -4.751849127834987, 43.191937568064304 ], [ -4.74267656097453, 43.192144272739995 ], [ -4.734537522888388, 43.196898505461661 ], [ -4.727948778413406, 43.207750556243127 ], [ -4.72531328008381, 43.216432196688515 ], [ -4.724641485616075, 43.224493720408873 ], [ -4.723246221635804, 43.231392524145633 ], [ -4.721127489042374, 43.238239651039066 ], [ -4.723633796162744, 43.25198558256858 ], [ -4.721540900192394, 43.25870351825273 ], [ -4.715675625229949, 43.264697984424402 ], [ -4.703609177621445, 43.269503893090189 ], [ -4.693118862045878, 43.271881008102014 ], [ -4.682783576101144, 43.272501125726365 ], [ -4.673636846763088, 43.271105861746094 ], [ -4.663947515965106, 43.270744127439514 ], [ -4.643173591288189, 43.272191067363849 ], [ -4.633690965165897, 43.275705063937551 ], [ -4.628704189346877, 43.2785472678421 ], [ -4.624285855208086, 43.284128322863808 ], [ -4.617412888993613, 43.289864407516347 ], [ -4.602220018439084, 43.29684072471963 ], [ -4.592608202006943, 43.298158474334116 ], [ -4.581885342434589, 43.297357490455795 ], [ -4.563540207814356, 43.29420522728941 ], [ -4.556796433708485, 43.290562039506483 ], [ -4.551163702742713, 43.279167385466451 ], [ -4.545169236571041, 43.275808416725056 ], [ -4.537159389694068, 43.27720368070527 ], [ -4.529821336385567, 43.281699531008542 ], [ -4.5235426502731, 43.287900701855904 ], [ -4.520364548684995, 43.296220607994655 ], [ -4.518710903185649, 43.305987454057743 ], [ -4.521863166352034, 43.319965929583987 ], [ -4.530880702682282, 43.338233548039796 ], [ -4.535144008988823, 43.342264309450286 ], [ -4.537314419325014, 43.348310452465398 ], [ -4.534446376998687, 43.354614976999585 ], [ -4.521966519139539, 43.370634670753418 ], [ -4.513259040272487, 43.384354762961891 ], [ -4.514370083412643, 43.39649872493618 ], [ -4.513830313924713, 43.402834267007492 ], [ -4.512318488999938, 43.402736721000053 ] ] ], [ [ [ -3.286146823017475, 43.256364946385133 ], [ -3.268909273644056, 43.237589310798057 ], [ -3.267360201312272, 43.227393998034586 ], [ -3.299198581349458, 43.216869095432401 ], [ -3.304241306690983, 43.222153519869039 ], [ -3.304197361319154, 43.260682573541885 ], [ -3.286146823017475, 43.256364946385133 ] ] ] ] } },
{ "type": "Feature", "properties": { "name": "Bizkaia", "admin": "Spain", "region": "País Vasco" }, "geometry": { "type": "Polygon", "coordinates": [ [ [ -3.13149980399993, 43.35578034100007 ], [ -3.112375454999949, 43.354071356000077 ], [ -3.089507615999935, 43.366888739000046 ], [ -3.057850714999915, 43.352362372000073 ], [ -3.008168097999942, 43.320908921000068 ], [ -3.008168097999942, 43.32843659100007 ], [ -3.020008917999917, 43.352565822000088 ], [ -3.023426886999914, 43.364935614000046 ], [ -3.029286261999914, 43.372137762000079 ], [ -3.029286261999914, 43.376166083000044 ], [ -3.024322068999936, 43.380926825000074 ], [ -3.010975714999915, 43.384141343000067 ], [ -2.999419725999928, 43.394354559000078 ], [ -2.955922003999945, 43.413845119000086 ], [ -2.939930792999917, 43.41710032800006 ], [ -2.939930792999917, 43.424587307000081 ], [ -2.946685350999928, 43.424587307000081 ], [ -2.946685350999928, 43.43077220300006 ], [ -2.930083787999934, 43.437933661000045 ], [ -2.905262824999909, 43.439886786000045 ], [ -2.854237433999913, 43.438259182000081 ], [ -2.806996222999942, 43.441677151000079 ], [ -2.785959438999953, 43.447862046000068 ], [ -2.768625454999949, 43.452500718000067 ], [ -2.755848761999914, 43.450262762000079 ], [ -2.734934048999946, 43.438788153000075 ], [ -2.715199347999942, 43.424505927000041 ], [ -2.706532355999911, 43.413682359000063 ], [ -2.694935675999943, 43.388617255000042 ], [ -2.691029425999943, 43.367539781000062 ], [ -2.687001105999911, 43.371446031000062 ], [ -2.679269985999952, 43.389837958000044 ], [ -2.678456183999913, 43.394639390000066 ], [ -2.678781704999949, 43.400580145000049 ], [ -2.677805141999954, 43.406195380000042 ], [ -2.672963019999941, 43.410345770000049 ], [ -2.661203579999949, 43.411932684000078 ], [ -2.649322068999936, 43.409531968000067 ], [ -2.638091600999928, 43.405951239000046 ], [ -2.606922980999911, 43.40188222900008 ], [ -2.548898891999954, 43.383612372000073 ], [ -2.506011522999927, 43.377142645000049 ], [ -2.483509894999941, 43.37063222900008 ], [ -2.464426235999952, 43.349229234000063 ], [ -2.406783742297463, 43.329305821579709 ], [ -2.440166566733694, 43.288126422696223 ], [ -2.418193909621266, 43.267538042546619 ], [ -2.459359682003708, 43.227306107290985 ], [ -2.464688051812175, 43.22476826544306 ], [ -2.468093814078259, 43.22476826544306 ], [ -2.476959780469485, 43.227591751757927 ], [ -2.490527896245453, 43.22235127359238 ], [ -2.488945865559231, 43.183657424550461 ], [ -2.495713443820364, 43.168397414209267 ], [ -2.498954410717488, 43.167474562301209 ], [ -2.501777897032355, 43.16782612527544 ], [ -2.50432672499835, 43.167507521554853 ], [ -2.50673273073096, 43.164574171360869 ], [ -2.507051334451546, 43.161530958187143 ], [ -2.498262271786416, 43.118684277357488 ], [ -2.501722965542456, 43.103226513292952 ], [ -2.514005680317894, 43.093228954252822 ], [ -2.546547185404279, 43.088043406677855 ], [ -2.600237373456025, 43.081462596021993 ], [ -2.622451729663624, 43.087658885349242 ], [ -2.637437081656003, 43.085472606475605 ], [ -2.656849924684309, 43.07576069190236 ], [ -2.658662668347461, 43.072893260215778 ], [ -2.657256418249119, 43.069751170180325 ], [ -2.635239815764919, 43.047141305626724 ], [ -2.629801583876031, 43.035473825156885 ], [ -2.633130440617322, 43.024872017929283 ], [ -2.63664606586326, 43.022839547407159 ], [ -2.640524240201557, 43.022718697409914 ], [ -2.667946116220321, 43.027234078290064 ], [ -2.686897533294541, 43.021477242680589 ], [ -2.69790583408701, 43.020620308380501 ], [ -2.738368482319629, 43.033155709268556 ], [ -2.781863356708527, 43.026706734728009 ], [ -2.829258378571296, 43.037165719722168 ], [ -2.85119807643008, 43.046877634295356 ], [ -2.862678789294705, 43.04882221407388 ], [ -2.895385089750107, 43.047481881583565 ], [ -2.948273274991664, 43.083868601754546 ], [ -2.956787680207299, 43.096019481313988 ], [ -2.954019125382331, 43.109279980386759 ], [ -2.93673763063714, 43.135394483168852 ], [ -2.935913655590753, 43.14686420991535 ], [ -2.950371664021077, 43.173484084023244 ], [ -2.970476645081135, 43.193259475244588 ], [ -2.984308433087733, 43.201817825831995 ], [ -2.999326744333814, 43.204981888103646 ], [ -3.015377770467751, 43.19984028590045 ], [ -3.021837731126425, 43.191677444558422 ], [ -3.025265465628763, 43.170407912495136 ], [ -3.03147274107414, 43.160882765527163 ], [ -3.043261071541224, 43.154708448436111 ], [ -3.104081386946461, 43.145216260721838 ], [ -3.116737636932385, 43.149753614737506 ], [ -3.141844041069646, 43.165117499473013 ], [ -3.142154100331481, 43.174780991849275 ], [ -3.145926479323577, 43.178372503688081 ], [ -3.151507534345228, 43.181447252488681 ], [ -3.173573371114173, 43.183979397131452 ], [ -3.207498949017292, 43.184392809180792 ], [ -3.229745652939528, 43.186976629767628 ], [ -3.246592169892722, 43.198087062967545 ], [ -3.252483283276888, 43.200438341356346 ], [ -3.25945960137949, 43.201187649290546 ], [ -3.268322108978168, 43.199947414941221 ], [ -3.278476527769556, 43.197311917510945 ], [ -3.362424892594731, 43.157934474896081 ], [ -3.423790655814116, 43.140622869949482 ], [ -3.425651006888472, 43.15312856712967 ], [ -3.433118252305519, 43.173980007071634 ], [ -3.43776913134036, 43.181137193226846 ], [ -3.440947231129826, 43.188061835385383 ], [ -3.441463995966672, 43.19514150717481 ], [ -3.44004289356468, 43.202143662799756 ], [ -3.440327114404795, 43.209869289735934 ], [ -3.441722378385066, 43.217310695831941 ], [ -3.445029670283077, 43.224235337990422 ], [ -3.441644863119961, 43.23330455206343 ], [ -3.430896165125944, 43.243458970854817 ], [ -3.347154506775098, 43.287590644392708 ], [ -3.33581152957845, 43.295290432007789 ], [ -3.322944098091682, 43.300096341572896 ], [ -3.261035731613731, 43.296763211253165 ], [ -3.23519751585269, 43.299088650320925 ], [ -3.212899135986333, 43.293197536936759 ], [ -3.203545701972587, 43.292293199371613 ], [ -3.160240850734681, 43.307796129187977 ], [ -3.153910487778774, 43.315030828809654 ], [ -3.149543829584104, 43.324435940566161 ], [ -3.150499843992634, 43.353684801012719 ], [ -3.150601676019186, 43.360154508954992 ], [ -3.13149980399993, 43.35578034100007 ] ], [ [ -3.267360201312272, 43.227393998034586 ], [ -3.268909273644056, 43.237589310798057 ], [ -3.286146823017475, 43.256364946385133 ], [ -3.304197361319154, 43.260682573541885 ], [ -3.304241306690983, 43.222153519869039 ], [ -3.299198581349458, 43.216869095432401 ], [ -3.267360201312272, 43.227393998034586 ] ] ] } },
{ "type": "Feature", "properties": { "name": "Zaragoza", "admin": "Spain", "region": "Aragón" }, "geometry": { "type": "MultiPolygon", "coordinates": [ [ [ [ -1.816911993793497, 41.096975003293721 ], [ -1.850424159647275, 41.111134345073935 ], [ -1.89117102692137, 41.135163885704742 ], [ -1.916234097225811, 41.143018703850089 ], [ -1.928868983816585, 41.15015005158358 ], [ -1.938661668301336, 41.157229723373007 ], [ -1.944862840048017, 41.164412747050619 ], [ -1.971863775792656, 41.169942125228886 ], [ -2.05322831913162, 41.15035675715859 ], [ -2.061806605890183, 41.158624986453958 ], [ -2.083743252349223, 41.171879991568346 ], [ -2.092347378428769, 41.174825548260401 ], [ -2.101752489285957, 41.176970120174872 ], [ -2.111286789553731, 41.176866767387367 ], [ -2.129657761696365, 41.179166368033407 ], [ -2.138236050253511, 41.181465969578824 ], [ -2.145057338725223, 41.18658193570775 ], [ -2.149139776979155, 41.193945828337291 ], [ -2.15133602483769, 41.23128205002655 ], [ -2.159216681404757, 41.269212550918439 ], [ -2.161464606106676, 41.275646267561171 ], [ -2.165417853151439, 41.280943101742707 ], [ -2.173350185662571, 41.294585680484715 ], [ -2.171877407316515, 41.327761949554315 ], [ -2.166244676350743, 41.34595205274502 ], [ -2.159836799029051, 41.353186754165336 ], [ -2.153919847223165, 41.357036648422536 ], [ -2.147072720329788, 41.358897000396212 ], [ -2.140148078171308, 41.362695216910708 ], [ -2.133946906424626, 41.36910309513172 ], [ -2.127952440252898, 41.376751206802737 ], [ -2.122371385231247, 41.399333808408528 ], [ -2.120976121250976, 41.408273831272254 ], [ -2.120769415676023, 41.415999457309113 ], [ -2.119580858170082, 41.423673408301113 ], [ -2.116273566272071, 41.431373195916251 ], [ -2.110950893668814, 41.437884426025391 ], [ -2.099711270158991, 41.442612820325394 ], [ -2.069506395303904, 41.439357205270767 ], [ -2.052117275092201, 41.434990546176721 ], [ -2.045218472254703, 41.43075307919122 ], [ -2.040981004369883, 41.424887804228774 ], [ -2.039353197292257, 41.417678941230122 ], [ -2.039120653295527, 41.41010834392489 ], [ -2.040567593219862, 41.401865953051242 ], [ -2.040825974738937, 41.394734605317751 ], [ -2.037415330053477, 41.38876597846712 ], [ -2.030619880003485, 41.385432848147389 ], [ -2.022196621077228, 41.385381171304005 ], [ -2.014057582991086, 41.388068346476985 ], [ -1.996048346054351, 41.397990221271698 ], [ -1.979847785147172, 41.404940700952579 ], [ -1.970132615927469, 41.407291979341323 ], [ -1.960133225867708, 41.40879059520978 ], [ -1.951787482206555, 41.41165863753605 ], [ -1.945948044766453, 41.415534369315651 ], [ -1.95284684940259, 41.457831529301586 ], [ -1.956179978823002, 41.46682322900881 ], [ -1.961916062576222, 41.473747870267971 ], [ -1.969124924675555, 41.479794013283083 ], [ -1.975274421377435, 41.491136990479731 ], [ -1.978710902686032, 41.507621772226969 ], [ -1.975920375624867, 41.542658393270187 ], [ -1.981940680218202, 41.570796210576646 ], [ -1.987909307968209, 41.575188707193035 ], [ -1.99023474793529, 41.581751614145674 ], [ -1.990777350294479, 41.588547065094929 ], [ -1.988271043174109, 41.595497544775867 ], [ -1.980700445868877, 41.601905422996879 ], [ -1.975145229268946, 41.605212713995513 ], [ -1.969460822359054, 41.607719021115884 ], [ -1.964551560905818, 41.60867503552447 ], [ -1.958582933155867, 41.608726712367854 ], [ -1.950521410334829, 41.605806993198144 ], [ -1.932124599770475, 41.601130275741582 ], [ -1.923520473690928, 41.602990627715258 ], [ -1.917035081104132, 41.607408962753425 ], [ -1.910937262144955, 41.614152736859296 ], [ -1.893961553982535, 41.62944896110065 ], [ -1.874789597961581, 41.636942044040097 ], [ -1.865642868623524, 41.643039862999274 ], [ -1.854299893225516, 41.65260000348735 ], [ -1.844352179109762, 41.656863307995252 ], [ -1.83430111310588, 41.658232734453122 ], [ -1.824973516614534, 41.658026027978792 ], [ -1.815878465019182, 41.661669215761663 ], [ -1.807326015783019, 41.670428372371475 ], [ -1.8, 41.685942286578651 ], [ -1.8, 41.086064607760015 ], [ -1.816911993793497, 41.096975003293721 ] ] ], [ [ [ -1.802649299225777, 41.731819973113261 ], [ -1.808540411710624, 41.737504380922417 ], [ -1.810788337311919, 41.744919949496023 ], [ -1.818901536077021, 41.757813219404511 ], [ -1.83546383308942, 41.777036852268907 ], [ -1.842465989613743, 41.783134671228083 ], [ -1.845850795877539, 41.790731106055659 ], [ -1.842672695188753, 41.799567776131937 ], [ -1.83182064530655, 41.814295558693061 ], [ -1.825903692601344, 41.820574245704847 ], [ -1.821562872828338, 41.827834785546884 ], [ -1.817764655414521, 41.836051337099491 ], [ -1.815826789075061, 41.844216214506673 ], [ -1.816033493750751, 41.851683458125081 ], [ -1.836884934592092, 41.874085190778885 ], [ -1.851586879630815, 41.906150418506968 ], [ -1.857736375433376, 41.954803778971211 ], [ -1.848176234945299, 41.978187364455266 ], [ -1.844533047162429, 41.982037257813147 ], [ -1.85241370283012, 42.001209214733478 ], [ -1.841277432107802, 42.001881008301893 ], [ -1.838667772199926, 42.000847480426842 ], [ -1.836394009076287, 42.000279038746612 ], [ -1.834611172367715, 41.998909614087381 ], [ -1.823888311896098, 41.99464630778084 ], [ -1.81484493714413, 41.995266425405191 ], [ -1.8, 41.994384349455657 ], [ -1.8, 41.730602727840584 ], [ -1.802649299225777, 41.731819973113261 ] ] ] ] } },
{ "type": "Feature", "properties": { "name": "La Rioja", "admin": "Spain", "region": "La Rioja" }, "geometry": { "type": "Polygon", "coordinates": [ [ [ -2.384474250386347, 42.494667466930025 ], [ -2.343262295118848, 42.483040269792582 ], [ -2.278382534426441, 42.489861559163614 ], [ -2.267892217951498, 42.486916002471503 ], [ -2.238720871870726, 42.471981513436049 ], [ -2.230297613843788, 42.465676988002599 ], [ -2.218231167134661, 42.453429674140125 ], [ -2.206009690794588, 42.446401679194139 ], [ -2.191385260121649, 42.442939358564502 ], [ -2.1719549216823, 42.441440741796782 ], [ -2.104956426597823, 42.445161444844757 ], [ -2.076508550928907, 42.442577623358602 ], [ -2.055269538258585, 42.428418281578388 ], [ -2.060152961290157, 42.423560696069217 ], [ -2.064803840324998, 42.417307848378471 ], [ -2.069558071248025, 42.41477570193706 ], [ -2.055605435042821, 42.399066067445006 ], [ -2.03240271581268, 42.392968248485829 ], [ -1.976747198824171, 42.393045762851671 ], [ -1.901325445712757, 42.325375475098099 ], [ -1.863472459186653, 42.304911606985058 ], [ -1.861405401637967, 42.299433906549552 ], [ -1.862154709572224, 42.291992499554169 ], [ -1.861922165575493, 42.284189358252263 ], [ -1.857271287439971, 42.277574775355561 ], [ -1.85125098284658, 42.276179511375346 ], [ -1.835799729873656, 42.278143215237151 ], [ -1.82931433818618, 42.277574775355561 ], [ -1.820012580116497, 42.272872219477335 ], [ -1.8, 42.259345593095851 ], [ -1.8, 42.1441876115613 ], [ -1.804302943825803, 42.145903225153688 ], [ -1.814586553826416, 42.146936753928003 ], [ -1.823423223902694, 42.145619005212893 ], [ -1.82910763171185, 42.140787258125442 ], [ -1.831975674038119, 42.134431056747871 ], [ -1.835773892351256, 42.127868149795233 ], [ -1.841820033567728, 42.122028714153828 ], [ -1.856392788296546, 42.111538398578205 ], [ -1.896054449952885, 42.076140042329087 ], [ -1.899930181732486, 42.069370428902175 ], [ -1.901480475343647, 42.061929022806112 ], [ -1.902100592068678, 42.0543842639226 ], [ -1.901325445712757, 42.045599269790443 ], [ -1.897320521824611, 42.035599881529265 ], [ -1.89060258614046, 42.025316271528709 ], [ -1.85241370283012, 42.001209214733478 ], [ -1.844533047162429, 41.982037257813147 ], [ -1.848176234945299, 41.978187364455266 ], [ -1.857736375433376, 41.954803778971211 ], [ -1.896519537946347, 41.938784085217321 ], [ -1.904710251976553, 41.934004014973311 ], [ -1.922461107394213, 41.925735784778624 ], [ -1.932512173398095, 41.922557684989158 ], [ -1.943855149695423, 41.920464789018752 ], [ -1.967884691225549, 41.918449409212826 ], [ -1.977935757229432, 41.920542304283913 ], [ -1.988219367230045, 41.927725327961468 ], [ -1.998270433233927, 41.933513089457506 ], [ -2.023359341060768, 41.941316229860092 ], [ -2.040128342748801, 41.942039700271948 ], [ -2.095215419855776, 41.952736721422525 ], [ -2.105369838647164, 41.957077542094851 ], [ -2.110640835306299, 41.963407905050758 ], [ -2.116118536641181, 41.978109850089481 ], [ -2.11720374225888, 41.984931139460514 ], [ -2.115395067128645, 41.99139069272627 ], [ -2.11048580567541, 41.995886542130165 ], [ -2.106558397052368, 41.998832098822277 ], [ -2.104594692291244, 42.000072333171602 ], [ -2.104052089931997, 42.001312568420246 ], [ -2.104181281141223, 42.003844713063017 ], [ -2.106661749839873, 42.009219062509715 ], [ -2.11663530057865, 42.022034817153042 ], [ -2.140509813377207, 42.036865953400991 ], [ -2.146194220287043, 42.043222153879299 ], [ -2.149449836240933, 42.050766912762811 ], [ -2.150535040959369, 42.058156642914696 ], [ -2.148984748247528, 42.064771226710718 ], [ -2.142886929288352, 42.069732164108075 ], [ -2.135057948665406, 42.072936103218581 ], [ -2.127797409722689, 42.077897039716561 ], [ -2.123224045952952, 42.083684801212598 ], [ -2.122681443593763, 42.090712796158584 ], [ -2.127797409722689, 42.096655585486872 ], [ -2.137874315047611, 42.101564846040787 ], [ -2.153377243964655, 42.104562079576283 ], [ -2.17179989295073, 42.105492255563092 ], [ -2.189679937778919, 42.104071153161158 ], [ -2.245516322820038, 42.089524237753324 ], [ -2.256290859235776, 42.089420884965818 ], [ -2.266135219664648, 42.095156968719095 ], [ -2.272233038623824, 42.101926581246687 ], [ -2.275669520831741, 42.10934214892103 ], [ -2.276315476877755, 42.116654364707131 ], [ -2.278537563158011, 42.123682358753854 ], [ -2.281224738330991, 42.129935208243239 ], [ -2.286650762822433, 42.134120999284676 ], [ -2.296133388944781, 42.137790025489267 ], [ -2.347448086160284, 42.142208360527377 ], [ -2.410467494879015, 42.138565171845187 ], [ -2.437442593101196, 42.1318989121051 ], [ -2.449948289382064, 42.123113918872207 ], [ -2.47263424287604, 42.111409207368979 ], [ -2.481522589795702, 42.108231105780874 ], [ -2.502451545002828, 42.111099148107201 ], [ -2.508394334331058, 42.110349840172944 ], [ -2.511572435019843, 42.105130520357193 ], [ -2.512735155003384, 42.097947495780261 ], [ -2.513613654146809, 42.082496242807338 ], [ -2.515654873273775, 42.068801988121209 ], [ -2.519737310628386, 42.063427639573888 ], [ -2.524982468865858, 42.059965318044988 ], [ -2.530408494256619, 42.056968085408812 ], [ -2.536919725265136, 42.052575588792365 ], [ -2.542113205759847, 42.046426092989805 ], [ -2.546169805592058, 42.038571274844458 ], [ -2.55681515079857, 42.022758287564898 ], [ -2.567951423319528, 42.01009756075382 ], [ -2.570354376753073, 42.004774889049884 ], [ -2.57226640467087, 42.001700141148547 ], [ -2.572938198239285, 42.000149848436706 ], [ -2.590869919910858, 41.999529730812412 ], [ -2.619550339576506, 42.002320257873578 ], [ -2.655620490293416, 42.000692450795952 ], [ -2.660426398059826, 41.999555569234133 ], [ -2.664147101107858, 41.999555569234133 ], [ -2.671846889622259, 42.000459906799222 ], [ -2.690605435392513, 42.011596178420859 ], [ -2.701328294065547, 42.014929307841271 ], [ -2.71370480003651, 42.016789658915627 ], [ -2.729026861800264, 42.016944688546516 ], [ -2.743599615629762, 42.022525743568167 ], [ -2.748483038661334, 42.02877859125897 ], [ -2.747449509886962, 42.036039130201686 ], [ -2.744348923563962, 42.043428860353572 ], [ -2.740473191784361, 42.050715236818689 ], [ -2.737786016611381, 42.057872422973901 ], [ -2.734168667250231, 42.064073594720583 ], [ -2.721094530188452, 42.073711249574501 ], [ -2.715746019163475, 42.079912421321183 ], [ -2.71233537357864, 42.093968411213211 ], [ -2.71256791757537, 42.101254788577592 ], [ -2.714195725552315, 42.108127752993369 ], [ -2.717192959087811, 42.114199734430201 ], [ -2.725202805964727, 42.117765407847287 ], [ -2.735357224756115, 42.120116686236031 ], [ -2.762228970190847, 42.118101305530786 ], [ -2.773933681694075, 42.112468574565014 ], [ -2.785896775615697, 42.101099758047383 ], [ -2.789694993029514, 42.092702338442166 ], [ -2.79504350405449, 42.084950873084324 ], [ -2.79752397275314, 42.077793687828432 ], [ -2.798557502426831, 42.070765692882389 ], [ -2.796438768034704, 42.063686021092963 ], [ -2.796283739303135, 42.056012071000225 ], [ -2.801632249428792, 42.047304592133173 ], [ -2.812846035416214, 42.038054510906932 ], [ -2.840105352679871, 42.025497137782679 ], [ -2.870930345159309, 42.014748439788661 ], [ -2.910178594766364, 42.023430081133313 ], [ -2.917620001761691, 42.057174790983765 ], [ -2.921805792803127, 42.063298448364662 ], [ -2.924234584658336, 42.07019725210148 ], [ -2.928730434961608, 42.077018541472512 ], [ -2.934156460352369, 42.082702949281668 ], [ -2.942217983173407, 42.084873358718482 ], [ -2.951313034768759, 42.085080064293493 ], [ -2.960149704845037, 42.083323066006642 ], [ -2.97503251793637, 42.082082830757997 ], [ -2.990018682915888, 42.082392890019833 ], [ -2.997718472329666, 42.081514390876407 ], [ -3.010844285335509, 42.082134508500758 ], [ -3.026321376730152, 42.087973945041483 ], [ -3.036475796420859, 42.099549465335542 ], [ -3.039860601785335, 42.106551621859865 ], [ -3.044485643297833, 42.113269558443335 ], [ -3.05523434129185, 42.125258490786678 ], [ -3.070711431787174, 42.133190823297809 ], [ -3.077765265154881, 42.137686672701761 ], [ -3.084509040160071, 42.150915839394429 ], [ -3.087144537590348, 42.158563951065446 ], [ -3.120449997869116, 42.196287747281701 ], [ -3.120966762705962, 42.201558743041517 ], [ -3.108693610421767, 42.209465237130985 ], [ -3.102208217834971, 42.217836819213801 ], [ -3.090839403115979, 42.24907522194394 ], [ -3.088772344667973, 42.260444037562252 ], [ -3.087893846423867, 42.269952501206944 ], [ -3.088565639992282, 42.277393907302951 ], [ -3.090167608648244, 42.284757799033173 ], [ -3.093474901445575, 42.291940822710785 ], [ -3.096162074819915, 42.299795640856132 ], [ -3.098099941159376, 42.307753810889665 ], [ -3.097867397162645, 42.325117091780328 ], [ -3.099572720404751, 42.33250682193227 ], [ -3.105463832889598, 42.337648627382237 ], [ -3.109417079934303, 42.343462226400618 ], [ -3.107866787222463, 42.348965766157164 ], [ -3.097815721218581, 42.352608953940035 ], [ -3.078385381879855, 42.355502834688025 ], [ -3.071951667035819, 42.359378567366946 ], [ -3.056035326069434, 42.380281684152351 ], [ -3.056087002013555, 42.388058987032593 ], [ -3.05828324987209, 42.395345364397031 ], [ -3.059290941124061, 42.403613592793022 ], [ -3.058231573928026, 42.425860296715314 ], [ -3.049601610326079, 42.446298326406634 ], [ -3.049214035799139, 42.452344469421689 ], [ -3.052082078125409, 42.459062405105897 ], [ -3.05730139794116, 42.464953518490063 ], [ -3.060066086580662, 42.47146474949858 ], [ -3.065621304079912, 42.476890773990021 ], [ -3.080478277850261, 42.484668076870207 ], [ -3.083191291444962, 42.491463527819519 ], [ -3.080555793115366, 42.499731757114887 ], [ -3.073734503744333, 42.512082423764809 ], [ -3.070711431787174, 42.520970771583791 ], [ -3.070013799797039, 42.529135647192334 ], [ -3.072390915708183, 42.53523346615151 ], [ -3.077842780419985, 42.539755153977126 ], [ -3.085800951352837, 42.540065213238961 ], [ -3.094611782108075, 42.538954169199542 ], [ -3.102595790563271, 42.536163642138376 ], [ -3.110708991127069, 42.536809597285071 ], [ -3.11515316368758, 42.540762844329777 ], [ -3.113887090916535, 42.548410956000794 ], [ -3.083656379438366, 42.57321564388684 ], [ -3.079625617128556, 42.579416816532841 ], [ -3.073501959747659, 42.585669664223587 ], [ -3.066758184742469, 42.591457423920929 ], [ -3.060531174574066, 42.599415594853781 ], [ -3.06115129219836, 42.606521104165608 ], [ -3.064484421618772, 42.613523260689931 ], [ -3.075801561293019, 42.625667223563482 ], [ -3.072106695767388, 42.632075099985855 ], [ -3.056887986791139, 42.637294419801606 ], [ -3.01415157723352, 42.640885932539732 ], [ -2.948651698916763, 42.635149847887135 ], [ -2.933381313097129, 42.630188910489778 ], [ -2.906716274136727, 42.626261501866793 ], [ -2.837314825618705, 42.644115709172638 ], [ -2.837469855249651, 42.634452215896999 ], [ -2.836022915325316, 42.621455593201063 ], [ -2.829925096366139, 42.613807481530046 ], [ -2.81623084078069, 42.620215358851681 ], [ -2.812665168262924, 42.611094468834665 ], [ -2.814783900856355, 42.605875149018914 ], [ -2.826772834099017, 42.596004951067641 ], [ -2.826824510043139, 42.59019135204926 ], [ -2.821036750345741, 42.584274400243373 ], [ -2.813001064147784, 42.580812078714416 ], [ -2.805973070101118, 42.582362372325576 ], [ -2.79349321134265, 42.586909898572912 ], [ -2.779979823809811, 42.585617988279523 ], [ -2.773391079334829, 42.601560166768252 ], [ -2.769670376286854, 42.608820705710968 ], [ -2.761841395663907, 42.614505113520124 ], [ -2.747397833942898, 42.618690904561561 ], [ -2.733987799197564, 42.615719509447786 ], [ -2.699442103670151, 42.597710273410371 ], [ -2.689132656147194, 42.589493720059124 ], [ -2.685644497095893, 42.581793932443986 ], [ -2.685179409102432, 42.57471425975524 ], [ -2.687246465751798, 42.567918809705304 ], [ -2.687737393066243, 42.553423570241534 ], [ -2.684662645164963, 42.537765610794281 ], [ -2.676756151075494, 42.536887112550176 ], [ -2.667454393005869, 42.533166409502201 ], [ -2.632081875178415, 42.51252167423587 ], [ -2.617870855655497, 42.507715766469403 ], [ -2.61138546396802, 42.513761909484515 ], [ -2.606166144152212, 42.516862494008876 ], [ -2.595055710952295, 42.517508450054891 ], [ -2.585133836157638, 42.511979071876624 ], [ -2.583454352236572, 42.49668284853459 ], [ -2.571336228684004, 42.505622870499053 ], [ -2.557745326785437, 42.510842190314804 ], [ -2.541648117766442, 42.512366645504244 ], [ -2.522036912173746, 42.510351263899679 ], [ -2.524181484088217, 42.513219306226006 ], [ -2.525318365650037, 42.514304510944385 ], [ -2.526506924055298, 42.515131334143746 ], [ -2.528832363123058, 42.517172553270711 ], [ -2.524026455356648, 42.525104884882523 ], [ -2.51805782670732, 42.531047675110074 ], [ -2.510616420611314, 42.53523346615151 ], [ -2.501521369015961, 42.537662258006776 ], [ -2.491651170165369, 42.520092271541102 ], [ -2.462040575412232, 42.507250678475998 ], [ -2.427133144678919, 42.499370021908987 ], [ -2.406074998262568, 42.497096258785291 ], [ -2.384474250386347, 42.494667466930025 ] ] ] } },
{ "type": "Feature", "properties": { "name": "Álava", "admin": "Spain", "region": "País Vasco" }, "geometry": { "type": "Polygon", "coordinates": [ [ [ -2.836022915325316, 42.621455593201063 ], [ -2.837469855249651, 42.634452215896999 ], [ -2.837314825618705, 42.644115709172638 ], [ -2.841707323134472, 42.655820421575186 ], [ -2.852456021128489, 42.665406398686343 ], [ -2.917930060124206, 42.705791530754539 ], [ -2.943354864735227, 42.714343979990645 ], [ -2.968676316558799, 42.737753403896477 ], [ -2.984127570431042, 42.743127753343117 ], [ -3.003196173664492, 42.75323049619044 ], [ -3.031437343758398, 42.772738348995574 ], [ -3.063502569687842, 42.785295722119884 ], [ -3.093991665383044, 42.774443671338361 ], [ -3.119571498725691, 42.768707586685764 ], [ -3.123860642554632, 42.770051173822594 ], [ -3.13631466289138, 42.769896145091025 ], [ -3.132232224637448, 42.777389228030415 ], [ -3.129002448004599, 42.786251736528413 ], [ -3.134454311817024, 42.793228053731696 ], [ -3.141585658651252, 42.797956448031641 ], [ -3.147735155353132, 42.803692531784918 ], [ -3.151869268651808, 42.810152085949994 ], [ -3.151197475982713, 42.817593492046001 ], [ -3.147683477610428, 42.825396633347907 ], [ -3.141301438710457, 42.834698391417589 ], [ -3.130216843932203, 42.845214545414933 ], [ -3.119313117206616, 42.858314520898375 ], [ -3.112543503779705, 42.868262234114809 ], [ -3.110424771186274, 42.879605211311457 ], [ -3.114222987700714, 42.886917426198238 ], [ -3.121225145124356, 42.890328070883754 ], [ -3.130216843932203, 42.888622748540968 ], [ -3.144221156980791, 42.873533229874624 ], [ -3.151481695923565, 42.868107205383183 ], [ -3.15907813165046, 42.864619046331882 ], [ -3.178120897361509, 42.865239163056913 ], [ -3.187551845741098, 42.863714707867473 ], [ -3.19569088382724, 42.860329902502997 ], [ -3.202718878773226, 42.855058905843805 ], [ -3.207369756908747, 42.848857734097123 ], [ -3.210909592803489, 42.842863267925452 ], [ -3.209979416816623, 42.837282212903801 ], [ -3.211917284055403, 42.83206289308805 ], [ -3.217394985390285, 42.82973745402029 ], [ -3.224293789127103, 42.831830349091319 ], [ -3.231450975282314, 42.83588694892353 ], [ -3.261810878868971, 42.864929103795077 ], [ -3.275918544705064, 42.874695949858165 ], [ -3.2800784982241, 42.880354519245657 ], [ -3.279096646293226, 42.887201646139033 ], [ -3.275453456711659, 42.89391958272256 ], [ -3.270259976216948, 42.900947576769227 ], [ -3.25602311827231, 42.912264716443474 ], [ -3.244421758657268, 42.924615383093453 ], [ -3.239977586096757, 42.931565864572974 ], [ -3.233182135147445, 42.938154609047956 ], [ -3.224112921973756, 42.943787340013728 ], [ -3.188326992097018, 42.946732895806463 ], [ -3.175950487025375, 42.945079251206437 ], [ -3.166054449753062, 42.942857164026861 ], [ -3.157450323673515, 42.939343167453217 ], [ -3.151197475982713, 42.934278876369035 ], [ -3.146494920104487, 42.921256415251321 ], [ -3.141043057191325, 42.916088772279011 ], [ -3.133059047836809, 42.913039862799394 ], [ -3.123912319398016, 42.910766100575074 ], [ -3.104146084174431, 42.908518174973779 ], [ -3.094405077432384, 42.906502794268533 ], [ -3.084741584156802, 42.905546779860003 ], [ -3.07528479735555, 42.905572618281667 ], [ -3.058980881862226, 42.908673203705348 ], [ -3.037896897923531, 42.908854071757958 ], [ -3.029189419056479, 42.910249334838909 ], [ -3.021696336117031, 42.914460965201386 ], [ -3.008958095839489, 42.923271795956623 ], [ -3.000870733697411, 42.923271795956623 ], [ -2.987460699851454, 42.926320706335503 ], [ -2.982267217558046, 42.929395453337463 ], [ -2.97906328024618, 42.93360708280062 ], [ -2.9771254130074, 42.939033108191381 ], [ -2.978520676987671, 42.944484972003806 ], [ -2.983378261597522, 42.950996202113004 ], [ -3.012291226159164, 42.95846344753005 ], [ -3.025442877586727, 42.965078030426753 ], [ -3.034279547663004, 42.972622789310265 ], [ -3.039628057788661, 42.978048813801706 ], [ -3.03936967626953, 42.987040514408193 ], [ -3.027019008720288, 42.986497911149684 ], [ -3.008596360633533, 42.988978379848334 ], [ -3.001645880952651, 42.989055895113438 ], [ -2.999320440985571, 42.989469306263459 ], [ -2.99699500191781, 42.990916246187794 ], [ -2.992912562764559, 42.994275214029869 ], [ -2.989708624553373, 43.000476385776551 ], [ -2.987409023008013, 43.008925483124528 ], [ -2.989501918978362, 43.014687405299469 ], [ -2.997124193127036, 43.020836900202767 ], [ -3.01608944267366, 43.025410264871823 ], [ -3.022884893622972, 43.03132721577839 ], [ -3.023582525613051, 43.037114977274371 ], [ -3.023608364034772, 43.043109443446042 ], [ -3.028620978275512, 43.047346910431543 ], [ -3.036734177939991, 43.049724026342744 ], [ -3.055260178814194, 43.043135280968443 ], [ -3.07352779816938, 43.01396393488767 ], [ -3.084948288832493, 43.010708319833043 ], [ -3.092079636565984, 43.012206935701499 ], [ -3.121612717852656, 43.01357636215937 ], [ -3.152231003857764, 43.019855048271836 ], [ -3.160473394731412, 43.022955633695517 ], [ -3.165124273766253, 43.026676336743549 ], [ -3.160938482724816, 43.03303253812112 ], [ -3.155124883706435, 43.039595445073701 ], [ -3.148510300809733, 43.050447495855224 ], [ -3.148148565603833, 43.074218654966955 ], [ -3.142748378634792, 43.092460435900364 ], [ -3.141844041069646, 43.104139308981928 ], [ -3.147580124822923, 43.111270656715419 ], [ -3.165098436243852, 43.116541653374554 ], [ -3.170834519997129, 43.122432765859458 ], [ -3.172565679862259, 43.131372788723183 ], [ -3.164814215403737, 43.146979072226372 ], [ -3.159543218744545, 43.154937242259905 ], [ -3.141844041069646, 43.165117499473013 ], [ -3.116737636932385, 43.149753614737506 ], [ -3.104081386946461, 43.145216260721838 ], [ -3.043261071541224, 43.154708448436111 ], [ -3.03147274107414, 43.160882765527163 ], [ -3.025265465628763, 43.170407912495136 ], [ -3.021837731126425, 43.191677444558422 ], [ -3.015377770467751, 43.19984028590045 ], [ -2.999326744333814, 43.204981888103646 ], [ -2.984308433087733, 43.201817825831995 ], [ -2.970476645081135, 43.193259475244588 ], [ -2.950371664021077, 43.173484084023244 ], [ -2.935913655590753, 43.14686420991535 ], [ -2.93673763063714, 43.135394483168852 ], [ -2.954019125382331, 43.109279980386759 ], [ -2.956787680207299, 43.096019481313988 ], [ -2.948273274991664, 43.083868601754546 ], [ -2.895385089750107, 43.047481881583565 ], [ -2.862678789294705, 43.04882221407388 ], [ -2.85119807643008, 43.046877634295356 ], [ -2.829258378571296, 43.037165719722168 ], [ -2.781863356708527, 43.026706734728009 ], [ -2.738368482319629, 43.033155709268556 ], [ -2.69790583408701, 43.020620308380501 ], [ -2.686897533294541, 43.021477242680589 ], [ -2.667946116220321, 43.027234078290064 ], [ -2.640524240201557, 43.022718697409914 ], [ -2.63664606586326, 43.022839547407159 ], [ -2.633130440617322, 43.024872017929283 ], [ -2.629801583876031, 43.035473825156885 ], [ -2.635239815764919, 43.047141305626724 ], [ -2.657256418249119, 43.069751170180325 ], [ -2.658662668347461, 43.072893260215778 ], [ -2.656849924684309, 43.07576069190236 ], [ -2.637437081656003, 43.085472606475605 ], [ -2.622451729663624, 43.087658885349242 ], [ -2.600237373456025, 43.081462596021993 ], [ -2.546547185404279, 43.088043406677855 ], [ -2.532232000106717, 43.047262155623969 ], [ -2.533660222441313, 43.034452096387099 ], [ -2.541306707238732, 43.025761910583697 ], [ -2.588921455061097, 43.01011737891389 ], [ -2.595623115714204, 43.003767280335694 ], [ -2.602819160675722, 42.982354926038965 ], [ -2.559016668684308, 42.962832220930238 ], [ -2.554819891524801, 42.962821233912791 ], [ -2.549392644854663, 42.964590033103548 ], [ -2.537780095874723, 42.972796820716667 ], [ -2.535187321637579, 42.973379095768621 ], [ -2.529188786932991, 42.969138373237286 ], [ -2.503129215640797, 42.960623968921027 ], [ -2.354703917152051, 42.950099065419522 ], [ -2.308407528684484, 42.92859882037925 ], [ -2.290126277405761, 42.905977970606841 ], [ -2.281194392507246, 42.900990176755215 ], [ -2.252957728916044, 42.900069078525121 ], [ -2.239134283920066, 42.858314520898375 ], [ -2.239780239066761, 42.849426173978713 ], [ -2.242312383709532, 42.839194240821541 ], [ -2.263422206969267, 42.8137177602664 ], [ -2.274429287381736, 42.790980129929039 ], [ -2.276522183352085, 42.776045640893585 ], [ -2.27698727134549, 42.759638373512132 ], [ -2.279416063200756, 42.750930895544343 ], [ -2.284919602957302, 42.744678046054958 ], [ -2.31207556833283, 42.737753403896477 ], [ -2.320369635150541, 42.728994249085304 ], [ -2.320705531934777, 42.721010239730731 ], [ -2.312023892388709, 42.682924710107272 ], [ -2.306856247617759, 42.680082506202666 ], [ -2.295926683369771, 42.677912095866532 ], [ -2.29316199383095, 42.672020982482309 ], [ -2.292696905837545, 42.663080960517902 ], [ -2.298458828012485, 42.657758287015326 ], [ -2.328431158870899, 42.642978826711442 ], [ -2.338301356822171, 42.639490668559461 ], [ -2.348094041306979, 42.638121243000967 ], [ -2.365870734246982, 42.637914537425956 ], [ -2.37258866993119, 42.641841946048942 ], [ -2.380960252014006, 42.652849026461354 ], [ -2.385301072686389, 42.656130479038382 ], [ -2.391037157338928, 42.658585110214631 ], [ -2.399512091309987, 42.659928697351461 ], [ -2.408710495692844, 42.660212918191576 ], [ -2.418012253762527, 42.657525743018596 ], [ -2.437856004251216, 42.645562649096973 ], [ -2.450671758894543, 42.634813951102956 ], [ -2.470179612599054, 42.622850857181277 ], [ -2.478680385891096, 42.619104315711581 ], [ -2.492736374883805, 42.609337470547814 ], [ -2.49454505001404, 42.601999417239313 ], [ -2.493278978142314, 42.595307319077506 ], [ -2.488085495848964, 42.589907132108465 ], [ -2.481367560164756, 42.585876369798598 ], [ -2.473357713287839, 42.584713649815058 ], [ -2.458009813102422, 42.578124905340076 ], [ -2.450051642169569, 42.576006170948006 ], [ -2.441731736930137, 42.578977566061781 ], [ -2.421319545660538, 42.598795478128807 ], [ -2.413309698783564, 42.598278714191281 ], [ -2.405868292687558, 42.59610830295577 ], [ -2.400674811293527, 42.590733954408449 ], [ -2.398065151385651, 42.583964341880858 ], [ -2.394008550654121, 42.564973253013193 ], [ -2.402871060051382, 42.512237454295075 ], [ -2.406074998262568, 42.497096258785291 ], [ -2.427133144678919, 42.499370021908987 ], [ -2.462040575412232, 42.507250678475998 ], [ -2.491651170165369, 42.520092271541102 ], [ -2.501521369015961, 42.537662258006776 ], [ -2.510616420611314, 42.53523346615151 ], [ -2.51805782670732, 42.531047675110074 ], [ -2.524026455356648, 42.525104884882523 ], [ -2.528832363123058, 42.517172553270711 ], [ -2.526506924055298, 42.515131334143746 ], [ -2.525318365650037, 42.514304510944385 ], [ -2.524181484088217, 42.513219306226006 ], [ -2.522036912173746, 42.510351263899679 ], [ -2.541648117766442, 42.512366645504244 ], [ -2.557745326785437, 42.510842190314804 ], [ -2.571336228684004, 42.505622870499053 ], [ -2.583454352236572, 42.49668284853459 ], [ -2.585133836157638, 42.511979071876624 ], [ -2.595055710952295, 42.517508450054891 ], [ -2.606166144152212, 42.516862494008876 ], [ -2.61138546396802, 42.513761909484515 ], [ -2.617870855655497, 42.507715766469403 ], [ -2.632081875178415, 42.51252167423587 ], [ -2.667454393005869, 42.533166409502201 ], [ -2.676756151075494, 42.536887112550176 ], [ -2.684662645164963, 42.537765610794281 ], [ -2.687737393066243, 42.553423570241534 ], [ -2.687246465751798, 42.567918809705304 ], [ -2.685179409102432, 42.57471425975524 ], [ -2.685644497095893, 42.581793932443986 ], [ -2.689132656147194, 42.589493720059124 ], [ -2.699442103670151, 42.597710273410371 ], [ -2.733987799197564, 42.615719509447786 ], [ -2.747397833942898, 42.618690904561561 ], [ -2.761841395663907, 42.614505113520124 ], [ -2.769670376286854, 42.608820705710968 ], [ -2.773391079334829, 42.601560166768252 ], [ -2.779979823809811, 42.585617988279523 ], [ -2.79349321134265, 42.586909898572912 ], [ -2.805973070101118, 42.582362372325576 ], [ -2.813001064147784, 42.580812078714416 ], [ -2.821036750345741, 42.584274400243373 ], [ -2.826824510043139, 42.59019135204926 ], [ -2.826772834099017, 42.596004951067641 ], [ -2.814783900856355, 42.605875149018914 ], [ -2.812665168262924, 42.611094468834665 ], [ -2.81623084078069, 42.620215358851681 ], [ -2.829925096366139, 42.613807481530046 ], [ -2.836022915325316, 42.621455593201063 ] ], [ [ -2.63890316365007, 42.774236964864031 ], [ -2.700423957399721, 42.787957057971823 ], [ -2.71502254875162, 42.792995509734965 ], [ -2.726132981951594, 42.795062568182971 ], [ -2.752798020911939, 42.796974596100711 ], [ -2.81659257598659, 42.793977363464535 ], [ -2.827082891562213, 42.791832791550064 ], [ -2.832870653058194, 42.787259425981688 ], [ -2.853541225846925, 42.763694973344343 ], [ -2.868113978777103, 42.751395981739165 ], [ -2.870155198803388, 42.744678046054958 ], [ -2.865323451715938, 42.736280626449741 ], [ -2.840751308725942, 42.717754625575481 ], [ -2.81413794570966, 42.702923489327532 ], [ -2.75243628570604, 42.681839505388837 ], [ -2.684352585903127, 42.670289821717859 ], [ -2.634071418361259, 42.654761054379151 ], [ -2.556918503586076, 42.65336579039888 ], [ -2.550407274376198, 42.651815496787719 ], [ -2.545136277717063, 42.650006822556804 ], [ -2.542759161805861, 42.646208604243668 ], [ -2.538237473980246, 42.643366401238382 ], [ -2.526041836061893, 42.644735825897612 ], [ -2.515267299646155, 42.649309190566669 ], [ -2.512941859679074, 42.65336579039888 ], [ -2.51444047734617, 42.665768133892243 ], [ -2.518290370704051, 42.674527288703359 ], [ -2.519530605053376, 42.680961005346091 ], [ -2.522553677010592, 42.686387030736853 ], [ -2.525783453643498, 42.689487617059854 ], [ -2.53234636059608, 42.688815823491439 ], [ -2.53772071004272, 42.685973618687512 ], [ -2.547099981578924, 42.678067125497421 ], [ -2.553301154224869, 42.675379951223761 ], [ -2.55950232597155, 42.673519599250085 ], [ -2.566065232924188, 42.674527288703359 ], [ -2.572137214360964, 42.677395331029686 ], [ -2.581981573890516, 42.688247381811209 ], [ -2.586839159399688, 42.69253652653947 ], [ -2.592161831103624, 42.696257228688125 ], [ -2.597045254135196, 42.700287990997936 ], [ -2.600791794705572, 42.704370429251867 ], [ -2.600300869189766, 42.709072984230829 ], [ -2.598207974118736, 42.71315542338408 ], [ -2.593117844612834, 42.715894272702485 ], [ -2.580431281178676, 42.718478095088017 ], [ -2.57516028541886, 42.721320298992566 ], [ -2.57128455184062, 42.725247708514928 ], [ -2.561931117826816, 42.739148667876691 ], [ -2.560354986693312, 42.743851222855653 ], [ -2.5577711652071, 42.748243720371363 ], [ -2.556065842864371, 42.756382758457505 ], [ -2.559192266709772, 42.75935415357128 ], [ -2.569501715132049, 42.759095771152886 ], [ -2.578105841211595, 42.760491035133157 ], [ -2.586942511287873, 42.764883530850227 ], [ -2.59270443436219, 42.769250189944273 ], [ -2.596347622145061, 42.77364268746004 ], [ -2.601541104438411, 42.776097316837706 ], [ -2.608129848913393, 42.776614080775175 ], [ -2.616682298149556, 42.774185288919909 ], [ -2.626294114581754, 42.773203436988979 ], [ -2.63890316365007, 42.774236964864031 ] ] ] } },
{ "type": "Feature", "properties": { "name": "Cuenca", "admin": "Spain", "region": "Castilla-La Mancha" }, "geometry": { "type": "MultiPolygon", "coordinates": [ [ [ [ -2.407844787606848, 40.606374611299259 ], [ -2.400374084296573, 40.610791115317681 ], [ -2.388992248293619, 40.610813087553936 ], [ -2.366997618045673, 40.600310158087325 ], [ -2.366583401239226, 40.6 ], [ -2.412479254216245, 40.6 ], [ -2.407844787606848, 40.606374611299259 ] ] ], [ [ [ -2.290356990382804, 40.60631967980936 ], [ -2.291433650642489, 40.633313089127739 ], [ -2.287039118860264, 40.644200539922963 ], [ -2.274207087387197, 40.646189065972578 ], [ -2.246071100201107, 40.632368264084107 ], [ -2.211914604275592, 40.623447365303662 ], [ -2.194666068784045, 40.62380991439602 ], [ -2.177274711059056, 40.62857798138873 ], [ -2.169386527166523, 40.633752541946251 ], [ -2.164157034219784, 40.640915627654067 ], [ -2.15704888000181, 40.658757425214958 ], [ -2.145710988471365, 40.659790140102871 ], [ -2.085714649011834, 40.641135354512983 ], [ -2.031888944936859, 40.6 ], [ -2.291742620877269, 40.6 ], [ -2.290356990382804, 40.60631967980936 ] ] ] ] } },
{ "type": "Feature", "properties": { "name": "León", "admin": "Spain", "region": "Castilla y León" }, "geometry": { "type": "Polygon", "coordinates": [ [ [ -4.888584967322402, 43.23751618152653 ], [ -4.878998989311924, 43.235164903137729 ], [ -4.859413621241629, 43.223408514791117 ], [ -4.831870083137858, 43.188681952110358 ], [ -4.836030035757574, 43.135093491771215 ], [ -4.833549567058867, 43.123931383526497 ], [ -4.827890997671432, 43.108066718504233 ], [ -4.820759649937884, 43.100676988352291 ], [ -4.811380378401736, 43.094811713389845 ], [ -4.770452643075032, 43.078636990005066 ], [ -4.764458176903361, 43.071608995059023 ], [ -4.758515386675754, 43.062281399466997 ], [ -4.738723313929825, 43.048096218365743 ], [ -4.734744229362718, 43.041404120203936 ], [ -4.726863572795651, 43.015927638749531 ], [ -4.760446196035105, 43.005393257292951 ], [ -4.789197417526793, 42.989792670994973 ], [ -4.800271636826608, 42.975202826449276 ], [ -4.813433258138389, 42.925720402574484 ], [ -4.822859528244635, 42.916953312145608 ], [ -4.847622713317548, 42.902363468499232 ], [ -4.855357087959248, 42.891772647389757 ], [ -4.86565127848371, 42.860516542404469 ], [ -4.890150790426674, 42.86257098606211 ], [ -4.896786533471754, 42.859769472882817 ], [ -4.900335117072018, 42.854594911425977 ], [ -4.901917148657503, 42.848058046141887 ], [ -4.903674960830813, 42.779569273702975 ], [ -4.90926700286991, 42.769209166469807 ], [ -4.929767491376651, 42.747225523239308 ], [ -4.932074620247533, 42.739985532006699 ], [ -4.928064610693241, 42.732624692575484 ], [ -4.919956699941736, 42.72581316894258 ], [ -4.887503085598951, 42.711607845725496 ], [ -4.881021151804703, 42.704763362838889 ], [ -4.88193301669537, 42.697973812341559 ], [ -4.892402987807657, 42.684153010453031 ], [ -4.898093906708425, 42.669090753835178 ], [ -4.895259433376168, 42.621629815263759 ], [ -4.914397618055659, 42.544813406113803 ], [ -4.88796451155298, 42.536914235203767 ], [ -4.888052402296523, 42.517995777383192 ], [ -4.912705723490376, 42.400639816274463 ], [ -4.911310459510105, 42.381468673240647 ], [ -4.972735022203494, 42.374261641261739 ], [ -4.979590491208228, 42.337885908108149 ], [ -4.942511633005495, 42.346455243914363 ], [ -4.954893224642603, 42.296017009777131 ], [ -5.002233315015474, 42.289150554654327 ], [ -5.038268472212224, 42.297049724665044 ], [ -5.041707192832689, 42.267540445734937 ], [ -5.064009439783831, 42.273714762826046 ], [ -5.093848308552595, 42.309398357947828 ], [ -5.112415203398939, 42.306201336422532 ], [ -5.12397282088898, 42.300246746190339 ], [ -5.148109784638848, 42.279987955879449 ], [ -5.170368086218218, 42.267902994827352 ], [ -5.194801681452418, 42.262080240710532 ], [ -5.219487961899915, 42.270770426513934 ], [ -5.229848069133084, 42.269331217161891 ], [ -5.238164719726058, 42.264343424209642 ], [ -5.250436449282745, 42.248303385093152 ], [ -5.259368334181261, 42.224770668631436 ], [ -5.261741381559546, 42.221068276679603 ], [ -5.265333910531581, 42.218178871857447 ], [ -5.267520190304538, 42.217981118134048 ], [ -5.270025072898818, 42.218947914514615 ], [ -5.274518481542714, 42.219607094192042 ], [ -5.286812182436279, 42.216344155058664 ], [ -5.309224293266539, 42.204094398637551 ], [ -5.321660817292866, 42.204226234752923 ], [ -5.352466482442196, 42.22269425273754 ], [ -5.3611896274993, 42.224979409372224 ], [ -5.381459403029055, 42.214773109591306 ], [ -5.387205253419722, 42.195162513738978 ], [ -5.376878104540879, 42.134265294607644 ], [ -5.387381034007547, 42.083036044677669 ], [ -5.376295828589605, 42.041386873205624 ], [ -5.421581475304833, 42.030752106724321 ], [ -5.52075506289583, 42.096977695664123 ], [ -5.541695005120403, 42.098010410551979 ], [ -5.553362485590242, 42.063007967343822 ], [ -5.624740662851309, 42.083585360475979 ], [ -5.621148132979954, 42.102185215475288 ], [ -5.622510437706524, 42.107315830661037 ], [ -5.625125184179922, 42.111194004100014 ], [ -5.643274598443952, 42.128750157193963 ], [ -5.655996766937278, 42.134770665933445 ], [ -5.679650332496863, 42.140208897822333 ], [ -5.676914736925596, 42.120312657503121 ], [ -5.743129338847893, 42.113468174616514 ], [ -5.755137396173893, 42.136792150337442 ], [ -5.838194040022927, 42.118598789802263 ], [ -5.869417185754514, 42.122037510422729 ], [ -5.883633495089725, 42.142142492382106 ], [ -5.893037792060454, 42.150459142975023 ], [ -5.903584666898894, 42.151074377280679 ], [ -5.90737495049359, 42.148152014104141 ], [ -5.911582714670544, 42.140714269148191 ], [ -5.915318065876022, 42.137528233740966 ], [ -5.92074531254616, 42.136132970660071 ], [ -5.932478711523345, 42.13635269661961 ], [ -5.937949902665878, 42.134825597423344 ], [ -5.950364454456007, 42.126399082951309 ], [ -5.955879590970369, 42.125827794017482 ], [ -6.045022661166911, 42.157688147190242 ], [ -6.203698203908971, 42.148338781709413 ], [ -6.214717491718886, 42.150470129093151 ], [ -6.243677453951364, 42.167883459953714 ], [ -6.279536830560289, 42.177837073622015 ], [ -6.290786830447871, 42.185933997356074 ], [ -6.302124721978373, 42.202336586464298 ], [ -6.311529018949045, 42.20811539520929 ], [ -6.320394986239648, 42.20721451553743 ], [ -6.33954415703721, 42.20012833445503 ], [ -6.427764374426374, 42.201996009608138 ], [ -6.490584201100035, 42.184165199064637 ], [ -6.523773899745663, 42.200699623388857 ], [ -6.55780954567399, 42.207137611811333 ], [ -6.616289772954644, 42.20559952559762 ], [ -6.644173074927494, 42.21559708463775 ], [ -6.654060770088449, 42.21681656713082 ], [ -6.690557353239285, 42.213608559487398 ], [ -6.705630595975208, 42.217179116223235 ], [ -6.783249680628273, 42.252873440257019 ], [ -6.769813809259915, 42.261968491852372 ], [ -6.756403773615261, 42.280882066354252 ], [ -6.744414842171238, 42.29183746992328 ], [ -6.740616623858102, 42.298193671300851 ], [ -6.738317023212062, 42.304963283828442 ], [ -6.737748582431152, 42.311991278774485 ], [ -6.738756272783746, 42.326357327028973 ], [ -6.738058640793668, 42.33385040996842 ], [ -6.735707363304186, 42.341136786433538 ], [ -6.740461595126533, 42.35025767734993 ], [ -6.755421921684331, 42.362660020843236 ], [ -6.78916663333348, 42.378886420172137 ], [ -6.839111904091112, 42.410124823801539 ], [ -6.831851366047715, 42.412605292500245 ], [ -6.828544074149704, 42.415447496404795 ], [ -6.820740932847798, 42.423664048856722 ], [ -6.816400112175472, 42.430201118286959 ], [ -6.81304114433334, 42.438908596254691 ], [ -6.810819058053085, 42.456116848413785 ], [ -6.808777838926119, 42.464023342503253 ], [ -6.821050991210257, 42.485055650497827 ], [ -6.892571174120405, 42.499783433958271 ], [ -6.897170376311806, 42.501617947510226 ], [ -6.909443528596, 42.509291896703644 ], [ -6.919985521015008, 42.512831733497705 ], [ -6.93293046686756, 42.513064277494379 ], [ -6.952645026147025, 42.508258367929329 ], [ -6.962024298582548, 42.503814195368818 ], [ -6.966623500773949, 42.500558580314191 ], [ -6.968354660639079, 42.498388169978057 ], [ -6.972307908583105, 42.49570099480502 ], [ -6.983134120942907, 42.494822496560971 ], [ -7.026283941650604, 42.502005520238527 ], [ -7.071035731913526, 42.503452460162862 ], [ -7.061966518739837, 42.522004299458843 ], [ -7.062509121099083, 42.540659492441591 ], [ -7.060106166766218, 42.548617662475124 ], [ -7.042794561819562, 42.577608141402607 ], [ -7.042019416362962, 42.589106147330824 ], [ -7.044344855430722, 42.617088935006336 ], [ -7.039900681970892, 42.625563869876657 ], [ -7.032252570299875, 42.631558336048329 ], [ -7.023183356226923, 42.63543406782793 ], [ -7.014295010206581, 42.641325182111416 ], [ -7.013907436578961, 42.647629705746283 ], [ -7.016749639584191, 42.654270127964026 ], [ -7.023364224279533, 42.659980374194902 ], [ -7.03023718869531, 42.667189236294178 ], [ -7.036179978922917, 42.67592255358295 ], [ -7.039693976395881, 42.689125881853954 ], [ -7.037652757268916, 42.698169257505185 ], [ -7.032795172659121, 42.706256618747943 ], [ -7.021245489887463, 42.718064683937996 ], [ -7.016956346058521, 42.720855210999161 ], [ -6.988379279180378, 42.73010529222546 ], [ -6.965693324787139, 42.747029324443758 ], [ -6.955745611570705, 42.749122219514788 ], [ -6.947606574383883, 42.747339381906954 ], [ -6.938718228363541, 42.746590073972698 ], [ -6.928589647094554, 42.750052395501655 ], [ -6.918047654675547, 42.757312934444371 ], [ -6.895620082700646, 42.780644843085042 ], [ -6.863348151196249, 42.808446764506527 ], [ -6.857534552177867, 42.81813609530451 ], [ -6.85389136439494, 42.829427394758454 ], [ -6.85407223064891, 42.83759227126626 ], [ -6.862262945578493, 42.862035223946407 ], [ -6.860480108869922, 42.874463405861491 ], [ -6.843556076651623, 42.889087836534429 ], [ -6.839086065669392, 42.896658433839605 ], [ -6.837096523385867, 42.905572618281667 ], [ -6.82828569173131, 42.914796861086245 ], [ -6.79531612823672, 42.91086945246326 ], [ -6.777229376934201, 42.904099839935668 ], [ -6.770873174657311, 42.89407461235345 ], [ -6.763483446304008, 42.892834378004125 ], [ -6.752373013104091, 42.897433580195525 ], [ -6.744363166227174, 42.903092149583017 ], [ -6.737619391221926, 42.909525865326373 ], [ -6.72979041239762, 42.91526194907965 ], [ -6.719429287131902, 42.920222887376326 ], [ -6.701109991832652, 42.924512031205268 ], [ -6.682506475693287, 42.926889146217093 ], [ -6.635739304725121, 42.927302558266433 ], [ -6.622975226025858, 42.925442206292757 ], [ -6.614732835152211, 42.923271795956623 ], [ -6.608454149039744, 42.919602769751975 ], [ -6.562100389221598, 42.916657213059921 ], [ -6.551222500018355, 42.917845771465181 ], [ -6.515798306246836, 42.928697822246704 ], [ -6.501561449201517, 42.929705511699979 ], [ -6.44903235515909, 42.951073717378108 ], [ -6.444846564117654, 42.957714137797211 ], [ -6.444071417761734, 42.963992824808997 ], [ -6.4503501038742, 42.968126939006993 ], [ -6.468204312079365, 42.973139553247734 ], [ -6.476317510844467, 42.976860257195085 ], [ -6.481226772297703, 42.982389635373352 ], [ -6.480270757889173, 42.987867336708177 ], [ -6.475568202910267, 42.991846422174604 ], [ -6.446939460088004, 42.99277659816147 ], [ -6.426139696090104, 42.99758250592788 ], [ -6.418698289094777, 43.000528063519312 ], [ -6.414745042050072, 43.004868883292318 ], [ -6.414745042050072, 43.010294907783759 ], [ -6.413659837331636, 43.016496080429761 ], [ -6.408724738356, 43.022154648917876 ], [ -6.401877610563304, 43.028640042403993 ], [ -6.398725348296182, 43.03517711003559 ], [ -6.392756719646911, 43.042205104981576 ], [ -6.364851447236504, 43.051429347786154 ], [ -6.34728145987151, 43.048096218365743 ], [ -6.337928025857707, 43.043445340230221 ], [ -6.329814826193285, 43.03786428520857 ], [ -6.310384486854616, 43.03360097890203 ], [ -6.297284512270437, 43.033962714107929 ], [ -6.253592088304231, 43.01799469719748 ], [ -6.234445969805677, 43.01435150851529 ], [ -6.226281094197134, 43.015436713233726 ], [ -6.221681891106414, 43.020087592268567 ], [ -6.218968879310353, 43.03360097890203 ], [ -6.212793545086072, 43.038871975561221 ], [ -6.199745246445957, 43.041042384998036 ], [ -6.175457323396756, 43.03783844678685 ], [ -6.148068813125235, 43.029570217491539 ], [ -6.135511440000982, 43.027115587214553 ], [ -6.122023891789183, 43.027916571992193 ], [ -6.102386846875504, 43.03478953730729 ], [ -6.095746425557081, 43.041895047518381 ], [ -6.092723355398562, 43.049517319868414 ], [ -6.091276413675587, 43.056493638870336 ], [ -6.088330857882795, 43.062100532313707 ], [ -6.079106615078217, 43.065097764949883 ], [ -6.029988165721306, 43.05788890195123 ], [ -6.016758999028582, 43.05732046206964 ], [ -5.987794359422139, 43.062333076310381 ], [ -5.976373866960387, 43.05768219727554 ], [ -5.971257899932141, 43.051403510263754 ], [ -5.96761471214927, 43.03706330043093 ], [ -5.964591641091374, 43.030035305484944 ], [ -5.960405850049938, 43.023394884166521 ], [ -5.954669766296661, 43.01758128514814 ], [ -5.930924444707387, 43.006522528791663 ], [ -5.918651292423192, 42.998796901855485 ], [ -5.904853684949614, 42.992699082896308 ], [ -5.893717414227297, 42.989986070200928 ], [ -5.889014858349015, 42.985645250427922 ], [ -5.86294409769198, 42.977945461913521 ], [ -5.854856737348541, 42.97427643480961 ], [ -5.84483150886706, 42.971692613323398 ], [ -5.804833950426485, 42.9706074077057 ], [ -5.789279343766736, 42.972364406891813 ], [ -5.778685675403608, 42.97466400843723 ], [ -5.769926519693115, 42.981614488118112 ], [ -5.766309170331965, 42.987660631133224 ], [ -5.762278408022098, 42.99316417088977 ], [ -5.759797939323448, 42.998667711545636 ], [ -5.759151984176754, 43.001458237707482 ], [ -5.758170132245823, 43.004248766567287 ], [ -5.755327928341217, 43.010088202208749 ], [ -5.750599534940591, 43.016134345223804 ], [ -5.7438557599354, 43.021947944242186 ], [ -5.738662279440632, 43.028200791932989 ], [ -5.735174118590692, 43.034479478944775 ], [ -5.729980638095981, 43.040577297903951 ], [ -5.719541999363798, 43.045124824151287 ], [ -5.705175951109254, 43.048793850355878 ], [ -5.679932012752204, 43.049646511077583 ], [ -5.665152554247015, 43.048277086418352 ], [ -5.637092251306342, 43.037993476417796 ], [ -5.615439825687417, 43.03458283083296 ], [ -5.600815395913799, 43.034686184519785 ], [ -5.578982103141527, 43.031172187046764 ], [ -5.570765549790281, 43.026521308011922 ], [ -5.561696335717329, 43.022955633695517 ], [ -5.551567756246982, 43.021017768255376 ], [ -5.540999925406254, 43.021792913711977 ], [ -5.517306280660307, 43.029053453554013 ], [ -5.498754442263703, 43.027864895148753 ], [ -5.490770432909187, 43.028640042403993 ], [ -5.485835333933551, 43.033549302957965 ], [ -5.481391159574343, 43.039905504335536 ], [ -5.478626470934898, 43.046235867291443 ], [ -5.473381312697427, 43.051119290322958 ], [ -5.418759325382553, 43.051868598257158 ], [ -5.408062303332656, 43.053573919700625 ], [ -5.398502162844522, 43.056493638870336 ], [ -5.389898036764976, 43.063780016234716 ], [ -5.382844204296589, 43.085329088166873 ], [ -5.374007534220311, 43.089669907939879 ], [ -5.361036749946038, 43.091530259913554 ], [ -5.307474128028616, 43.085484116898442 ], [ -5.212001918853503, 43.09395905176882 ], [ -5.159550340076123, 43.113182685532479 ], [ -5.150403611637387, 43.114164537463409 ], [ -5.140016648849269, 43.109591172794353 ], [ -5.129836391636161, 43.107188219360808 ], [ -5.118131680132933, 43.108583482441759 ], [ -5.102835455891579, 43.11953888601073 ], [ -5.095471564161357, 43.128323880142943 ], [ -5.08818518679692, 43.144188544265887 ], [ -5.086195645412715, 43.151449083208604 ], [ -5.0824491030437, 43.158037828582906 ], [ -5.072113817098966, 43.172455552781514 ], [ -5.062889574294445, 43.178760077315701 ], [ -5.045888026810985, 43.185271308324218 ], [ -5.008293422703332, 43.192919419995235 ], [ -4.977158371861378, 43.205580145906993 ], [ -4.961474574891724, 43.216225491113505 ], [ -4.908480393755156, 43.2373094750522 ], [ -4.898377650907889, 43.238549710300845 ], [ -4.888584967322402, 43.23751618152653 ] ], [ [ -5.303192798408929, 42.252082681670402 ], [ -5.301973315915802, 42.273176432246544 ], [ -5.309224293266539, 42.293171550326747 ], [ -5.330142262355537, 42.289611979709093 ], [ -5.348335622890716, 42.278153239080723 ], [ -5.348357595126913, 42.260970621197202 ], [ -5.33716252672923, 42.24655655813865 ], [ -5.319287769914638, 42.244985513570555 ], [ -5.303192798408929, 42.252082681670402 ] ] ] } },
{ "type": "Feature", "properties": { "name": "Soria", "admin": "Spain", "region": "Castilla y León" }, "geometry": { "type": "Polygon", "coordinates": [ [ [ -1.851586879630815, 41.906150418506968 ], [ -1.836884934592092, 41.874085190778885 ], [ -1.816033493750751, 41.851683458125081 ], [ -1.815826789075061, 41.844216214506673 ], [ -1.817764655414521, 41.836051337099491 ], [ -1.821562872828338, 41.827834785546884 ], [ -1.825903692601344, 41.820574245704847 ], [ -1.83182064530655, 41.814295558693061 ], [ -1.842672695188753, 41.799567776131937 ], [ -1.845850795877539, 41.790731106055659 ], [ -1.842465989613743, 41.783134671228083 ], [ -1.83546383308942, 41.777036852268907 ], [ -1.818901536077021, 41.757813219404511 ], [ -1.810788337311919, 41.744919949496023 ], [ -1.808540411710624, 41.737504380922417 ], [ -1.802649299225777, 41.731819973113261 ], [ -1.8, 41.730602727840584 ], [ -1.8, 41.685942286578651 ], [ -1.807326015783019, 41.670428372371475 ], [ -1.815878465019182, 41.661669215761663 ], [ -1.824973516614534, 41.658026027978792 ], [ -1.83430111310588, 41.658232734453122 ], [ -1.844352179109762, 41.656863307995252 ], [ -1.854299893225516, 41.65260000348735 ], [ -1.865642868623524, 41.643039862999274 ], [ -1.874789597961581, 41.636942044040097 ], [ -1.893961553982535, 41.62944896110065 ], [ -1.910937262144955, 41.614152736859296 ], [ -1.917035081104132, 41.607408962753425 ], [ -1.923520473690928, 41.602990627715258 ], [ -1.932124599770475, 41.601130275741582 ], [ -1.950521410334829, 41.605806993198144 ], [ -1.958582933155867, 41.608726712367854 ], [ -1.964551560905818, 41.60867503552447 ], [ -1.969460822359054, 41.607719021115884 ], [ -1.975145229268946, 41.605212713995513 ], [ -1.980700445868877, 41.601905422996879 ], [ -1.988271043174109, 41.595497544775867 ], [ -1.990777350294479, 41.588547065094929 ], [ -1.99023474793529, 41.581751614145674 ], [ -1.987909307968209, 41.575188707193035 ], [ -1.981940680218202, 41.570796210576646 ], [ -1.975920375624867, 41.542658393270187 ], [ -1.978710902686032, 41.507621772226969 ], [ -1.975274421377435, 41.491136990479731 ], [ -1.969124924675555, 41.479794013283083 ], [ -1.961916062576222, 41.473747870267971 ], [ -1.956179978823002, 41.46682322900881 ], [ -1.95284684940259, 41.457831529301586 ], [ -1.945948044766453, 41.415534369315651 ], [ -1.951787482206555, 41.41165863753605 ], [ -1.960133225867708, 41.40879059520978 ], [ -1.970132615927469, 41.407291979341323 ], [ -1.979847785147172, 41.404940700952579 ], [ -1.996048346054351, 41.397990221271698 ], [ -2.014057582991086, 41.388068346476985 ], [ -2.022196621077228, 41.385381171304005 ], [ -2.030619880003485, 41.385432848147389 ], [ -2.037415330053477, 41.38876597846712 ], [ -2.040825974738937, 41.394734605317751 ], [ -2.040567593219862, 41.401865953051242 ], [ -2.039120653295527, 41.41010834392489 ], [ -2.039353197292257, 41.417678941230122 ], [ -2.040981004369883, 41.424887804228774 ], [ -2.045218472254703, 41.43075307919122 ], [ -2.052117275092201, 41.434990546176721 ], [ -2.069506395303904, 41.439357205270767 ], [ -2.099711270158991, 41.442612820325394 ], [ -2.110950893668814, 41.437884426025391 ], [ -2.116273566272071, 41.431373195916251 ], [ -2.119580858170082, 41.423673408301113 ], [ -2.120769415676023, 41.415999457309113 ], [ -2.120976121250976, 41.408273831272254 ], [ -2.122371385231247, 41.399333808408528 ], [ -2.127952440252898, 41.376751206802737 ], [ -2.133946906424626, 41.36910309513172 ], [ -2.140148078171308, 41.362695216910708 ], [ -2.147072720329788, 41.358897000396212 ], [ -2.153919847223165, 41.357036648422536 ], [ -2.159836799029051, 41.353186754165336 ], [ -2.166244676350743, 41.34595205274502 ], [ -2.171877407316515, 41.327761949554315 ], [ -2.173350185662571, 41.294585680484715 ], [ -2.165417853151439, 41.280943101742707 ], [ -2.161464606106676, 41.275646267561171 ], [ -2.159216681404757, 41.269212550918439 ], [ -2.15133602483769, 41.23128205002655 ], [ -2.149139776979155, 41.193945828337291 ], [ -2.145057338725223, 41.18658193570775 ], [ -2.138236050253511, 41.181465969578824 ], [ -2.129657761696365, 41.179166368033407 ], [ -2.111286789553731, 41.176866767387367 ], [ -2.101752489285957, 41.176970120174872 ], [ -2.092347378428769, 41.174825548260401 ], [ -2.083743252349223, 41.171879991568346 ], [ -2.061806605890183, 41.158624986453958 ], [ -2.05322831913162, 41.15035675715859 ], [ -2.05265987835071, 41.135525620910641 ], [ -2.061780768367782, 41.109997464411435 ], [ -2.060075446024996, 41.091135565853676 ], [ -2.05728491896383, 41.084986070051059 ], [ -2.059377814034917, 41.079456691872792 ], [ -2.065268927419083, 41.076872870386637 ], [ -2.072942878411141, 41.078888251091882 ], [ -2.079299078889392, 41.083797512545118 ], [ -2.084389206596597, 41.089688625929341 ], [ -2.09121049596763, 41.094442856852311 ], [ -2.11586015512205, 41.106328437307525 ], [ -2.123146531587167, 41.111470241858171 ], [ -2.128960129706229, 41.116457018576511 ], [ -2.137099167792371, 41.118317368751548 ], [ -2.145186529934392, 41.114389960128563 ], [ -2.177613491069792, 41.090670477860215 ], [ -2.187070277871044, 41.088810125886596 ], [ -2.196475388728231, 41.088396714736575 ], [ -2.219109666278086, 41.091109728331276 ], [ -2.237041387949716, 41.088965156416805 ], [ -2.249056158714779, 41.083539130126724 ], [ -2.260554164642997, 41.076046048086653 ], [ -2.273266567398196, 41.071291816264306 ], [ -2.288356086064539, 41.067519436372891 ], [ -2.313315801782835, 41.063798733324859 ], [ -2.326880866159058, 41.065245673249194 ], [ -2.344580043833957, 41.073178005760326 ], [ -2.352409022658264, 41.077958076004393 ], [ -2.364475470266768, 41.080671087800454 ], [ -2.376516078554175, 41.077570502376773 ], [ -2.409201423007289, 41.0649872908308 ], [ -2.422482265644078, 41.065426541301804 ], [ -2.449715745385333, 41.074599107262941 ], [ -2.460386929013566, 41.079740911813587 ], [ -2.467621628635243, 41.086071274769495 ], [ -2.471884934941784, 41.093461004921437 ], [ -2.477491828385155, 41.107904568441086 ], [ -2.481445075429917, 41.113821520246915 ], [ -2.488137172692348, 41.117232164033112 ], [ -2.500384486554822, 41.121934719012074 ], [ -2.505603807269893, 41.124725246972559 ], [ -2.508135951912664, 41.127515774033725 ], [ -2.511494919754739, 41.132580064218587 ], [ -2.513717006934314, 41.139091295227047 ], [ -2.517902797975751, 41.146170966117154 ], [ -2.522786221007323, 41.152630520282287 ], [ -2.532062139755965, 41.157229723373007 ], [ -2.540795457044737, 41.154852607461862 ], [ -2.55087236236966, 41.150382595580311 ], [ -2.567176276064288, 41.14555084939218 ], [ -2.578235033320141, 41.146377671692164 ], [ -2.586322393663522, 41.14958161080267 ], [ -2.588854539205613, 41.154852607461862 ], [ -2.580224574704346, 41.165756334187449 ], [ -2.579501105191866, 41.172370917084152 ], [ -2.584823777795123, 41.179398912030138 ], [ -2.602161221163442, 41.186659450972854 ], [ -2.610041876831133, 41.191697902735996 ], [ -2.608362392910124, 41.195573635414917 ], [ -2.593350388609565, 41.203583482291833 ], [ -2.588596156787219, 41.209965522091125 ], [ -2.585986496879343, 41.215520737791792 ], [ -2.59192928710695, 41.221980291956868 ], [ -2.599913295562146, 41.222574571159498 ], [ -2.609525111994344, 41.221876939169363 ], [ -2.618258429283117, 41.220094103360168 ], [ -2.625906540954134, 41.222652086424603 ], [ -2.63141008071068, 41.228362331756159 ], [ -2.639471605330357, 41.234873561865356 ], [ -2.655801357446705, 41.240945543302132 ], [ -2.680218471705132, 41.243736070363354 ], [ -2.698124354955041, 41.247973538248175 ], [ -2.709234788154959, 41.252521064495511 ], [ -2.715125902438444, 41.259032293705388 ], [ -2.720138515779865, 41.265956935863869 ], [ -2.728096685813398, 41.272778225234902 ], [ -2.741351690927786, 41.274225165159237 ], [ -2.751816168981009, 41.273940945218442 ], [ -2.760988734942146, 41.270556138954646 ], [ -2.770057949015154, 41.265543524713848 ], [ -2.781297573424297, 41.261047675309953 ], [ -2.805895554836013, 41.259936632169797 ], [ -2.844084438146297, 41.26792064152437 ], [ -2.855763312127181, 41.27270071086906 ], [ -2.863850674269202, 41.278746852984852 ], [ -2.869767625175768, 41.292725328511096 ], [ -2.871472948417818, 41.299934189711053 ], [ -2.87426347457972, 41.307530626337325 ], [ -2.879637824026361, 41.314584458805712 ], [ -2.89715613364865, 41.321405748176687 ], [ -2.909713506772903, 41.322129217689223 ], [ -2.921133999234712, 41.319648748990573 ], [ -2.929815639680044, 41.316289781148441 ], [ -2.93570675306421, 41.310915431701801 ], [ -2.940926072879961, 41.305205187269564 ], [ -2.944000819881921, 41.299081528989348 ], [ -2.959994676113411, 41.291433417318331 ], [ -2.982267217558046, 41.287247626276894 ], [ -3.048903978335943, 41.280917263321044 ], [ -3.083811408169936, 41.280762233690098 ], [ -3.19879147015024, 41.301200263381418 ], [ -3.332629979090257, 41.377054572410543 ], [ -3.343660253018299, 41.388007941713113 ], [ -3.345604833696143, 41.405036751245063 ], [ -3.336914647892684, 41.448015268190034 ], [ -3.337452977572866, 41.452673471303626 ], [ -3.340979588936875, 41.457089975322106 ], [ -3.348472265382725, 41.461110971893788 ], [ -3.382354102060162, 41.465219858309808 ], [ -3.41471982655878, 41.479600963014036 ], [ -3.418872658346515, 41.483589000332074 ], [ -3.421278664079068, 41.48873060163595 ], [ -3.424365822624623, 41.512230358843965 ], [ -3.427145363567661, 41.516888561957558 ], [ -3.437373635584834, 41.524633923616648 ], [ -3.449282816049106, 41.529621716568954 ], [ -3.456544779517969, 41.530357800871798 ], [ -3.475056742874415, 41.523623180964989 ], [ -3.482780131397931, 41.522777233682348 ], [ -3.523550397233066, 41.540662976615067 ], [ -3.53187803394411, 41.548078748435444 ], [ -3.536536237057703, 41.556768934238903 ], [ -3.541732770750798, 41.577774794970765 ], [ -3.542963239361995, 41.59377088871554 ], [ -3.540886823468156, 41.600922989204548 ], [ -3.535844098126631, 41.605822891413311 ], [ -3.527681256784604, 41.607470840606766 ], [ -3.45970884178962, 41.589431289322533 ], [ -3.393483252849876, 41.690670306689299 ], [ -3.358469824422855, 41.693405902260565 ], [ -3.354349950989445, 41.737340230367295 ], [ -3.320995457874119, 41.745382222611454 ], [ -3.282971774627697, 41.764333639685674 ], [ -3.279533054007231, 41.767299948233983 ], [ -3.277863131678203, 41.771408835549323 ], [ -3.287695895349316, 41.833997949245941 ], [ -3.28642148136629, 41.855234522055525 ], [ -3.272095309051281, 41.865396875565352 ], [ -3.252990083625491, 41.863693994881942 ], [ -3.237334565837557, 41.849367822566933 ], [ -3.233412446127488, 41.843951562914299 ], [ -3.228677338388479, 41.840446923786487 ], [ -3.201563079972175, 41.831130517559302 ], [ -3.194839447082813, 41.826922753382348 ], [ -3.17143856673647, 41.79294203894392 ], [ -3.075352137691027, 41.883194728653791 ], [ -3.045150720729168, 41.889369044845523 ], [ -3.016849938174119, 41.886831202997598 ], [ -3.002556724213434, 41.921657864718668 ], [ -2.999052085984999, 41.926447903947576 ], [ -2.990779380763797, 41.929765774570797 ], [ -2.981660727360691, 41.929304349516087 ], [ -2.973750571231903, 41.930820462594227 ], [ -2.969202231098109, 41.940059965095315 ], [ -2.964302328889403, 41.962548979651672 ], [ -2.932266194229499, 42.01805191136657 ], [ -2.910178594766364, 42.023430081133313 ], [ -2.870930345159309, 42.014748439788661 ], [ -2.840105352679871, 42.025497137782679 ], [ -2.812846035416214, 42.038054510906932 ], [ -2.801632249428792, 42.047304592133173 ], [ -2.796283739303135, 42.056012071000225 ], [ -2.796438768034704, 42.063686021092963 ], [ -2.798557502426831, 42.070765692882389 ], [ -2.79752397275314, 42.077793687828432 ], [ -2.79504350405449, 42.084950873084324 ], [ -2.789694993029514, 42.092702338442166 ], [ -2.785896775615697, 42.101099758047383 ], [ -2.773933681694075, 42.112468574565014 ], [ -2.762228970190847, 42.118101305530786 ], [ -2.735357224756115, 42.120116686236031 ], [ -2.725202805964727, 42.117765407847287 ], [ -2.717192959087811, 42.114199734430201 ], [ -2.714195725552315, 42.108127752993369 ], [ -2.71256791757537, 42.101254788577592 ], [ -2.71233537357864, 42.093968411213211 ], [ -2.715746019163475, 42.079912421321183 ], [ -2.721094530188452, 42.073711249574501 ], [ -2.734168667250231, 42.064073594720583 ], [ -2.737786016611381, 42.057872422973901 ], [ -2.740473191784361, 42.050715236818689 ], [ -2.744348923563962, 42.043428860353572 ], [ -2.747449509886962, 42.036039130201686 ], [ -2.748483038661334, 42.02877859125897 ], [ -2.743599615629762, 42.022525743568167 ], [ -2.729026861800264, 42.016944688546516 ], [ -2.71370480003651, 42.016789658915627 ], [ -2.701328294065547, 42.014929307841271 ], [ -2.690605435392513, 42.011596178420859 ], [ -2.671846889622259, 42.000459906799222 ], [ -2.664147101107858, 41.999555569234133 ], [ -2.660426398059826, 41.999555569234133 ], [ -2.655620490293416, 42.000692450795952 ], [ -2.619550339576506, 42.002320257873578 ], [ -2.590869919910858, 41.999529730812412 ], [ -2.572938198239285, 42.000149848436706 ], [ -2.57226640467087, 42.001700141148547 ], [ -2.570354376753073, 42.004774889049884 ], [ -2.567951423319528, 42.01009756075382 ], [ -2.55681515079857, 42.022758287564898 ], [ -2.546169805592058, 42.038571274844458 ], [ -2.542113205759847, 42.046426092989805 ], [ -2.536919725265136, 42.052575588792365 ], [ -2.530408494256619, 42.056968085408812 ], [ -2.524982468865858, 42.059965318044988 ], [ -2.519737310628386, 42.063427639573888 ], [ -2.515654873273775, 42.068801988121209 ], [ -2.513613654146809, 42.082496242807338 ], [ -2.512735155003384, 42.097947495780261 ], [ -2.511572435019843, 42.105130520357193 ], [ -2.508394334331058, 42.110349840172944 ], [ -2.502451545002828, 42.111099148107201 ], [ -2.481522589795702, 42.108231105780874 ], [ -2.47263424287604, 42.111409207368979 ], [ -2.449948289382064, 42.123113918872207 ], [ -2.437442593101196, 42.1318989121051 ], [ -2.410467494879015, 42.138565171845187 ], [ -2.347448086160284, 42.142208360527377 ], [ -2.296133388944781, 42.137790025489267 ], [ -2.286650762822433, 42.134120999284676 ], [ -2.281224738330991, 42.129935208243239 ], [ -2.278537563158011, 42.123682358753854 ], [ -2.276315476877755, 42.116654364707131 ], [ -2.275669520831741, 42.10934214892103 ], [ -2.272233038623824, 42.101926581246687 ], [ -2.266135219664648, 42.095156968719095 ], [ -2.256290859235776, 42.089420884965818 ], [ -2.245516322820038, 42.089524237753324 ], [ -2.189679937778919, 42.104071153161158 ], [ -2.17179989295073, 42.105492255563092 ], [ -2.153377243964655, 42.104562079576283 ], [ -2.137874315047611, 42.101564846040787 ], [ -2.127797409722689, 42.096655585486872 ], [ -2.122681443593763, 42.090712796158584 ], [ -2.123224045952952, 42.083684801212598 ], [ -2.127797409722689, 42.077897039716561 ], [ -2.135057948665406, 42.072936103218581 ], [ -2.142886929288352, 42.069732164108075 ], [ -2.148984748247528, 42.064771226710718 ], [ -2.150535040959369, 42.058156642914696 ], [ -2.149449836240933, 42.050766912762811 ], [ -2.146194220287043, 42.043222153879299 ], [ -2.140509813377207, 42.036865953400991 ], [ -2.11663530057865, 42.022034817153042 ], [ -2.106661749839873, 42.009219062509715 ], [ -2.104181281141223, 42.003844713063017 ], [ -2.104052089931997, 42.001312568420246 ], [ -2.104594692291244, 42.000072333171602 ], [ -2.106558397052368, 41.998832098822277 ], [ -2.11048580567541, 41.995886542130165 ], [ -2.115395067128645, 41.99139069272627 ], [ -2.11720374225888, 41.984931139460514 ], [ -2.116118536641181, 41.978109850089481 ], [ -2.110640835306299, 41.963407905050758 ], [ -2.105369838647164, 41.957077542094851 ], [ -2.095215419855776, 41.952736721422525 ], [ -2.040128342748801, 41.942039700271948 ], [ -2.023359341060768, 41.941316229860092 ], [ -1.998270433233927, 41.933513089457506 ], [ -1.988219367230045, 41.927725327961468 ], [ -1.977935757229432, 41.920542304283913 ], [ -1.967884691225549, 41.918449409212826 ], [ -1.943855149695423, 41.920464789018752 ], [ -1.932512173398095, 41.922557684989158 ], [ -1.922461107394213, 41.925735784778624 ], [ -1.904710251976553, 41.934004014973311 ], [ -1.896519537946347, 41.938784085217321 ], [ -1.857736375433376, 41.954803778971211 ], [ -1.851586879630815, 41.906150418506968 ] ] ] } },
{ "type": "Feature", "properties": { "name": "Burgos", "admin": "Spain", "region": "Castilla y León" }, "geometry": { "type": "MultiPolygon", "coordinates": [ [ [ [ -2.906716274136727, 42.626261501866793 ], [ -2.933381313097129, 42.630188910489778 ], [ -2.948651698916763, 42.635149847887135 ], [ -3.01415157723352, 42.640885932539732 ], [ -3.056887986791139, 42.637294419801606 ], [ -3.072106695767388, 42.632075099985855 ], [ -3.075801561293019, 42.625667223563482 ], [ -3.064484421618772, 42.613523260689931 ], [ -3.06115129219836, 42.606521104165608 ], [ -3.060531174574066, 42.599415594853781 ], [ -3.066758184742469, 42.591457423920929 ], [ -3.073501959747659, 42.585669664223587 ], [ -3.079625617128556, 42.579416816532841 ], [ -3.083656379438366, 42.57321564388684 ], [ -3.113887090916535, 42.548410956000794 ], [ -3.11515316368758, 42.540762844329777 ], [ -3.110708991127069, 42.536809597285071 ], [ -3.102595790563271, 42.536163642138376 ], [ -3.094611782108075, 42.538954169199542 ], [ -3.085800951352837, 42.540065213238961 ], [ -3.077842780419985, 42.539755153977126 ], [ -3.072390915708183, 42.53523346615151 ], [ -3.070013799797039, 42.529135647192334 ], [ -3.070711431787174, 42.520970771583791 ], [ -3.073734503744333, 42.512082423764809 ], [ -3.080555793115366, 42.499731757114887 ], [ -3.083191291444962, 42.491463527819519 ], [ -3.080478277850261, 42.484668076870207 ], [ -3.065621304079912, 42.476890773990021 ], [ -3.060066086580662, 42.47146474949858 ], [ -3.05730139794116, 42.464953518490063 ], [ -3.052082078125409, 42.459062405105897 ], [ -3.049214035799139, 42.452344469421689 ], [ -3.049601610326079, 42.446298326406634 ], [ -3.058231573928026, 42.425860296715314 ], [ -3.059290941124061, 42.403613592793022 ], [ -3.05828324987209, 42.395345364397031 ], [ -3.056087002013555, 42.388058987032593 ], [ -3.056035326069434, 42.380281684152351 ], [ -3.071951667035819, 42.359378567366946 ], [ -3.078385381879855, 42.355502834688025 ], [ -3.097815721218581, 42.352608953940035 ], [ -3.107866787222463, 42.348965766157164 ], [ -3.109417079934303, 42.343462226400618 ], [ -3.105463832889598, 42.337648627382237 ], [ -3.099572720404751, 42.33250682193227 ], [ -3.097867397162645, 42.325117091780328 ], [ -3.098099941159376, 42.307753810889665 ], [ -3.096162074819915, 42.299795640856132 ], [ -3.093474901445575, 42.291940822710785 ], [ -3.090167608648244, 42.284757799033173 ], [ -3.088565639992282, 42.277393907302951 ], [ -3.087893846423867, 42.269952501206944 ], [ -3.088772344667973, 42.260444037562252 ], [ -3.090839403115979, 42.24907522194394 ], [ -3.102208217834971, 42.217836819213801 ], [ -3.108693610421767, 42.209465237130985 ], [ -3.120966762705962, 42.201558743041517 ], [ -3.120449997869116, 42.196287747281701 ], [ -3.087144537590348, 42.158563951065446 ], [ -3.084509040160071, 42.150915839394429 ], [ -3.077765265154881, 42.137686672701761 ], [ -3.070711431787174, 42.133190823297809 ], [ -3.05523434129185, 42.125258490786678 ], [ -3.044485643297833, 42.113269558443335 ], [ -3.039860601785335, 42.106551621859865 ], [ -3.036475796420859, 42.099549465335542 ], [ -3.026321376730152, 42.087973945041483 ], [ -3.010844285335509, 42.082134508500758 ], [ -2.997718472329666, 42.081514390876407 ], [ -2.990018682915888, 42.082392890019833 ], [ -2.97503251793637, 42.082082830757997 ], [ -2.960149704845037, 42.083323066006642 ], [ -2.951313034768759, 42.085080064293493 ], [ -2.942217983173407, 42.084873358718482 ], [ -2.934156460352369, 42.082702949281668 ], [ -2.928730434961608, 42.077018541472512 ], [ -2.924234584658336, 42.07019725210148 ], [ -2.921805792803127, 42.063298448364662 ], [ -2.917620001761691, 42.057174790983765 ], [ -2.910178594766364, 42.023430081133313 ], [ -2.932266194229499, 42.01805191136657 ], [ -2.964302328889403, 41.962548979651672 ], [ -2.969202231098109, 41.940059965095315 ], [ -2.973750571231903, 41.930820462594227 ], [ -2.981660727360691, 41.929304349516087 ], [ -2.990779380763797, 41.929765774570797 ], [ -2.999052085984999, 41.926447903947576 ], [ -3.002556724213434, 41.921657864718668 ], [ -3.016849938174119, 41.886831202997598 ], [ -3.045150720729168, 41.889369044845523 ], [ -3.075352137691027, 41.883194728653791 ], [ -3.17143856673647, 41.79294203894392 ], [ -3.194839447082813, 41.826922753382348 ], [ -3.201563079972175, 41.831130517559302 ], [ -3.228677338388479, 41.840446923786487 ], [ -3.233412446127488, 41.843951562914299 ], [ -3.237334565837557, 41.849367822566933 ], [ -3.252990083625491, 41.863693994881942 ], [ -3.272095309051281, 41.865396875565352 ], [ -3.28642148136629, 41.855234522055525 ], [ -3.287695895349316, 41.833997949245941 ], [ -3.277863131678203, 41.771408835549323 ], [ -3.279533054007231, 41.767299948233983 ], [ -3.282971774627697, 41.764333639685674 ], [ -3.320995457874119, 41.745382222611454 ], [ -3.354349950989445, 41.737340230367295 ], [ -3.358469824422855, 41.693405902260565 ], [ -3.393483252849876, 41.690670306689299 ], [ -3.45970884178962, 41.589431289322533 ], [ -3.527681256784604, 41.607470840606766 ], [ -3.535844098126631, 41.605822891413311 ], [ -3.540886823468156, 41.600922989204548 ], [ -3.542963239361995, 41.59377088871554 ], [ -3.541732770750798, 41.577774794970765 ], [ -3.572944930364258, 41.565415174670534 ], [ -3.623317245994144, 41.573610976165583 ], [ -3.647542100487556, 41.570161269427047 ], [ -3.672766711514555, 41.559240858478802 ], [ -3.678611437867573, 41.55427503776275 ], [ -3.690861194288686, 41.535850965149905 ], [ -3.697409045690904, 41.53104993980287 ], [ -3.719952992636536, 41.521590710442922 ], [ -3.72722594132415, 41.514076061760818 ], [ -3.729566029448733, 41.504957409257031 ], [ -3.729093617376577, 41.457650278137805 ], [ -3.769918814701555, 41.460067270887805 ], [ -3.786046744561645, 41.50210096368852 ], [ -3.834089959084338, 41.499519176468823 ], [ -3.835803826785195, 41.499870738543734 ], [ -3.889010615747338, 41.547100965037487 ], [ -3.980614623166332, 41.583245986113354 ], [ -3.992996215702817, 41.608657363846248 ], [ -4.030382691508009, 41.630619034840549 ], [ -4.027581177429397, 41.684001605289836 ], [ -4.031382447142221, 41.701074360193559 ], [ -4.055794069240903, 41.74077895098776 ], [ -4.04102844410744, 41.768222800142098 ], [ -4.037941285561885, 41.789843894280295 ], [ -4.090104373518045, 41.831031640697631 ], [ -4.088731082673348, 41.870483546278592 ], [ -4.053267213511106, 41.869670557350332 ], [ -3.998049926263093, 41.88566665199437 ], [ -3.991095580396745, 41.890654444946676 ], [ -3.98589904760297, 41.897301174109884 ], [ -3.982647093688456, 41.905848537679844 ], [ -3.980471800932889, 41.925283352944348 ], [ -3.976088256168111, 41.930128323663212 ], [ -3.914465938852004, 41.942707669922981 ], [ -3.901128536053079, 41.950595853815571 ], [ -3.893218379924292, 41.96275771949314 ], [ -3.892460323385251, 41.974084624006196 ], [ -3.896195674590729, 41.984301909905184 ], [ -3.903919064013621, 41.991278228007786 ], [ -3.915125118529431, 41.992915191083171 ], [ -4.006026000899226, 41.957253569096906 ], [ -4.024570923509316, 41.957517240428274 ], [ -4.029009400663313, 41.97653457511052 ], [ -3.972671507783843, 42.030763092842449 ], [ -3.970946653964916, 42.039815827738209 ], [ -3.978296508177323, 42.04845108205177 ], [ -3.988524780194439, 42.051538240597324 ], [ -4.079931032990771, 42.040112459222598 ], [ -4.085380251897107, 42.042683259424848 ], [ -4.104177860619757, 42.061623690380998 ], [ -4.120305790479847, 42.12821182751378 ], [ -4.205405891868452, 42.134726720561673 ], [ -4.190991828809842, 42.181056067383565 ], [ -4.238079233070152, 42.214377602144623 ], [ -4.2350250337783, 42.22906632355199 ], [ -4.276981821953541, 42.383281416903856 ], [ -4.27267518091486, 42.38557755965661 ], [ -4.317466442422415, 42.382457442756731 ], [ -4.326980603272204, 42.390741134096061 ], [ -4.330759900748831, 42.405561691618743 ], [ -4.330595105379814, 42.43869645877453 ], [ -4.325255749453277, 42.449276292866614 ], [ -4.31589539785432, 42.456340501712759 ], [ -4.302470104311851, 42.459361742650287 ], [ -4.243934945541298, 42.455274828470522 ], [ -4.246220102175982, 42.492013110716471 ], [ -4.26317200708246, 42.536035329566801 ], [ -4.276004038555527, 42.55052629635145 ], [ -4.297064830777344, 42.566621267857215 ], [ -4.299284068904683, 42.564314138986276 ], [ -4.304249889620735, 42.568829519866426 ], [ -4.282628794583218, 42.576047537963461 ], [ -4.293933726860018, 42.605205253919337 ], [ -4.274048472658876, 42.616883721406566 ], [ -4.275773325578541, 42.652984796211342 ], [ -4.285045787333218, 42.675968195975429 ], [ -4.282903452932032, 42.686009700387331 ], [ -4.266830454561841, 42.70541155639819 ], [ -4.265369272973601, 42.701665218175265 ], [ -4.258546763222569, 42.69727068729236 ], [ -4.245176401169999, 42.692370784184334 ], [ -4.218446663182988, 42.704730404484565 ], [ -4.185498664531735, 42.736305112291063 ], [ -4.159131475637082, 42.748752622435575 ], [ -4.145881963581758, 42.751631040240284 ], [ -4.132687383016332, 42.747796812173135 ], [ -4.117141728208196, 42.737392758668875 ], [ -4.111516727814774, 42.736008481706051 ], [ -4.103375858708944, 42.738755063395445 ], [ -4.096047977632054, 42.745742368515494 ], [ -4.085765754386046, 42.763126533462753 ], [ -4.047163459026422, 42.770102851565298 ], [ -4.018896449611475, 42.816301580853235 ], [ -4.011041632365448, 42.820771592734786 ], [ -4.00277340307008, 42.823587958217672 ], [ -4.000344611214871, 42.821107490418342 ], [ -3.999104376865489, 42.81542308170981 ], [ -3.998251716143784, 42.792685452271769 ], [ -3.99739905362344, 42.785941677266578 ], [ -4.000189581583925, 42.769792792303519 ], [ -3.96520463738409, 42.762506414939082 ], [ -3.949029913999368, 42.764418442856822 ], [ -3.929418708406672, 42.768965969104158 ], [ -3.917403936742289, 42.77346181940743 ], [ -3.883039110166806, 42.79712962483228 ], [ -3.865469122801812, 42.799816799105997 ], [ -3.830897589751999, 42.799868475949381 ], [ -3.821389126107306, 42.803950914203313 ], [ -3.815756395141534, 42.810048733162489 ], [ -3.814722866367219, 42.81697337532097 ], [ -3.815601366409965, 42.823717149426898 ], [ -3.818081834209295, 42.828600572458413 ], [ -3.825549078727022, 42.839349270452431 ], [ -3.827797004328318, 42.847152410855074 ], [ -3.826815150598748, 42.857539374542455 ], [ -3.827564460331587, 42.865497545475307 ], [ -3.831388516167124, 42.87231883394702 ], [ -3.839682582984835, 42.87578115547592 ], [ -3.849914517041327, 42.876633816197625 ], [ -3.86208431563864, 42.872008775584504 ], [ -3.869370693003077, 42.864799913485172 ], [ -3.877199672726704, 42.855265611418815 ], [ -3.885312873290502, 42.851234850008325 ], [ -3.893891160049009, 42.851389878739894 ], [ -3.900996670260156, 42.85536896420632 ], [ -3.904639858043026, 42.861544298430601 ], [ -3.905208298823936, 42.868649806843109 ], [ -3.909239061133746, 42.880277004879872 ], [ -3.906422694751598, 42.885392971008798 ], [ -3.90047990632263, 42.889630438893619 ], [ -3.899833950276616, 42.894539700346854 ], [ -3.89815446635555, 42.898570461757402 ], [ -3.869680752264912, 42.899991563260016 ], [ -3.839475877409825, 42.914176744361214 ], [ -3.834101527963128, 42.921566474513156 ], [ -3.836246099877599, 42.927870999047343 ], [ -3.841749639634145, 42.934433905999924 ], [ -3.848519253061113, 42.940996812952505 ], [ -3.855883144791335, 42.945751043875532 ], [ -3.864642299602451, 42.947921454211723 ], [ -3.873323940047783, 42.946216131868994 ], [ -3.881333786924756, 42.943864854379513 ], [ -3.886320562743776, 42.938361313723647 ], [ -3.894821336035818, 42.925597235923703 ], [ -3.901952683769366, 42.920377916107896 ], [ -3.927790900429727, 42.908828233336294 ], [ -3.946110194829657, 42.904358222354062 ], [ -3.956161260833539, 42.904564927929073 ], [ -3.965773078165057, 42.907252102202733 ], [ -3.974248013035378, 42.912161362756649 ], [ -3.98065589035707, 42.918491725712556 ], [ -3.984790004555066, 42.925829779920377 ], [ -3.985100062917581, 42.933141994807215 ], [ -3.983627284571526, 42.94032501938409 ], [ -3.960708787080875, 42.987428087136493 ], [ -3.952621425838117, 42.999236152326546 ], [ -3.951148646592799, 43.000631415407497 ], [ -3.943293830246091, 43.004972236079823 ], [ -3.934973924107339, 43.007633571931763 ], [ -3.916628791285689, 43.016496080429761 ], [ -3.896139084750985, 43.033187567752009 ], [ -3.88024858220632, 43.039905504335536 ], [ -3.864952357964967, 43.043471177752622 ], [ -3.854901291961085, 43.047656968794058 ], [ -3.842679815621011, 43.05732046206964 ], [ -3.83880408384141, 43.067087307233408 ], [ -3.83802893658617, 43.07602733009719 ], [ -3.838287319004564, 43.084657293699138 ], [ -3.831724412051983, 43.088377996747113 ], [ -3.823068610028315, 43.090341702407613 ], [ -3.813224249599443, 43.090858466345139 ], [ -3.784647182721301, 43.089101467158969 ], [ -3.775293747808234, 43.090393378351678 ], [ -3.766224534634603, 43.093442287831294 ], [ -3.751005824759034, 43.103338325103607 ], [ -3.732815720669009, 43.110857245565398 ], [ -3.721111009165725, 43.11804027014233 ], [ -3.706202357652671, 43.129719143223838 ], [ -3.682327846652811, 43.153386949548064 ], [ -3.662148200279205, 43.169303290514449 ], [ -3.647807990446438, 43.176176255829546 ], [ -3.636697557246464, 43.177054754972914 ], [ -3.627783371905082, 43.17431590385587 ], [ -3.612022060569643, 43.165324205048023 ], [ -3.603779669695996, 43.161758530731561 ], [ -3.574349941196829, 43.15865794530788 ], [ -3.546082932681202, 43.152999375920444 ], [ -3.519030320992556, 43.143775133115867 ], [ -3.500065069647235, 43.140700385214586 ], [ -3.4816682599822, 43.141863105198127 ], [ -3.452005988385679, 43.138865872561951 ], [ -3.423790655814116, 43.140622869949482 ], [ -3.362424892594731, 43.157934474896081 ], [ -3.278476527769556, 43.197311917510945 ], [ -3.268322108978168, 43.199947414941221 ], [ -3.25945960137949, 43.201187649290546 ], [ -3.252483283276888, 43.200438341356346 ], [ -3.246592169892722, 43.198087062967545 ], [ -3.229745652939528, 43.186976629767628 ], [ -3.207498949017292, 43.184392809180792 ], [ -3.173573371114173, 43.183979397131452 ], [ -3.151507534345228, 43.181447252488681 ], [ -3.145926479323577, 43.178372503688081 ], [ -3.142154100331481, 43.174780991849275 ], [ -3.141844041069646, 43.165117499473013 ], [ -3.159543218744545, 43.154937242259905 ], [ -3.164814215403737, 43.146979072226372 ], [ -3.172565679862259, 43.131372788723183 ], [ -3.170834519997129, 43.122432765859458 ], [ -3.165098436243852, 43.116541653374554 ], [ -3.147580124822923, 43.111270656715419 ], [ -3.141844041069646, 43.104139308981928 ], [ -3.142748378634792, 43.092460435900364 ], [ -3.148148565603833, 43.074218654966955 ], [ -3.148510300809733, 43.050447495855224 ], [ -3.155124883706435, 43.039595445073701 ], [ -3.160938482724816, 43.03303253812112 ], [ -3.165124273766253, 43.026676336743549 ], [ -3.160473394731412, 43.022955633695517 ], [ -3.152231003857764, 43.019855048271836 ], [ -3.121612717852656, 43.01357636215937 ], [ -3.092079636565984, 43.012206935701499 ], [ -3.084948288832493, 43.010708319833043 ], [ -3.07352779816938, 43.01396393488767 ], [ -3.055260178814194, 43.043135280968443 ], [ -3.036734177939991, 43.049724026342744 ], [ -3.028620978275512, 43.047346910431543 ], [ -3.023608364034772, 43.043109443446042 ], [ -3.023582525613051, 43.037114977274371 ], [ -3.022884893622972, 43.03132721577839 ], [ -3.01608944267366, 43.025410264871823 ], [ -2.997124193127036, 43.020836900202767 ], [ -2.989501918978362, 43.014687405299469 ], [ -2.987409023008013, 43.008925483124528 ], [ -2.989708624553373, 43.000476385776551 ], [ -2.992912562764559, 42.994275214029869 ], [ -2.99699500191781, 42.990916246187794 ], [ -2.999320440985571, 42.989469306263459 ], [ -3.001645880952651, 42.989055895113438 ], [ -3.008596360633533, 42.988978379848334 ], [ -3.027019008720288, 42.986497911149684 ], [ -3.03936967626953, 42.987040514408193 ], [ -3.039628057788661, 42.978048813801706 ], [ -3.034279547663004, 42.972622789310265 ], [ -3.025442877586727, 42.965078030426753 ], [ -3.012291226159164, 42.95846344753005 ], [ -2.983378261597522, 42.950996202113004 ], [ -2.978520676987671, 42.944484972003806 ], [ -2.9771254130074, 42.939033108191381 ], [ -2.97906328024618, 42.93360708280062 ], [ -2.982267217558046, 42.929395453337463 ], [ -2.987460699851454, 42.926320706335503 ], [ -3.000870733697411, 42.923271795956623 ], [ -3.008958095839489, 42.923271795956623 ], [ -3.021696336117031, 42.914460965201386 ], [ -3.029189419056479, 42.910249334838909 ], [ -3.037896897923531, 42.908854071757958 ], [ -3.058980881862226, 42.908673203705348 ], [ -3.07528479735555, 42.905572618281667 ], [ -3.084741584156802, 42.905546779860003 ], [ -3.094405077432384, 42.906502794268533 ], [ -3.104146084174431, 42.908518174973779 ], [ -3.123912319398016, 42.910766100575074 ], [ -3.133059047836809, 42.913039862799394 ], [ -3.141043057191325, 42.916088772279011 ], [ -3.146494920104487, 42.921256415251321 ], [ -3.151197475982713, 42.934278876369035 ], [ -3.157450323673515, 42.939343167453217 ], [ -3.166054449753062, 42.942857164026861 ], [ -3.175950487025375, 42.945079251206437 ], [ -3.188326992097018, 42.946732895806463 ], [ -3.224112921973756, 42.943787340013728 ], [ -3.233182135147445, 42.938154609047956 ], [ -3.239977586096757, 42.931565864572974 ], [ -3.244421758657268, 42.924615383093453 ], [ -3.25602311827231, 42.912264716443474 ], [ -3.270259976216948, 42.900947576769227 ], [ -3.275453456711659, 42.89391958272256 ], [ -3.279096646293226, 42.887201646139033 ], [ -3.2800784982241, 42.880354519245657 ], [ -3.275918544705064, 42.874695949858165 ], [ -3.261810878868971, 42.864929103795077 ], [ -3.231450975282314, 42.83588694892353 ], [ -3.224293789127103, 42.831830349091319 ], [ -3.217394985390285, 42.82973745402029 ], [ -3.211917284055403, 42.83206289308805 ], [ -3.209979416816623, 42.837282212903801 ], [ -3.210909592803489, 42.842863267925452 ], [ -3.207369756908747, 42.848857734097123 ], [ -3.202718878773226, 42.855058905843805 ], [ -3.19569088382724, 42.860329902502997 ], [ -3.187551845741098, 42.863714707867473 ], [ -3.178120897361509, 42.865239163056913 ], [ -3.15907813165046, 42.864619046331882 ], [ -3.151481695923565, 42.868107205383183 ], [ -3.144221156980791, 42.873533229874624 ], [ -3.130216843932203, 42.888622748540968 ], [ -3.121225145124356, 42.890328070883754 ], [ -3.114222987700714, 42.886917426198238 ], [ -3.110424771186274, 42.879605211311457 ], [ -3.112543503779705, 42.868262234114809 ], [ -3.119313117206616, 42.858314520898375 ], [ -3.130216843932203, 42.845214545414933 ], [ -3.141301438710457, 42.834698391417589 ], [ -3.147683477610428, 42.825396633347907 ], [ -3.151197475982713, 42.817593492046001 ], [ -3.151869268651808, 42.810152085949994 ], [ -3.147735155353132, 42.803692531784918 ], [ -3.141585658651252, 42.797956448031641 ], [ -3.134454311817024, 42.793228053731696 ], [ -3.129002448004599, 42.786251736528413 ], [ -3.132232224637448, 42.777389228030415 ], [ -3.13631466289138, 42.769896145091025 ], [ -3.123860642554632, 42.770051173822594 ], [ -3.119571498725691, 42.768707586685764 ], [ -3.093991665383044, 42.774443671338361 ], [ -3.063502569687842, 42.785295722119884 ], [ -3.031437343758398, 42.772738348995574 ], [ -3.003196173664492, 42.75323049619044 ], [ -2.984127570431042, 42.743127753343117 ], [ -2.968676316558799, 42.737753403896477 ], [ -2.943354864735227, 42.714343979990645 ], [ -2.917930060124206, 42.705791530754539 ], [ -2.852456021128489, 42.665406398686343 ], [ -2.841707323134472, 42.655820421575186 ], [ -2.837314825618705, 42.644115709172638 ], [ -2.906716274136727, 42.626261501866793 ] ], [ [ -4.057947389760216, 42.137165685547927 ], [ -4.053981325577695, 42.139483800536937 ], [ -4.05209167638975, 42.143515783226803 ], [ -4.054398806160009, 42.157292638844183 ], [ -4.059935915809888, 42.165949866293261 ], [ -4.070702517507186, 42.172014319505195 ], [ -4.083007205418198, 42.17448624284583 ], [ -4.093147586691771, 42.172398840833807 ], [ -4.097311405496953, 42.169179846172938 ], [ -4.1007830844718, 42.164961096777176 ], [ -4.102991337380331, 42.160061193669151 ], [ -4.103342899455242, 42.154820715503604 ], [ -4.100047001068276, 42.145207677792087 ], [ -4.096838992525477, 42.141120763612321 ], [ -4.09255432462237, 42.138593907882523 ], [ -4.073778689035294, 42.133781896417361 ], [ -4.057947389760216, 42.137165685547927 ] ] ], [ [ [ -2.726132981951594, 42.795062568182971 ], [ -2.71502254875162, 42.792995509734965 ], [ -2.700423957399721, 42.787957057971823 ], [ -2.63890316365007, 42.774236964864031 ], [ -2.626294114581754, 42.773203436988979 ], [ -2.616682298149556, 42.774185288919909 ], [ -2.608129848913393, 42.776614080775175 ], [ -2.601541104438411, 42.776097316837706 ], [ -2.596347622145061, 42.77364268746004 ], [ -2.59270443436219, 42.769250189944273 ], [ -2.586942511287873, 42.764883530850227 ], [ -2.578105841211595, 42.760491035133157 ], [ -2.569501715132049, 42.759095771152886 ], [ -2.559192266709772, 42.75935415357128 ], [ -2.556065842864371, 42.756382758457505 ], [ -2.5577711652071, 42.748243720371363 ], [ -2.560354986693312, 42.743851222855653 ], [ -2.561931117826816, 42.739148667876691 ], [ -2.57128455184062, 42.725247708514928 ], [ -2.57516028541886, 42.721320298992566 ], [ -2.580431281178676, 42.718478095088017 ], [ -2.593117844612834, 42.715894272702485 ], [ -2.598207974118736, 42.71315542338408 ], [ -2.600300869189766, 42.709072984230829 ], [ -2.600791794705572, 42.704370429251867 ], [ -2.597045254135196, 42.700287990997936 ], [ -2.592161831103624, 42.696257228688125 ], [ -2.586839159399688, 42.69253652653947 ], [ -2.581981573890516, 42.688247381811209 ], [ -2.572137214360964, 42.677395331029686 ], [ -2.566065232924188, 42.674527288703359 ], [ -2.55950232597155, 42.673519599250085 ], [ -2.553301154224869, 42.675379951223761 ], [ -2.547099981578924, 42.678067125497421 ], [ -2.53772071004272, 42.685973618687512 ], [ -2.53234636059608, 42.688815823491439 ], [ -2.525783453643498, 42.689487617059854 ], [ -2.522553677010592, 42.686387030736853 ], [ -2.519530605053376, 42.680961005346091 ], [ -2.518290370704051, 42.674527288703359 ], [ -2.51444047734617, 42.665768133892243 ], [ -2.512941859679074, 42.65336579039888 ], [ -2.515267299646155, 42.649309190566669 ], [ -2.526041836061893, 42.644735825897612 ], [ -2.538237473980246, 42.643366401238382 ], [ -2.542759161805861, 42.646208604243668 ], [ -2.545136277717063, 42.650006822556804 ], [ -2.550407274376198, 42.651815496787719 ], [ -2.556918503586076, 42.65336579039888 ], [ -2.634071418361259, 42.654761054379151 ], [ -2.684352585903127, 42.670289821717859 ], [ -2.75243628570604, 42.681839505388837 ], [ -2.81413794570966, 42.702923489327532 ], [ -2.840751308725942, 42.717754625575481 ], [ -2.865323451715938, 42.736280626449741 ], [ -2.870155198803388, 42.744678046054958 ], [ -2.868113978777103, 42.751395981739165 ], [ -2.853541225846925, 42.763694973344343 ], [ -2.832870653058194, 42.787259425981688 ], [ -2.827082891562213, 42.791832791550064 ], [ -2.81659257598659, 42.793977363464535 ], [ -2.752798020911939, 42.796974596100711 ], [ -2.726132981951594, 42.795062568182971 ] ] ] ] } },
{ "type": "Feature", "properties": { "name": "Ávila", "admin": "Spain", "region": "Castilla y León" }, "geometry": { "type": "Polygon", "coordinates": [ [ [ -5.385546317208764, 40.619723000216254 ], [ -5.36304631653428, 40.674390970766638 ], [ -5.243899583998598, 40.739979352265266 ], [ -5.2174994358503, 40.772400008253783 ], [ -5.179640547972895, 40.792944442132296 ], [ -5.161513105945119, 40.818542588369723 ], [ -5.159151045584281, 40.830188096603365 ], [ -5.162490889343076, 40.868101915970612 ], [ -5.111371502392956, 40.914771839648665 ], [ -5.127499432252989, 40.9542457183652 ], [ -5.103955730572522, 40.973768424373247 ], [ -5.097385906034731, 40.985424918725016 ], [ -5.095759929077474, 41.001662712464167 ], [ -5.099901775646458, 41.019987908215342 ], [ -5.104505047270152, 41.028117791203101 ], [ -5.111074871807887, 41.034885369464234 ], [ -5.117754559325476, 41.038313103966573 ], [ -5.138419843201234, 41.04140026251207 ], [ -5.144517255666813, 41.045168572971249 ], [ -5.147153974376408, 41.050244256667099 ], [ -5.151526533023116, 41.08331310621486 ], [ -5.145527997419151, 41.100210079631438 ], [ -5.125104412638564, 41.131993527279462 ], [ -5.107504315072106, 41.140903439941781 ], [ -5.09366154094738, 41.143935666997436 ], [ -5.059900553367868, 41.138519406445425 ], [ -5.01867984859615, 41.158426633782085 ], [ -4.998607825890474, 41.160788695042243 ], [ -4.974734534371294, 41.15532848911846 ], [ -4.885316805825937, 41.105988888376487 ], [ -4.856620515824147, 41.097507442414496 ], [ -4.836680330133163, 41.104033321580516 ], [ -4.794064361381174, 41.136025509969272 ], [ -4.701515529817868, 41.154998899279747 ], [ -4.713853176982525, 41.090564082666276 ], [ -4.6994501000421, 41.068020136619964 ], [ -4.642650781208602, 41.029018669975642 ], [ -4.631543603554462, 41.016098747758974 ], [ -4.611163964145646, 40.976767691275882 ], [ -4.601836570901014, 40.967649038772095 ], [ -4.590575583995985, 40.961408804073017 ], [ -4.574898093072534, 40.957168081541681 ], [ -4.568328268534799, 40.953454702572458 ], [ -4.563648093184952, 40.946302602982712 ], [ -4.56004457719547, 40.914299427576509 ], [ -4.545542623393374, 40.875726427632515 ], [ -4.548069479123171, 40.863652452698489 ], [ -4.561033346711611, 40.841086534416036 ], [ -4.559780904964782, 40.830638535539947 ], [ -4.5466742151429, 40.824046738765958 ], [ -4.510814838533975, 40.832890732920987 ], [ -4.495247211489641, 40.830990098514235 ], [ -4.487446918340595, 40.824046738765958 ], [ -4.483151263420098, 40.816059678011698 ], [ -4.480338763223358, 40.797481796147963 ], [ -4.475098285057811, 40.783078719207481 ], [ -4.452949846458239, 40.763676863196679 ], [ -4.444578264375423, 40.751427106775509 ], [ -4.419540420953695, 40.633368020617638 ], [ -4.34388856280691, 40.646892191021777 ], [ -4.321926891812609, 40.657878519577991 ], [ -4.258436899343451, 40.661646830037171 ], [ -4.276278696904342, 40.692661235927289 ], [ -4.261018686563148, 40.698857525254539 ], [ -4.245846566965497, 40.700802105033119 ], [ -4.185224006182921, 40.695715435219142 ], [ -4.161290859385645, 40.687310086291404 ], [ -4.168189663122462, 40.66759552701194 ], [ -4.168241339965903, 40.660929267271854 ], [ -4.171031867027068, 40.644909573517964 ], [ -4.171290249445462, 40.629897569217405 ], [ -4.173951585297459, 40.622869575170739 ], [ -4.184364385607921, 40.616358344162222 ], [ -4.195009730814434, 40.613180243473437 ], [ -4.205551724132761, 40.611164862768192 ], [ -4.223173387441875, 40.605454617436635 ], [ -4.242086961044436, 40.602793280685319 ], [ -4.251182012639788, 40.604446926184664 ], [ -4.259760301196934, 40.607134101357644 ], [ -4.266349045671916, 40.611423245186586 ], [ -4.273480394304784, 40.623334662264824 ], [ -4.278880581273825, 40.627572130149645 ], [ -4.285960252163932, 40.626771145372061 ], [ -4.290301072836257, 40.621629339922094 ], [ -4.290197720048752, 40.612456773061581 ], [ -4.286683721676411, 40.605377102171531 ], [ -4.285010428149688, 40.6 ], [ -5.412789983146046, 40.6 ], [ -5.385546317208764, 40.619723000216254 ] ] ] } },
{ "type": "Feature", "properties": { "name": "Viseu", "admin": "Portugal", "region": "Centro" }, "geometry": { "type": "Polygon", "coordinates": [ [ [ -7.550153774277248, 41.182757879872213 ], [ -7.43227983244833, 41.215985825785197 ], [ -7.417422857778661, 41.215727444266122 ], [ -7.402204148802412, 41.207485053392475 ], [ -7.37233517073156, 41.174644680207791 ], [ -7.359674444819802, 41.166066393449285 ], [ -7.326188117387687, 41.157746487310533 ], [ -7.300659959089842, 41.159348455966438 ], [ -7.326033087756798, 41.094675400849042 ], [ -7.334998949042244, 41.065349026036699 ], [ -7.338487108093545, 41.046538805221644 ], [ -7.333526169796926, 41.019822089417858 ], [ -7.346367763761293, 41.013000800046882 ], [ -7.370526495601325, 41.014137682508021 ], [ -7.373549566659165, 41.009564316939645 ], [ -7.37269690593746, 41.004009101239035 ], [ -7.365565558203969, 40.992459418467377 ], [ -7.357038947389526, 40.986645820348315 ], [ -7.347788866163228, 40.982356676519373 ], [ -7.339468960024476, 40.979566148558888 ], [ -7.334068773055435, 40.973442491177991 ], [ -7.332182582660096, 40.965768541085254 ], [ -7.33259599381006, 40.955071519934677 ], [ -7.341484340729721, 40.937759914988078 ], [ -7.372981125878255, 40.915642402275012 ], [ -7.411040818878689, 40.922308661115778 ], [ -7.423391486427988, 40.917296047774357 ], [ -7.419179856964831, 40.897038886135647 ], [ -7.41452897792999, 40.891251126438306 ], [ -7.411557582816215, 40.881484280375219 ], [ -7.412513597224745, 40.870580552750312 ], [ -7.435380417872011, 40.83042796557811 ], [ -7.445508999140998, 40.819550076374924 ], [ -7.461606208159992, 40.820041001890729 ], [ -7.468840907781669, 40.826888128784105 ], [ -7.47465450680005, 40.830634671153121 ], [ -7.508244187918933, 40.858333237988518 ], [ -7.522971971379377, 40.867169908064795 ], [ -7.533152227693165, 40.869986274447001 ], [ -7.557905238735771, 40.871562405580505 ], [ -7.569506598350813, 40.867221584908179 ], [ -7.577258062809335, 40.861252957158229 ], [ -7.581676397847502, 40.856834622120118 ], [ -7.59281266856982, 40.82965281832287 ], [ -7.603974778613178, 40.813788154199926 ], [ -7.615472785440716, 40.801980089009874 ], [ -7.61859920928606, 40.795443020479013 ], [ -7.61743648930252, 40.788104967170455 ], [ -7.609194098428929, 40.780198473081043 ], [ -7.583898485027078, 40.76513479283642 ], [ -7.578937546730401, 40.758907783567338 ], [ -7.57565609415343, 40.752344875715437 ], [ -7.575888638150161, 40.745006822406879 ], [ -7.578059047586976, 40.739477444228669 ], [ -7.589479539149409, 40.728832099022156 ], [ -7.579247605992236, 40.714104316461032 ], [ -7.55713009327917, 40.702993883261058 ], [ -7.539896002698356, 40.685372219052624 ], [ -7.544546881733197, 40.660567532065954 ], [ -7.55829281326271, 40.64811351172915 ], [ -7.578665807788239, 40.6 ], [ -8.297253580364913, 40.6 ], [ -8.29620642708494, 40.601346339861664 ], [ -8.289385137713964, 40.60651398373335 ], [ -8.248638272238509, 40.618968004070098 ], [ -8.265484788292326, 40.629251614070711 ], [ -8.283390672441612, 40.635013536245651 ], [ -8.288299932995528, 40.637571520209463 ], [ -8.295224575154009, 40.650904038790316 ], [ -8.29620642708494, 40.678964341730989 ], [ -8.299436203717846, 40.685940659833534 ], [ -8.305404832367117, 40.694312241916407 ], [ -8.31917660231835, 40.70593943905385 ], [ -8.323672450822983, 40.712063097334067 ], [ -8.325351934743992, 40.718393460289917 ], [ -8.325558641218322, 40.722966824059654 ], [ -8.324990200437412, 40.727178453522811 ], [ -8.315585089580225, 40.740252590584589 ], [ -8.292408209671123, 40.754360257320002 ], [ -8.268947108921964, 40.774204006909372 ], [ -8.248638272238509, 40.80732860003485 ], [ -8.239646571631965, 40.818852444384788 ], [ -8.238328822916856, 40.824588528138065 ], [ -8.249645961691783, 40.855361842874743 ], [ -8.21892432289917, 40.857687282841823 ], [ -8.210991991287358, 40.854974270146442 ], [ -8.19926143956377, 40.853656521431276 ], [ -8.187246669698084, 40.855180975721453 ], [ -8.169495815179744, 40.861898912304923 ], [ -8.157765265254795, 40.862208971566758 ], [ -8.149264491962754, 40.859392605184553 ], [ -8.141435513138447, 40.855206814143116 ], [ -8.133115606999695, 40.852338771816846 ], [ -8.123994716982622, 40.85161530230431 ], [ -8.115390590903075, 40.853475654277986 ], [ -8.110377976662278, 40.860400296436524 ], [ -8.109757859937304, 40.872079169518031 ], [ -8.118258633229345, 40.89016592082055 ], [ -8.123142056260917, 40.915900783794086 ], [ -8.127689581608934, 40.929233303274316 ], [ -8.128929815958259, 40.935977078279507 ], [ -8.125829229635258, 40.947655951361071 ], [ -8.120894130659622, 40.958533840564257 ], [ -8.089371507089368, 40.993363756032466 ], [ -8.087536994436732, 40.998505561482432 ], [ -8.087201096753233, 40.999900825462703 ], [ -8.087071906443327, 41.002381293262033 ], [ -8.087743700011742, 41.006696275512695 ], [ -8.091102667853818, 41.010261948929781 ], [ -8.098130661900541, 41.010572008191616 ], [ -8.111437343858313, 41.001916205268628 ], [ -8.114202033397135, 40.999099839785742 ], [ -8.116863369249074, 40.995560003891057 ], [ -8.123891364195117, 40.983751938701005 ], [ -8.137146369309505, 40.981943264470033 ], [ -8.149264491962754, 40.982046617257538 ], [ -8.224376186711652, 41.009409288208076 ], [ -8.223962774662311, 41.031190904136906 ], [ -8.222877569943932, 41.037960517563818 ], [ -8.226236537786008, 41.04762400994008 ], [ -8.229569668105682, 41.053825181686761 ], [ -8.290186123390868, 41.083384101395154 ], [ -8.223032598675502, 41.103486233402919 ], [ -8.190218064811859, 41.109144801891091 ], [ -8.090482550229524, 41.103744614921993 ], [ -8.062060512982271, 41.10586334931412 ], [ -7.940155808843485, 41.138006090508668 ], [ -7.896049973727315, 41.159115911969764 ], [ -7.843288336587477, 41.184437363793279 ], [ -7.823444586998107, 41.18642690697618 ], [ -7.809750332311978, 41.181879380728788 ], [ -7.786495938037092, 41.164206041475609 ], [ -7.774016079278624, 41.157074692842798 ], [ -7.75698869517214, 41.153250637007261 ], [ -7.737868415095306, 41.152578844338166 ], [ -7.718877326227641, 41.154800929719102 ], [ -7.702056646796848, 41.159400132809878 ], [ -7.673298712765416, 41.174360460266996 ], [ -7.658570929304972, 41.180122382441994 ], [ -7.641336838724158, 41.181310939947878 ], [ -7.63883053160373, 41.181310939947878 ], [ -7.596765915614526, 41.177848619318297 ], [ -7.550153774277248, 41.182757879872213 ] ] ] } },
{ "type": "Feature", "properties": { "name": "Palencia", "admin": "Spain", "region": "Castilla y León" }, "geometry": { "type": "MultiPolygon", "coordinates": [ [ [ [ -4.096047977632054, 42.745742368515494 ], [ -4.103375858708944, 42.738755063395445 ], [ -4.111516727814774, 42.736008481706051 ], [ -4.117141728208196, 42.737392758668875 ], [ -4.132687383016332, 42.747796812173135 ], [ -4.145881963581758, 42.751631040240284 ], [ -4.159131475637082, 42.748752622435575 ], [ -4.185498664531735, 42.736305112291063 ], [ -4.218446663182988, 42.704730404484565 ], [ -4.245176401169999, 42.692370784184334 ], [ -4.258546763222569, 42.69727068729236 ], [ -4.265369272973601, 42.701665218175265 ], [ -4.266830454561841, 42.70541155639819 ], [ -4.282903452932032, 42.686009700387331 ], [ -4.285045787333218, 42.675968195975429 ], [ -4.275773325578541, 42.652984796211342 ], [ -4.274048472658876, 42.616883721406566 ], [ -4.293933726860018, 42.605205253919337 ], [ -4.282628794583218, 42.576047537963461 ], [ -4.304249889620735, 42.568829519866426 ], [ -4.299284068904683, 42.564314138986276 ], [ -4.297064830777344, 42.566621267857215 ], [ -4.276004038555527, 42.55052629635145 ], [ -4.26317200708246, 42.536035329566801 ], [ -4.246220102175982, 42.492013110716471 ], [ -4.243934945541298, 42.455274828470522 ], [ -4.302470104311851, 42.459361742650287 ], [ -4.31589539785432, 42.456340501712759 ], [ -4.325255749453277, 42.449276292866614 ], [ -4.330595105379814, 42.43869645877453 ], [ -4.330759900748831, 42.405561691618743 ], [ -4.326980603272204, 42.390741134096061 ], [ -4.317466442422415, 42.382457442756731 ], [ -4.27267518091486, 42.38557755965661 ], [ -4.276981821953541, 42.383281416903856 ], [ -4.2350250337783, 42.22906632355199 ], [ -4.238079233070152, 42.214377602144623 ], [ -4.190991828809842, 42.181056067383565 ], [ -4.205405891868452, 42.134726720561673 ], [ -4.120305790479847, 42.12821182751378 ], [ -4.104177860619757, 42.061623690380998 ], [ -4.085380251897107, 42.042683259424848 ], [ -4.079931032990771, 42.040112459222598 ], [ -3.988524780194439, 42.051538240597324 ], [ -3.978296508177323, 42.04845108205177 ], [ -3.970946653964916, 42.039815827738209 ], [ -3.972671507783843, 42.030763092842449 ], [ -4.029009400663313, 41.97653457511052 ], [ -4.024570923509316, 41.957517240428274 ], [ -4.006026000899226, 41.957253569096906 ], [ -3.915125118529431, 41.992915191083171 ], [ -3.903919064013621, 41.991278228007786 ], [ -3.896195674590729, 41.984301909905184 ], [ -3.892460323385251, 41.974084624006196 ], [ -3.893218379924292, 41.96275771949314 ], [ -3.901128536053079, 41.950595853815571 ], [ -3.914465938852004, 41.942707669922981 ], [ -3.976088256168111, 41.930128323663212 ], [ -3.980471800932889, 41.925283352944348 ], [ -3.982647093688456, 41.905848537679844 ], [ -3.98589904760297, 41.897301174109884 ], [ -3.991095580396745, 41.890654444946676 ], [ -3.998049926263093, 41.88566665199437 ], [ -4.053267213511106, 41.869670557350332 ], [ -4.088731082673348, 41.870483546278592 ], [ -4.090104373518045, 41.831031640697631 ], [ -4.037941285561885, 41.789843894280295 ], [ -4.04102844410744, 41.768222800142098 ], [ -4.099376835272722, 41.77439711633383 ], [ -4.123041386950433, 41.807356102002473 ], [ -4.151539922329562, 41.7984242171039 ], [ -4.240133675828474, 41.804345848082392 ], [ -4.257305307593867, 41.801357567297885 ], [ -4.291099254427081, 41.77867079811881 ], [ -4.312138073513267, 41.771628561508862 ], [ -4.399743057496096, 41.781032859378911 ], [ -4.413366104761906, 41.777407370253911 ], [ -4.435097062779221, 41.764762106386058 ], [ -4.443457658743966, 41.763256979426046 ], [ -4.461958635982285, 41.766805563925629 ], [ -4.493665179904156, 41.780230857468098 ], [ -4.491951313102618, 41.838568261615933 ], [ -4.521109029058437, 41.823132469787652 ], [ -4.572250388244811, 41.815925438708007 ], [ -4.632642236050344, 41.863287501317132 ], [ -4.640618310686477, 41.886501613158885 ], [ -4.645946679595568, 41.891258693134148 ], [ -4.660130029677134, 41.897378078735301 ], [ -4.666974512563741, 41.898278957507841 ], [ -4.675587794641046, 41.896905666663145 ], [ -4.69341860518449, 41.88968764856611 ], [ -4.709282863713213, 41.878800196871566 ], [ -4.728904446582931, 41.852092432020072 ], [ -4.758589506100861, 41.825868066258238 ], [ -4.789131499918767, 41.817990868483776 ], [ -4.838196443211302, 41.898630519582809 ], [ -4.869089999104176, 41.931578519133325 ], [ -4.927767980108229, 41.915099026299004 ], [ -4.94972965020321, 41.933973538747807 ], [ -4.986808509305263, 41.913385159497466 ], [ -5.005045814312894, 41.938016507555744 ], [ -4.971306799868955, 41.986696929519667 ], [ -4.966692542127134, 42.001989899114506 ], [ -4.96391300028472, 42.006604156856326 ], [ -4.95762882111319, 42.010976715502977 ], [ -4.950256994664585, 42.014107819420303 ], [ -4.94410465070905, 42.018348541951639 ], [ -4.941500890353836, 42.02603897212083 ], [ -4.947444494467845, 42.047033845835301 ], [ -4.945466955435677, 42.054295809304108 ], [ -4.927976719949697, 42.071621249421128 ], [ -4.924043614121501, 42.081443026974114 ], [ -4.922066075089276, 42.091869052714571 ], [ -4.927427403252068, 42.150173498508138 ], [ -5.026952553817296, 42.153952795085388 ], [ -5.014548989044613, 42.184626624119403 ], [ -5.019086342160961, 42.23027481992699 ], [ -5.002233315015474, 42.289150554654327 ], [ -4.954893224642603, 42.296017009777131 ], [ -4.942511633005495, 42.346455243914363 ], [ -4.979590491208228, 42.337885908108149 ], [ -4.972735022203494, 42.374261641261739 ], [ -4.911310459510105, 42.381468673240647 ], [ -4.912705723490376, 42.400639816274463 ], [ -4.888052402296523, 42.517995777383192 ], [ -4.88796451155298, 42.536914235203767 ], [ -4.914397618055659, 42.544813406113803 ], [ -4.895259433376168, 42.621629815263759 ], [ -4.898093906708425, 42.669090753835178 ], [ -4.892402987807657, 42.684153010453031 ], [ -4.88193301669537, 42.697973812341559 ], [ -4.881021151804703, 42.704763362838889 ], [ -4.887503085598951, 42.711607845725496 ], [ -4.919956699941736, 42.72581316894258 ], [ -4.928064610693241, 42.732624692575484 ], [ -4.932074620247533, 42.739985532006699 ], [ -4.929767491376651, 42.747225523239308 ], [ -4.90926700286991, 42.769209166469807 ], [ -4.903674960830813, 42.779569273702975 ], [ -4.901917148657503, 42.848058046141887 ], [ -4.900335117072018, 42.854594911425977 ], [ -4.896786533471754, 42.859769472882817 ], [ -4.890150790426674, 42.86257098606211 ], [ -4.86565127848371, 42.860516542404469 ], [ -4.855357087959248, 42.891772647389757 ], [ -4.847622713317548, 42.902363468499232 ], [ -4.822859528244635, 42.916953312145608 ], [ -4.813433258138389, 42.925720402574484 ], [ -4.800271636826608, 42.975202826449276 ], [ -4.789197417526793, 42.989792670994973 ], [ -4.760446196035105, 43.005393257292951 ], [ -4.726863572795651, 43.015927638749531 ], [ -4.70583126480102, 43.01572093407384 ], [ -4.689604864572857, 43.019596665853442 ], [ -4.639116990556658, 43.019777533906051 ], [ -4.601238165608891, 43.025539456080992 ], [ -4.565607266262361, 43.023239854535632 ], [ -4.552378098670317, 43.023937486525767 ], [ -4.518710903185649, 43.037709256477001 ], [ -4.505662603646272, 43.039414577920411 ], [ -4.490857305820043, 43.039595445073701 ], [ -4.481245490287165, 43.042541001765812 ], [ -4.462874518144531, 43.050938422270349 ], [ -4.446028001191337, 43.050860907904564 ], [ -4.433961553582833, 43.048018703999958 ], [ -4.409647793011231, 43.038329373201975 ], [ -4.400811122935011, 43.033290921438834 ], [ -4.38109656365549, 43.008615423862693 ], [ -4.377401699029178, 43.001251533031791 ], [ -4.376445684620649, 42.999701240319951 ], [ -4.370425380926577, 42.99277659816147 ], [ -4.356550259087214, 42.985412706431248 ], [ -4.254127570231162, 42.957636624330746 ], [ -4.239916550708244, 42.950246894178804 ], [ -4.237591111640484, 42.943425604807771 ], [ -4.237901170002999, 42.93629425707428 ], [ -4.23888302193393, 42.929214586184173 ], [ -4.236738450918779, 42.915158596292144 ], [ -4.231829188566223, 42.901076768877772 ], [ -4.230072191178692, 42.893867905879119 ], [ -4.229452073554341, 42.886633206257443 ], [ -4.227307501639871, 42.879734402520626 ], [ -4.226739060858961, 42.872060452427888 ], [ -4.225111252882016, 42.865445867732603 ], [ -4.224516973679386, 42.85937388809441 ], [ -4.223483445804391, 42.855420641049704 ], [ -4.221390549834041, 42.850201321233953 ], [ -4.215964525342599, 42.845292059780718 ], [ -4.208652309556442, 42.842734076716226 ], [ -4.20131425624794, 42.842346503088606 ], [ -4.196637538791379, 42.844051826330713 ], [ -4.183821784148051, 42.852345893148424 ], [ -4.174494187656649, 42.857022609705666 ], [ -4.150154587764007, 42.862190253577296 ], [ -4.14116288895616, 42.858831284835901 ], [ -4.134444953272009, 42.853508613131964 ], [ -4.132713791608182, 42.846118882980022 ], [ -4.135530157990388, 42.839504299184057 ], [ -4.141627976949565, 42.8345433617867 ], [ -4.150232103029168, 42.831597805094589 ], [ -4.159404669889625, 42.831055202735399 ], [ -4.177362229982919, 42.826843574171562 ], [ -4.184674444869756, 42.823484605430167 ], [ -4.187671678405252, 42.817671007311105 ], [ -4.185242885650666, 42.811960761080229 ], [ -4.178214890704623, 42.806224677326952 ], [ -4.158577846690264, 42.79351227547113 ], [ -4.147054002340326, 42.790515041935635 ], [ -4.120440640223364, 42.788964749223794 ], [ -4.110389574219482, 42.785967515688299 ], [ -4.1014753888781, 42.781006578290942 ], [ -4.096126877853123, 42.776200670524474 ], [ -4.085765754386046, 42.763126533462753 ], [ -4.096047977632054, 42.745742368515494 ] ] ], [ [ [ -4.070702517507186, 42.172014319505195 ], [ -4.059935915809888, 42.165949866293261 ], [ -4.054398806160009, 42.157292638844183 ], [ -4.05209167638975, 42.143515783226803 ], [ -4.053981325577695, 42.139483800536937 ], [ -4.057947389760216, 42.137165685547927 ], [ -4.073778689035294, 42.133781896417361 ], [ -4.09255432462237, 42.138593907882523 ], [ -4.096838992525477, 42.141120763612321 ], [ -4.100047001068276, 42.145207677792087 ], [ -4.103342899455242, 42.154820715503604 ], [ -4.102991337380331, 42.160061193669151 ], [ -4.1007830844718, 42.164961096777176 ], [ -4.097311405496953, 42.169179846172938 ], [ -4.093147586691771, 42.172398840833807 ], [ -4.083007205418198, 42.17448624284583 ], [ -4.070702517507186, 42.172014319505195 ] ] ] ] } },
{ "type": "Feature", "properties": { "name": "Guadalajara", "admin": "Spain", "region": "Castilla-La Mancha" }, "geometry": { "type": "Polygon", "coordinates": [ [ [ -2.085714649011834, 40.641135354512983 ], [ -2.145710988471365, 40.659790140102871 ], [ -2.15704888000181, 40.658757425214958 ], [ -2.164157034219784, 40.640915627654067 ], [ -2.169386527166523, 40.633752541946251 ], [ -2.177274711059056, 40.62857798138873 ], [ -2.194666068784045, 40.62380991439602 ], [ -2.211914604275592, 40.623447365303662 ], [ -2.246071100201107, 40.632368264084107 ], [ -2.274207087387197, 40.646189065972578 ], [ -2.287039118860264, 40.644200539922963 ], [ -2.291433650642489, 40.633313089127739 ], [ -2.290356990382804, 40.60631967980936 ], [ -2.291742620877269, 40.6 ], [ -2.366583401239226, 40.6 ], [ -2.366997618045673, 40.600310158087325 ], [ -2.388992248293619, 40.610813087553936 ], [ -2.400374084296573, 40.610791115317681 ], [ -2.407844787606848, 40.606374611299259 ], [ -2.412479254216245, 40.6 ], [ -3.325817243581182, 40.6 ], [ -3.324132655597566, 40.624936631820106 ], [ -3.318164027847615, 40.646253159755474 ], [ -3.324649421333731, 40.64832021730416 ], [ -3.329842901828442, 40.645736395818005 ], [ -3.337025926405374, 40.643255927119299 ], [ -3.344932419595523, 40.644392809580495 ], [ -3.35547441201453, 40.649715481284431 ], [ -3.366765713267057, 40.658913886566609 ], [ -3.380744187893981, 40.678189195375069 ], [ -3.389193285241902, 40.686405747826996 ], [ -3.396350469598531, 40.686405747826996 ], [ -3.399606085552421, 40.68128978079875 ], [ -3.404644538214882, 40.677310696231643 ], [ -3.41882971841676, 40.678395900950022 ], [ -3.43430680981146, 40.675476183579008 ], [ -3.442109951113366, 40.678189195375069 ], [ -3.448750373331052, 40.683046779984863 ], [ -3.455054896965919, 40.68898957021247 ], [ -3.458801439334991, 40.694958197962421 ], [ -3.455209926596865, 40.703769028717659 ], [ -3.443117642365337, 40.716869005100477 ], [ -3.43965532083638, 40.723199368056385 ], [ -3.439422776839706, 40.730873318149065 ], [ -3.442962611835071, 40.737901313095108 ], [ -3.444021979031106, 40.751414699728571 ], [ -3.446373257419907, 40.761439928210109 ], [ -3.452884486629785, 40.772343654935696 ], [ -3.45991248157577, 40.778803209100772 ], [ -3.488747930872307, 40.78552114478498 ], [ -3.495879278605855, 40.789035143157321 ], [ -3.49843726167029, 40.792549139730966 ], [ -3.49843726167029, 40.796218166834933 ], [ -3.494716558622315, 40.799577135576328 ], [ -3.491383429201903, 40.803711248875004 ], [ -3.485208095876942, 40.812909654157181 ], [ -3.480040452005255, 40.823167425736074 ], [ -3.478154263408555, 40.82908437844128 ], [ -3.472366501912518, 40.858152370835228 ], [ -3.469782681325682, 40.863009955445079 ], [ -3.466113654221772, 40.86665314412727 ], [ -3.461462775186931, 40.869521186453596 ], [ -3.457173631357989, 40.871097316687781 ], [ -3.451489224448153, 40.875128078997648 ], [ -3.447380946873182, 40.880450750701584 ], [ -3.447742682079138, 40.89073436070214 ], [ -3.452651942633054, 40.899105942785013 ], [ -3.451644253179722, 40.907038276195465 ], [ -3.448156094128478, 40.914014594298067 ], [ -3.444874639752811, 40.923497219521039 ], [ -3.44004289356468, 40.93083527282954 ], [ -3.436373867360089, 40.938431708556493 ], [ -3.427924770911432, 40.961324368524743 ], [ -3.423532274295042, 40.968559068146476 ], [ -3.420147467131926, 40.976207179817493 ], [ -3.412266812363498, 40.989177964991086 ], [ -3.409450445981292, 40.998479723060768 ], [ -3.409786342765528, 41.012199815269241 ], [ -3.424669154957542, 41.043231513323633 ], [ -3.436451381725874, 41.077415472745827 ], [ -3.445753139795556, 41.080386867859659 ], [ -3.453272061156724, 41.081988837414883 ], [ -3.476655645741459, 41.090825507491161 ], [ -3.484045375893402, 41.095011298532597 ], [ -3.493166265910475, 41.102168483788489 ], [ -3.503863287960371, 41.115681871321272 ], [ -3.54161292169897, 41.14420726225535 ], [ -3.545772874318686, 41.161751410299303 ], [ -3.527918667012898, 41.160046087956573 ], [ -3.519624600195129, 41.162216498292764 ], [ -3.442109951113366, 41.206529038983945 ], [ -3.41921729204438, 41.210714830025381 ], [ -3.411310797954968, 41.213608709874052 ], [ -3.408752813991157, 41.221799424803578 ], [ -3.406194830926722, 41.237173163410716 ], [ -3.406530727710901, 41.244046128725813 ], [ -3.411104092379958, 41.250609036577771 ], [ -3.416400925662174, 41.256396796275112 ], [ -3.419759894403626, 41.261202704041523 ], [ -3.416891852077299, 41.264096584789513 ], [ -3.389710049179428, 41.255569973075751 ], [ -3.339764776623156, 41.253554592370506 ], [ -3.291085577737249, 41.260685940104054 ], [ -3.279871791749827, 41.26600861270731 ], [ -3.249175991378934, 41.266628730331604 ], [ -3.219823778144871, 41.293035386873555 ], [ -3.19879147015024, 41.301200263381418 ], [ -3.083811408169936, 41.280762233690098 ], [ -3.048903978335943, 41.280917263321044 ], [ -2.982267217558046, 41.287247626276894 ], [ -2.959994676113411, 41.291433417318331 ], [ -2.944000819881921, 41.299081528989348 ], [ -2.940926072879961, 41.305205187269564 ], [ -2.93570675306421, 41.310915431701801 ], [ -2.929815639680044, 41.316289781148441 ], [ -2.921133999234712, 41.319648748990573 ], [ -2.909713506772903, 41.322129217689223 ], [ -2.89715613364865, 41.321405748176687 ], [ -2.879637824026361, 41.314584458805712 ], [ -2.87426347457972, 41.307530626337325 ], [ -2.871472948417818, 41.299934189711053 ], [ -2.869767625175768, 41.292725328511096 ], [ -2.863850674269202, 41.278746852984852 ], [ -2.855763312127181, 41.27270071086906 ], [ -2.844084438146297, 41.26792064152437 ], [ -2.805895554836013, 41.259936632169797 ], [ -2.781297573424297, 41.261047675309953 ], [ -2.770057949015154, 41.265543524713848 ], [ -2.760988734942146, 41.270556138954646 ], [ -2.751816168981009, 41.273940945218442 ], [ -2.741351690927786, 41.274225165159237 ], [ -2.728096685813398, 41.272778225234902 ], [ -2.720138515779865, 41.265956935863869 ], [ -2.715125902438444, 41.259032293705388 ], [ -2.709234788154959, 41.252521064495511 ], [ -2.698124354955041, 41.247973538248175 ], [ -2.680218471705132, 41.243736070363354 ], [ -2.655801357446705, 41.240945543302132 ], [ -2.639471605330357, 41.234873561865356 ], [ -2.63141008071068, 41.228362331756159 ], [ -2.625906540954134, 41.222652086424603 ], [ -2.618258429283117, 41.220094103360168 ], [ -2.609525111994344, 41.221876939169363 ], [ -2.599913295562146, 41.222574571159498 ], [ -2.59192928710695, 41.221980291956868 ], [ -2.585986496879343, 41.215520737791792 ], [ -2.588596156787219, 41.209965522091125 ], [ -2.593350388609565, 41.203583482291833 ], [ -2.608362392910124, 41.195573635414917 ], [ -2.610041876831133, 41.191697902735996 ], [ -2.602161221163442, 41.186659450972854 ], [ -2.584823777795123, 41.179398912030138 ], [ -2.579501105191866, 41.172370917084152 ], [ -2.580224574704346, 41.165756334187449 ], [ -2.588854539205613, 41.154852607461862 ], [ -2.586322393663522, 41.14958161080267 ], [ -2.578235033320141, 41.146377671692164 ], [ -2.567176276064288, 41.14555084939218 ], [ -2.55087236236966, 41.150382595580311 ], [ -2.540795457044737, 41.154852607461862 ], [ -2.532062139755965, 41.157229723373007 ], [ -2.522786221007323, 41.152630520282287 ], [ -2.517902797975751, 41.146170966117154 ], [ -2.513717006934314, 41.139091295227047 ], [ -2.511494919754739, 41.132580064218587 ], [ -2.508135951912664, 41.127515774033725 ], [ -2.505603807269893, 41.124725246972559 ], [ -2.500384486554822, 41.121934719012074 ], [ -2.488137172692348, 41.117232164033112 ], [ -2.481445075429917, 41.113821520246915 ], [ -2.477491828385155, 41.107904568441086 ], [ -2.471884934941784, 41.093461004921437 ], [ -2.467621628635243, 41.086071274769495 ], [ -2.460386929013566, 41.079740911813587 ], [ -2.449715745385333, 41.074599107262941 ], [ -2.422482265644078, 41.065426541301804 ], [ -2.409201423007289, 41.0649872908308 ], [ -2.376516078554175, 41.077570502376773 ], [ -2.364475470266768, 41.080671087800454 ], [ -2.352409022658264, 41.077958076004393 ], [ -2.344580043833957, 41.073178005760326 ], [ -2.326880866159058, 41.065245673249194 ], [ -2.313315801782835, 41.063798733324859 ], [ -2.288356086064539, 41.067519436372891 ], [ -2.273266567398196, 41.071291816264306 ], [ -2.260554164642997, 41.076046048086653 ], [ -2.249056158714779, 41.083539130126724 ], [ -2.237041387949716, 41.088965156416805 ], [ -2.219109666278086, 41.091109728331276 ], [ -2.196475388728231, 41.088396714736575 ], [ -2.187070277871044, 41.088810125886596 ], [ -2.177613491069792, 41.090670477860215 ], [ -2.145186529934392, 41.114389960128563 ], [ -2.137099167792371, 41.118317368751548 ], [ -2.128960129706229, 41.116457018576511 ], [ -2.123146531587167, 41.111470241858171 ], [ -2.11586015512205, 41.106328437307525 ], [ -2.09121049596763, 41.094442856852311 ], [ -2.084389206596597, 41.089688625929341 ], [ -2.079299078889392, 41.083797512545118 ], [ -2.072942878411141, 41.078888251091882 ], [ -2.065268927419083, 41.076872870386637 ], [ -2.059377814034917, 41.079456691872792 ], [ -2.05728491896383, 41.084986070051059 ], [ -2.060075446024996, 41.091135565853676 ], [ -2.061780768367782, 41.109997464411435 ], [ -2.05265987835071, 41.135525620910641 ], [ -2.05322831913162, 41.15035675715859 ], [ -1.971863775792656, 41.169942125228886 ], [ -1.944862840048017, 41.164412747050619 ], [ -1.938661668301336, 41.157229723373007 ], [ -1.928868983816585, 41.15015005158358 ], [ -1.916234097225811, 41.143018703850089 ], [ -1.89117102692137, 41.135163885704742 ], [ -1.850424159647275, 41.111134345073935 ], [ -1.816911993793497, 41.096975003293721 ], [ -1.8, 41.086064607760015 ], [ -1.8, 40.6 ], [ -2.031888944936859, 40.6 ], [ -2.085714649011834, 40.641135354512983 ] ] ] } },
{ "type": "Feature", "properties": { "name": "Madrid", "admin": "Spain", "region": "Madrid" }, "geometry": { "type": "MultiPolygon", "coordinates": [ [ [ [ -4.258436899343451, 40.661646830037171 ], [ -4.321926891812609, 40.657878519577991 ], [ -4.318488171192143, 40.6823560592847 ], [ -4.299349987411972, 40.69623179266307 ], [ -4.276278696904342, 40.692661235927289 ], [ -4.258436899343451, 40.661646830037171 ] ] ], [ [ [ -4.286683721676411, 40.605377102171531 ], [ -4.290197720048752, 40.612456773061581 ], [ -4.290301072836257, 40.621629339922094 ], [ -4.285960252163932, 40.626771145372061 ], [ -4.278880581273825, 40.627572130149645 ], [ -4.273480394304784, 40.623334662264824 ], [ -4.266349045671916, 40.611423245186586 ], [ -4.259760301196934, 40.607134101357644 ], [ -4.251182012639788, 40.604446926184664 ], [ -4.242086961044436, 40.602793280685319 ], [ -4.223173387441875, 40.605454617436635 ], [ -4.205551724132761, 40.611164862768192 ], [ -4.195009730814434, 40.613180243473437 ], [ -4.184364385607921, 40.616358344162222 ], [ -4.173951585297459, 40.622869575170739 ], [ -4.171290249445462, 40.629897569217405 ], [ -4.171031867027068, 40.644909573517964 ], [ -4.168241339965903, 40.660929267271854 ], [ -4.168189663122462, 40.66759552701194 ], [ -4.161290859385645, 40.687310086291404 ], [ -4.132739630929223, 40.719220283489278 ], [ -4.128863898250302, 40.725473131180024 ], [ -4.090106574159051, 40.76913971582519 ], [ -4.079642096105886, 40.776451930712028 ], [ -4.0598500233599, 40.784125881704028 ], [ -4.047473517388937, 40.783970852073139 ], [ -4.036311408244899, 40.782317206573794 ], [ -4.027836473374578, 40.779604193878413 ], [ -4.018741420879905, 40.779371649881739 ], [ -3.995848760911599, 40.783014838563929 ], [ -3.990112677158322, 40.78456513127577 ], [ -3.98409237256493, 40.788725083895486 ], [ -3.98024247920705, 40.796631577984897 ], [ -3.975746628903835, 40.80365957293094 ], [ -3.968615282069607, 40.818284002704559 ], [ -3.966444870834152, 40.8256478953341 ], [ -3.965437181380821, 40.840427353839289 ], [ -3.96365434377293, 40.848023790465561 ], [ -3.959365199944045, 40.855981961398356 ], [ -3.952931484200633, 40.865206204202934 ], [ -3.949908413142737, 40.873086859870682 ], [ -3.949598353880958, 40.880579941910753 ], [ -3.953060675409859, 40.894300035018603 ], [ -3.951071133126277, 40.901379705908653 ], [ -3.947893032437491, 40.90827851054479 ], [ -3.934793056954049, 40.926158556272355 ], [ -3.919884406340316, 40.940240382787408 ], [ -3.911512824257443, 40.950265611268946 ], [ -3.902081874978535, 40.958533840564257 ], [ -3.891875780243083, 40.964838365098444 ], [ -3.805731166659996, 40.987265937073289 ], [ -3.79622270301536, 40.991451728114725 ], [ -3.787127651420008, 40.996774399818662 ], [ -3.773485072677943, 41.013000800046882 ], [ -3.768472459336522, 41.020623074195498 ], [ -3.762529670008291, 41.028064480291505 ], [ -3.752762823945204, 41.04302480684936 ], [ -3.743021816303781, 41.051758124138075 ], [ -3.727906460115037, 41.061990058194624 ], [ -3.684911668138966, 41.084701850110264 ], [ -3.665429652856176, 41.099972235929897 ], [ -3.647627122393772, 41.117413032085722 ], [ -3.641477626591211, 41.124621894185054 ], [ -3.633829514920194, 41.131959947493556 ], [ -3.623881801703817, 41.139401354488882 ], [ -3.592204149401994, 41.154077460206622 ], [ -3.545772874318686, 41.161751410299303 ], [ -3.54161292169897, 41.14420726225535 ], [ -3.503863287960371, 41.115681871321272 ], [ -3.493166265910475, 41.102168483788489 ], [ -3.484045375893402, 41.095011298532597 ], [ -3.476655645741459, 41.090825507491161 ], [ -3.453272061156724, 41.081988837414883 ], [ -3.445753139795556, 41.080386867859659 ], [ -3.436451381725874, 41.077415472745827 ], [ -3.424669154957542, 41.043231513323633 ], [ -3.409786342765528, 41.012199815269241 ], [ -3.409450445981292, 40.998479723060768 ], [ -3.412266812363498, 40.989177964991086 ], [ -3.420147467131926, 40.976207179817493 ], [ -3.423532274295042, 40.968559068146476 ], [ -3.427924770911432, 40.961324368524743 ], [ -3.436373867360089, 40.938431708556493 ], [ -3.44004289356468, 40.93083527282954 ], [ -3.444874639752811, 40.923497219521039 ], [ -3.448156094128478, 40.914014594298067 ], [ -3.451644253179722, 40.907038276195465 ], [ -3.452651942633054, 40.899105942785013 ], [ -3.447742682079138, 40.89073436070214 ], [ -3.447380946873182, 40.880450750701584 ], [ -3.451489224448153, 40.875128078997648 ], [ -3.457173631357989, 40.871097316687781 ], [ -3.461462775186931, 40.869521186453596 ], [ -3.466113654221772, 40.86665314412727 ], [ -3.469782681325682, 40.863009955445079 ], [ -3.472366501912518, 40.858152370835228 ], [ -3.478154263408555, 40.82908437844128 ], [ -3.480040452005255, 40.823167425736074 ], [ -3.485208095876942, 40.812909654157181 ], [ -3.491383429201903, 40.803711248875004 ], [ -3.494716558622315, 40.799577135576328 ], [ -3.49843726167029, 40.796218166834933 ], [ -3.49843726167029, 40.792549139730966 ], [ -3.495879278605855, 40.789035143157321 ], [ -3.488747930872307, 40.78552114478498 ], [ -3.45991248157577, 40.778803209100772 ], [ -3.452884486629785, 40.772343654935696 ], [ -3.446373257419907, 40.761439928210109 ], [ -3.444021979031106, 40.751414699728571 ], [ -3.442962611835071, 40.737901313095108 ], [ -3.439422776839706, 40.730873318149065 ], [ -3.43965532083638, 40.723199368056385 ], [ -3.443117642365337, 40.716869005100477 ], [ -3.455209926596865, 40.703769028717659 ], [ -3.458801439334991, 40.694958197962421 ], [ -3.455054896965919, 40.68898957021247 ], [ -3.448750373331052, 40.683046779984863 ], [ -3.442109951113366, 40.678189195375069 ], [ -3.43430680981146, 40.675476183579008 ], [ -3.41882971841676, 40.678395900950022 ], [ -3.404644538214882, 40.677310696231643 ], [ -3.399606085552421, 40.68128978079875 ], [ -3.396350469598531, 40.686405747826996 ], [ -3.389193285241902, 40.686405747826996 ], [ -3.380744187893981, 40.678189195375069 ], [ -3.366765713267057, 40.658913886566609 ], [ -3.35547441201453, 40.649715481284431 ], [ -3.344932419595523, 40.644392809580495 ], [ -3.337025926405374, 40.643255927119299 ], [ -3.329842901828442, 40.645736395818005 ], [ -3.324649421333731, 40.64832021730416 ], [ -3.318164027847615, 40.646253159755474 ], [ -3.324132655597566, 40.624936631820106 ], [ -3.325817243581182, 40.6 ], [ -4.285010428149688, 40.6 ], [ -4.286683721676411, 40.605377102171531 ] ] ] ] } },
{ "type": "Feature", "properties": { "name": "Segovia", "admin": "Spain", "region": "Castilla y León" }, "geometry": { "type": "Polygon", "coordinates": [ [ [ -4.185224006182921, 40.695715435219142 ], [ -4.245846566965497, 40.700802105033119 ], [ -4.261018686563148, 40.698857525254539 ], [ -4.276278696904342, 40.692661235927289 ], [ -4.299349987411972, 40.69623179266307 ], [ -4.318488171192143, 40.6823560592847 ], [ -4.321926891812609, 40.657878519577991 ], [ -4.34388856280691, 40.646892191021777 ], [ -4.419540420953695, 40.633368020617638 ], [ -4.444578264375423, 40.751427106775509 ], [ -4.452949846458239, 40.763676863196679 ], [ -4.475098285057811, 40.783078719207481 ], [ -4.480338763223358, 40.797481796147963 ], [ -4.483151263420098, 40.816059678011698 ], [ -4.487446918340595, 40.824046738765958 ], [ -4.495247211489641, 40.830990098514235 ], [ -4.510814838533975, 40.832890732920987 ], [ -4.5466742151429, 40.824046738765958 ], [ -4.559780904964782, 40.830638535539947 ], [ -4.561033346711611, 40.841086534416036 ], [ -4.548069479123171, 40.863652452698489 ], [ -4.545542623393374, 40.875726427632515 ], [ -4.56004457719547, 40.914299427576509 ], [ -4.563648093184952, 40.946302602982712 ], [ -4.568328268534799, 40.953454702572458 ], [ -4.574898093072534, 40.957168081541681 ], [ -4.590575583995985, 40.961408804073017 ], [ -4.601836570901014, 40.967649038772095 ], [ -4.611163964145646, 40.976767691275882 ], [ -4.631543603554462, 41.016098747758974 ], [ -4.642650781208602, 41.029018669975642 ], [ -4.6994501000421, 41.068020136619964 ], [ -4.713853176982525, 41.090564082666276 ], [ -4.701515529817868, 41.154998899279747 ], [ -4.650495019729362, 41.199943970038191 ], [ -4.650835595686203, 41.221554078058205 ], [ -4.579138815603869, 41.278847781200113 ], [ -4.606989159222337, 41.298018924233929 ], [ -4.596958640928563, 41.320738651767329 ], [ -4.557506735347545, 41.302545292131526 ], [ -4.53416078739042, 41.319376347040759 ], [ -4.471362932953014, 41.291569949693383 ], [ -4.470330218065101, 41.30263318287507 ], [ -4.472285784861072, 41.309181034277287 ], [ -4.49223695756956, 41.334306767543239 ], [ -4.49555482819278, 41.341063359686302 ], [ -4.496071185636708, 41.363980840943043 ], [ -4.514934711967385, 41.409618049733183 ], [ -4.486458148824511, 41.408947883937685 ], [ -4.407532364527015, 41.441873910352683 ], [ -4.364960341146855, 41.438786752706449 ], [ -4.324212048447293, 41.450959604502145 ], [ -4.252372446131517, 41.4520472508799 ], [ -4.166250616872503, 41.477535533238267 ], [ -4.13375305715789, 41.479963511207075 ], [ -4.014946899679671, 41.513911267291121 ], [ -3.999148559658295, 41.527699109026628 ], [ -3.991458129489104, 41.540234509914683 ], [ -3.980614623166332, 41.583245986113354 ], [ -3.889010615747338, 41.547100965037487 ], [ -3.835803826785195, 41.499870738543734 ], [ -3.834089959084338, 41.499519176468823 ], [ -3.786046744561645, 41.50210096368852 ], [ -3.769918814701555, 41.460067270887805 ], [ -3.729093617376577, 41.457650278137805 ], [ -3.729566029448733, 41.504957409257031 ], [ -3.72722594132415, 41.514076061760818 ], [ -3.719952992636536, 41.521590710442922 ], [ -3.697409045690904, 41.53104993980287 ], [ -3.690861194288686, 41.535850965149905 ], [ -3.678611437867573, 41.55427503776275 ], [ -3.672766711514555, 41.559240858478802 ], [ -3.647542100487556, 41.570161269427047 ], [ -3.623317245994144, 41.573610976165583 ], [ -3.572944930364258, 41.565415174670534 ], [ -3.541732770750798, 41.577774794970765 ], [ -3.536536237057703, 41.556768934238903 ], [ -3.53187803394411, 41.548078748435444 ], [ -3.523550397233066, 41.540662976615067 ], [ -3.482780131397931, 41.522777233682348 ], [ -3.475056742874415, 41.523623180964989 ], [ -3.456544779517969, 41.530357800871798 ], [ -3.449282816049106, 41.529621716568954 ], [ -3.437373635584834, 41.524633923616648 ], [ -3.427145363567661, 41.516888561957558 ], [ -3.424365822624623, 41.512230358843965 ], [ -3.421278664079068, 41.48873060163595 ], [ -3.418872658346515, 41.483589000332074 ], [ -3.41471982655878, 41.479600963014036 ], [ -3.382354102060162, 41.465219858309808 ], [ -3.348472265382725, 41.461110971893788 ], [ -3.340979588936875, 41.457089975322106 ], [ -3.337452977572866, 41.452673471303626 ], [ -3.336914647892684, 41.448015268190034 ], [ -3.345604833696143, 41.405036751245063 ], [ -3.343660253018299, 41.388007941713113 ], [ -3.332629979090257, 41.377054572410543 ], [ -3.19879147015024, 41.301200263381418 ], [ -3.219823778144871, 41.293035386873555 ], [ -3.249175991378934, 41.266628730331604 ], [ -3.279871791749827, 41.26600861270731 ], [ -3.291085577737249, 41.260685940104054 ], [ -3.339764776623156, 41.253554592370506 ], [ -3.389710049179428, 41.255569973075751 ], [ -3.416891852077299, 41.264096584789513 ], [ -3.419759894403626, 41.261202704041523 ], [ -3.416400925662174, 41.256396796275112 ], [ -3.411104092379958, 41.250609036577771 ], [ -3.406530727710901, 41.244046128725813 ], [ -3.406194830926722, 41.237173163410716 ], [ -3.408752813991157, 41.221799424803578 ], [ -3.411310797954968, 41.213608709874052 ], [ -3.41921729204438, 41.210714830025381 ], [ -3.442109951113366, 41.206529038983945 ], [ -3.519624600195129, 41.162216498292764 ], [ -3.527918667012898, 41.160046087956573 ], [ -3.545772874318686, 41.161751410299303 ], [ -3.592204149401994, 41.154077460206622 ], [ -3.623881801703817, 41.139401354488882 ], [ -3.633829514920194, 41.131959947493556 ], [ -3.641477626591211, 41.124621894185054 ], [ -3.647627122393772, 41.117413032085722 ], [ -3.665429652856176, 41.099972235929897 ], [ -3.684911668138966, 41.084701850110264 ], [ -3.727906460115037, 41.061990058194624 ], [ -3.743021816303781, 41.051758124138075 ], [ -3.752762823945204, 41.04302480684936 ], [ -3.762529670008291, 41.028064480291505 ], [ -3.768472459336522, 41.020623074195498 ], [ -3.773485072677943, 41.013000800046882 ], [ -3.787127651420008, 40.996774399818662 ], [ -3.79622270301536, 40.991451728114725 ], [ -3.805731166659996, 40.987265937073289 ], [ -3.891875780243083, 40.964838365098444 ], [ -3.902081874978535, 40.958533840564257 ], [ -3.911512824257443, 40.950265611268946 ], [ -3.919884406340316, 40.940240382787408 ], [ -3.934793056954049, 40.926158556272355 ], [ -3.947893032437491, 40.90827851054479 ], [ -3.951071133126277, 40.901379705908653 ], [ -3.953060675409859, 40.894300035018603 ], [ -3.949598353880958, 40.880579941910753 ], [ -3.949908413142737, 40.873086859870682 ], [ -3.952931484200633, 40.865206204202934 ], [ -3.959365199944045, 40.855981961398356 ], [ -3.96365434377293, 40.848023790465561 ], [ -3.965437181380821, 40.840427353839289 ], [ -3.966444870834152, 40.8256478953341 ], [ -3.968615282069607, 40.818284002704559 ], [ -3.975746628903835, 40.80365957293094 ], [ -3.98024247920705, 40.796631577984897 ], [ -3.98409237256493, 40.788725083895486 ], [ -3.990112677158322, 40.78456513127577 ], [ -3.995848760911599, 40.783014838563929 ], [ -4.018741420879905, 40.779371649881739 ], [ -4.027836473374578, 40.779604193878413 ], [ -4.036311408244899, 40.782317206573794 ], [ -4.047473517388937, 40.783970852073139 ], [ -4.0598500233599, 40.784125881704028 ], [ -4.079642096105886, 40.776451930712028 ], [ -4.090106574159051, 40.76913971582519 ], [ -4.128863898250302, 40.725473131180024 ], [ -4.132739630929223, 40.719220283489278 ], [ -4.161290859385645, 40.687310086291404 ], [ -4.185224006182921, 40.695715435219142 ] ] ] } },
{ "type": "Feature", "properties": { "name": "Valladolid", "admin": "Spain", "region": "Castilla y León" }, "geometry": { "type": "MultiPolygon", "coordinates": [ [ [ [ -5.421581475304833, 42.030752106724321 ], [ -5.438390557977868, 41.967251128137036 ], [ -5.484741877935335, 41.984411772884982 ], [ -5.471690119603352, 42.006384429997411 ], [ -5.507714290681974, 42.057514803065658 ], [ -5.52075506289583, 42.096977695664123 ], [ -5.421581475304833, 42.030752106724321 ] ] ], [ [ [ -5.301973315915802, 42.273176432246544 ], [ -5.303192798408929, 42.252082681670402 ], [ -5.319287769914638, 42.244985513570555 ], [ -5.33716252672923, 42.24655655813865 ], [ -5.348357595126913, 42.260970621197202 ], [ -5.348335622890716, 42.278153239080723 ], [ -5.330142262355537, 42.289611979709093 ], [ -5.309224293266539, 42.293171550326747 ], [ -5.301973315915802, 42.273176432246544 ] ] ], [ [ [ -3.991458129489104, 41.540234509914683 ], [ -3.999148559658295, 41.527699109026628 ], [ -4.014946899679671, 41.513911267291121 ], [ -4.13375305715789, 41.479963511207075 ], [ -4.166250616872503, 41.477535533238267 ], [ -4.252372446131517, 41.4520472508799 ], [ -4.324212048447293, 41.450959604502145 ], [ -4.364960341146855, 41.438786752706449 ], [ -4.407532364527015, 41.441873910352683 ], [ -4.486458148824511, 41.408947883937685 ], [ -4.514934711967385, 41.409618049733183 ], [ -4.496071185636708, 41.363980840943043 ], [ -4.49555482819278, 41.341063359686302 ], [ -4.49223695756956, 41.334306767543239 ], [ -4.472285784861072, 41.309181034277287 ], [ -4.470330218065101, 41.30263318287507 ], [ -4.471362932953014, 41.291569949693383 ], [ -4.53416078739042, 41.319376347040759 ], [ -4.557506735347545, 41.302545292131526 ], [ -4.596958640928563, 41.320738651767329 ], [ -4.606989159222337, 41.298018924233929 ], [ -4.579138815603869, 41.278847781200113 ], [ -4.650835595686203, 41.221554078058205 ], [ -4.650495019729362, 41.199943970038191 ], [ -4.701515529817868, 41.154998899279747 ], [ -4.794064361381174, 41.136025509969272 ], [ -4.836680330133163, 41.104033321580516 ], [ -4.856620515824147, 41.097507442414496 ], [ -4.885316805825937, 41.105988888376487 ], [ -4.974734534371294, 41.15532848911846 ], [ -4.998607825890474, 41.160788695042243 ], [ -5.01867984859615, 41.158426633782085 ], [ -5.059900553367868, 41.138519406445425 ], [ -5.09366154094738, 41.143935666997436 ], [ -5.107504315072106, 41.140903439941781 ], [ -5.125104412638564, 41.131993527279462 ], [ -5.174487959651628, 41.165380980547809 ], [ -5.186748702190869, 41.168061644629176 ], [ -5.211182297425069, 41.167863890006515 ], [ -5.222816819540583, 41.170335814246414 ], [ -5.230781907159269, 41.176345335968449 ], [ -5.244086351603869, 41.192517211200311 ], [ -5.253084154110411, 41.196757934630966 ], [ -5.262114915870654, 41.195857055858426 ], [ -5.288778735350377, 41.182091185459797 ], [ -5.325484059241944, 41.177982299043833 ], [ -5.340260671392855, 41.194110228903924 ], [ -5.308268482104779, 41.218181275045765 ], [ -5.296974536845426, 41.233496216876858 ], [ -5.294414721861926, 41.252821169161621 ], [ -5.297842456364265, 41.292778446068382 ], [ -5.302368824261862, 41.305533572916033 ], [ -5.323473560956074, 41.332757695211455 ], [ -5.327890064974554, 41.343546270044328 ], [ -5.328999684487883, 41.357268194171809 ], [ -5.321232350592538, 41.411375862805812 ], [ -5.326286061152814, 41.417187630804506 ], [ -5.333372243134534, 41.422131478384983 ], [ -5.339337819484797, 41.433194710667351 ], [ -5.341216481655295, 41.449498422913848 ], [ -5.338623708317471, 41.466010874102551 ], [ -5.331460621710335, 41.480908336250707 ], [ -5.319683278260698, 41.492301158371731 ], [ -5.306499683813342, 41.498090954134227 ], [ -5.264389086387212, 41.503397350807063 ], [ -5.254578294952353, 41.507297497381558 ], [ -5.228727463501627, 41.528358288704055 ], [ -5.289800464120106, 41.563009168937981 ], [ -5.294436694997501, 41.572534315905955 ], [ -5.290097094705175, 41.580543349795732 ], [ -5.282868090490012, 41.588343642944722 ], [ -5.27885808093572, 41.59724256858965 ], [ -5.282923022879231, 41.604702285781855 ], [ -5.313992359359929, 41.614238418867899 ], [ -5.322979176647721, 41.630827775581338 ], [ -5.326923268593987, 41.670268695044228 ], [ -5.337107595239331, 41.686517474901507 ], [ -5.369198660489815, 41.719432515198378 ], [ -5.391215262974015, 41.760993795926936 ], [ -5.279594165238564, 41.813332665370183 ], [ -5.301819507564232, 41.850971826388673 ], [ -5.307905933911741, 41.871153712074147 ], [ -5.305368092063816, 41.893016506206777 ], [ -5.296864673865628, 41.909078518458841 ], [ -5.296699878496611, 41.921372220251726 ], [ -5.304829761484314, 41.944355619116493 ], [ -5.303928882711773, 41.95531997543651 ], [ -5.280549975501003, 41.978929594725003 ], [ -5.376295828589605, 42.041386873205624 ], [ -5.387381034007547, 42.083036044677669 ], [ -5.376878104540879, 42.134265294607644 ], [ -5.387205253419722, 42.195162513738978 ], [ -5.381459403029055, 42.214773109591306 ], [ -5.3611896274993, 42.224979409372224 ], [ -5.352466482442196, 42.22269425273754 ], [ -5.321660817292866, 42.204226234752923 ], [ -5.309224293266539, 42.204094398637551 ], [ -5.286812182436279, 42.216344155058664 ], [ -5.274518481542714, 42.219607094192042 ], [ -5.270025072898818, 42.218947914514615 ], [ -5.267520190304538, 42.217981118134048 ], [ -5.265333910531581, 42.218178871857447 ], [ -5.261741381559546, 42.221068276679603 ], [ -5.259368334181261, 42.224770668631436 ], [ -5.250436449282745, 42.248303385093152 ], [ -5.238164719726058, 42.264343424209642 ], [ -5.229848069133084, 42.269331217161891 ], [ -5.219487961899915, 42.270770426513934 ], [ -5.194801681452418, 42.262080240710532 ], [ -5.170368086218218, 42.267902994827352 ], [ -5.148109784638848, 42.279987955879449 ], [ -5.12397282088898, 42.300246746190339 ], [ -5.112415203398939, 42.306201336422532 ], [ -5.093848308552595, 42.309398357947828 ], [ -5.064009439783831, 42.273714762826046 ], [ -5.041707192832689, 42.267540445734937 ], [ -5.038268472212224, 42.297049724665044 ], [ -5.002233315015474, 42.289150554654327 ], [ -5.019086342160961, 42.23027481992699 ], [ -5.014548989044613, 42.184626624119403 ], [ -5.026952553817296, 42.153952795085388 ], [ -4.927427403252068, 42.150173498508138 ], [ -4.922066075089276, 42.091869052714571 ], [ -4.924043614121501, 42.081443026974114 ], [ -4.927976719949697, 42.071621249421128 ], [ -4.945466955435677, 42.054295809304108 ], [ -4.947444494467845, 42.047033845835301 ], [ -4.941500890353836, 42.02603897212083 ], [ -4.94410465070905, 42.018348541951639 ], [ -4.950256994664585, 42.014107819420303 ], [ -4.95762882111319, 42.010976715502977 ], [ -4.96391300028472, 42.006604156856326 ], [ -4.966692542127134, 42.001989899114506 ], [ -4.971306799868955, 41.986696929519667 ], [ -5.005045814312894, 41.938016507555744 ], [ -4.986808509305263, 41.913385159497466 ], [ -4.94972965020321, 41.933973538747807 ], [ -4.927767980108229, 41.915099026299004 ], [ -4.869089999104176, 41.931578519133325 ], [ -4.838196443211302, 41.898630519582809 ], [ -4.789131499918767, 41.817990868483776 ], [ -4.758589506100861, 41.825868066258238 ], [ -4.728904446582931, 41.852092432020072 ], [ -4.709282863713213, 41.878800196871566 ], [ -4.69341860518449, 41.88968764856611 ], [ -4.675587794641046, 41.896905666663145 ], [ -4.666974512563741, 41.898278957507841 ], [ -4.660130029677134, 41.897378078735301 ], [ -4.645946679595568, 41.891258693134148 ], [ -4.640618310686477, 41.886501613158885 ], [ -4.632642236050344, 41.863287501317132 ], [ -4.572250388244811, 41.815925438708007 ], [ -4.521109029058437, 41.823132469787652 ], [ -4.491951313102618, 41.838568261615933 ], [ -4.493665179904156, 41.780230857468098 ], [ -4.461958635982285, 41.766805563925629 ], [ -4.443457658743966, 41.763256979426046 ], [ -4.435097062779221, 41.764762106386058 ], [ -4.413366104761906, 41.777407370253911 ], [ -4.399743057496096, 41.781032859378911 ], [ -4.312138073513267, 41.771628561508862 ], [ -4.291099254427081, 41.77867079811881 ], [ -4.257305307593867, 41.801357567297885 ], [ -4.240133675828474, 41.804345848082392 ], [ -4.151539922329562, 41.7984242171039 ], [ -4.123041386950433, 41.807356102002473 ], [ -4.099376835272722, 41.77439711633383 ], [ -4.04102844410744, 41.768222800142098 ], [ -4.055794069240903, 41.74077895098776 ], [ -4.031382447142221, 41.701074360193559 ], [ -4.027581177429397, 41.684001605289836 ], [ -4.030382691508009, 41.630619034840549 ], [ -3.992996215702817, 41.608657363846248 ], [ -3.980614623166332, 41.583245986113354 ], [ -3.991458129489104, 41.540234509914683 ] ] ] ] } }
]
}
